CustomerID,Number_of_Orders,Total_Spend,Total_Items_Purchased,Product_Diversity,Days_Since_Last_Purchase,Customer_Lifetime_Days,Average_Order_Value
12346.0,12,77556.46,74285,27,326,400,6463.038333333334
12347.0,8,4921.53,2967,126,2,402,615.19125
12348.0,5,2019.3999999999999,2714,25,75,362,403.88
12349.0,4,4428.69,1624,138,19,570,1107.1725
12350.0,1,334.4,197,17,310,0,334.4
12351.0,1,300.93,261,21,375,0,300.93
12352.0,10,2849.84,724,70,36,356,284.98400000000004
12353.0,2,406.76,212,23,204,204,203.38
12354.0,1,1079.4,530,58,232,0,1079.4
12355.0,2,947.61,543,35,214,353,473.805
12356.0,6,6371.73,3416,104,23,401,1061.955
12357.0,3,18287.66,6587,261,33,355,6095.886666666666
12358.0,5,3887.07,1079,56,2,730,777.414
12359.0,10,8873.39,2739,305,58,676,887.3389999999999
12360.0,8,4252.89,2459,160,52,603,531.61125
12361.0,4,511.25,235,18,287,394,127.8125
12362.0,11,5356.2300000000005,2230,201,3,735,486.93000000000006
12363.0,2,552.0,408,23,110,132,276.0
12364.0,4,1313.1,1506,70,8,104,328.275
12365.0,2,641.38,174,22,291,0,320.69
12366.0,1,500.24,296,3,634,0,500.24
12367.0,1,168.9,173,11,4,0,168.9
12368.0,1,917.7,330,18,628,0,917.7
12369.0,3,1791.15,1241,90,413,228,597.0500000000001
12370.0,7,4316.56,2604,168,51,617,616.6514285714286
12371.0,5,4067.38,1436,134,45,600,813.476
12372.0,3,1298.04,794,34,72,224,432.68
12373.0,3,1127.65,516,36,311,362,375.8833333333334
12374.0,4,2989.2200000000003,1362,79,25,563,747.3050000000001
12375.0,2,457.5,178,14,11,87,228.75
12376.0,2,503.15,240,11,390,28,251.575
12377.0,4,3426.32,2105,129,315,274,856.58
12378.0,2,5416.32,3316,281,130,432,2708.16
12379.0,4,1620.22,815,58,82,452,405.055
12380.0,11,9676.3,3355,156,22,640,879.6636363636363
12381.0,5,1845.31,808,70,5,115,369.062
12383.0,5,1850.56,1532,84,185,167,370.11199999999997
12384.0,2,585.27,126,26,29,92,292.635
12385.0,1,1938.4,612,65,379,0,1938.4
12386.0,2,401.9,354,10,338,29,200.95
12387.0,1,143.94,134,9,415,0,143.94
12388.0,8,3901.11,2001,83,16,566,487.63875
12389.0,3,1433.33,614,41,403,253,477.77666666666664
12390.0,1,549.84,353,32,80,0,549.84
12391.0,6,2724.84,1204,241,22,641,454.14000000000004
12392.0,1,234.75000000000003,73,7,591,0,234.75000000000003
12393.0,6,2399.45,1311,63,72,356,399.9083333333333
12394.0,2,1272.48,819,26,64,153,636.24
12395.0,15,4721.17,3205,145,19,583,314.74466666666666
12396.0,1,931.43,591,65,674,0,931.43
12397.0,2,2409.9,1263,110,36,99,1204.95
12398.0,1,1635.6599999999999,1394,85,46,0,1635.6599999999999
12399.0,7,1962.3,2198,67,119,525,280.3285714285714
12400.0,1,205.25,91,11,414,0,205.25
12401.0,1,84.3,11,5,303,0,84.3
12402.0,6,1256.9,584,43,323,347,209.48333333333335
12403.0,2,1019.36,260,5,50,471,509.68
12404.0,1,63.24,1,1,682,0,63.24
12405.0,1,1710.39,857,54,149,0,1710.39
12406.0,5,6390.36,3416,114,22,675,1278.072
12407.0,5,1708.12,1416,57,50,214,341.62399999999997
12408.0,8,4340.77,2229,104,33,465,542.59625
12409.0,7,23419.29,13143,177,79,486,3345.612857142857
12410.0,3,1013.71,341,36,309,193,337.90333333333336
12411.0,1,346.9,138,22,410,0,346.9
12412.0,6,2596.93,1997,82,75,464,432.82166666666666
12413.0,4,999.45,319,41,67,335,249.8625
12414.0,6,952.41,495,21,217,246,158.73499999999999
12415.0,28,144458.37,91447,498,24,503,5159.2275
12416.0,1,202.56,132,11,657,0,202.56
12417.0,20,6797.41,2884,270,3,730,339.8705
12418.0,4,2021.2,1088,90,113,517,505.3
12419.0,2,503.01,231,23,386,27,251.505
12420.0,1,600.39,345,29,64,0,600.39
12421.0,6,1098.6,652,44,16,489,183.1
12422.0,17,5231.8,2596,137,96,625,307.7529411764706
12423.0,10,2622.39,1793,128,1,465,262.239
12424.0,4,3340.0299999999997,2025,78,163,385,835.0074999999999
12425.0,2,1741.41,1147,87,78,370,870.705
12426.0,2,1345.21,584,73,195,468,672.605
12427.0,3,825.8,533,26,22,349,275.26666666666665
12428.0,9,7956.46,3536,258,26,257,884.0511111111111
12429.0,8,6204.41,2890,124,9,537,775.55125
12430.0,1,256.4,117,11,43,0,256.4
12431.0,27,10432.22,4600,244,36,658,386.3785185185185
12432.0,5,5059.32,1801,107,43,129,1011.8639999999999
12433.0,10,16794.14,13534,285,1,476,1679.414
12434.0,3,1103.43,532,62,85,296,367.81
12435.0,6,13925.93,4958,88,80,657,2320.9883333333332
12436.0,1,509.01,211,16,100,0,509.01
12437.0,39,12683.4,8000,273,2,735,325.2153846153846
12438.0,2,2906.85,1180,84,14,125,1453.425
12439.0,2,1142.88,478,69,683,43,571.44
12440.0,2,859.2,331,21,462,255,429.6
12441.0,1,173.55,121,11,367,0,173.55
12442.0,1,172.06,182,12,3,0,172.06
12443.0,1,485.31,182,21,732,0,485.31
12444.0,5,5005.46,1153,138,21,149,1001.092
12445.0,2,434.98,206,24,22,398,217.49
12446.0,1,1002.3100000000001,351,57,58,0,1002.3100000000001
12447.0,1,476.49,190,26,243,0,476.49
12448.0,1,449.45,243,22,44,0,449.45
12449.0,6,4835.89,2282,125,22,416,805.9816666666667
12450.0,5,688.2,442,31,156,318,137.64000000000001
12451.0,8,12669.88,9359,352,11,518,1583.735
12452.0,2,430.57,185,21,17,0,215.285
12453.0,1,707.09,473,43,134,0,707.09
12454.0,5,16679.78,7703,24,56,364,3335.9559999999997
12455.0,10,5879.95,3302,199,73,648,587.995
12456.0,3,3181.04,1633,105,44,210,1060.3466666666666
12457.0,8,2995.91,1094,63,66,368,374.48875
12458.0,4,1777.49,986,71,71,416,444.3725
12459.0,1,454.36,258,23,605,0,454.36
12460.0,1,326.65,170,18,456,0,326.65
12461.0,2,826.88,287,35,94,60,413.44
12462.0,2,1189.59,536,51,19,284,594.795
12463.0,4,1344.78,776,65,53,188,336.195
12464.0,8,1212.05,112,6,10,299,151.50625
12465.0,2,742.1899999999999,479,46,17,152,371.09499999999997
12466.0,1,56.73,1,1,682,0,56.73
12467.0,1,132.8,129,9,423,0,132.8
12468.0,5,3670.74,2201,127,188,495,734.1479999999999
12469.0,2,3070.54,2552,76,523,14,1535.27
12470.0,1,211.95,95,23,690,0,211.95
12471.0,79,39918.19,16858,255,2,730,505.2935443037975
12472.0,19,16249.289999999999,10378,397,32,693,855.2257894736841
12473.0,5,3928.0499999999997,2414,140,29,162,785.6099999999999
12474.0,31,12372.75,7940,369,17,649,399.1209677419355
12475.0,2,1149.6399999999999,771,54,54,356,574.8199999999999
12476.0,23,14083.91,5631,358,16,486,612.3439130434782
12477.0,9,20276.37,6119,295,23,600,2252.93
12478.0,1,680.99,236,36,4,0,680.99
12479.0,1,527.2,385,31,11,0,527.2
12480.0,7,5464.85,2952,177,28,479,780.6928571428572
12481.0,15,12185.51,7158,248,23,584,812.3673333333334
12482.0,29,23691.4,27042,42,576,77,816.944827586207
12483.0,19,5097.18,2160,68,17,660,268.27263157894737
12484.0,12,6354.1,3266,329,33,648,529.5083333333333
12485.0,1,708.1,414,34,529,0,708.1
12486.0,1,1037.28,523,49,432,0,1037.28
12487.0,1,285.3,174,2,731,0,285.3
12488.0,3,1298.66,529,46,10,65,432.8866666666667
12489.0,1,334.93,105,15,336,0,334.93
12490.0,21,9823.64,5906,195,5,733,467.79238095238094
12491.0,1,460.40000000000003,260,25,39,0,460.40000000000003
12492.0,3,715.21,444,38,63,340,238.40333333333334
12493.0,2,433.74,207,20,166,31,216.87
12494.0,9,1815.27,979,83,16,560,201.69666666666666
12495.0,1,357.4,130,17,641,0,357.4
12496.0,2,45.34,30,10,620,0,22.67
12497.0,3,6248.5,5685,41,82,563,2082.8333333333335
12498.0,3,403.70000000000005,159,21,21,36,134.5666666666667
12499.0,1,393.71999999999997,302,27,560,0,393.71999999999997
12500.0,19,5955.21,3377,88,23,650,313.4321052631579
12501.0,1,2169.39,1783,149,337,0,2169.39
12502.0,5,3723.87,820,102,96,214,744.774
12503.0,1,1126.0,561,2,584,0,1126.0
12504.0,4,779.05,458,11,18,578,194.7625
12505.0,1,955.2,324,42,409,0,955.2
12506.0,1,73.5,23,23,233,0,73.5
12507.0,4,1844.06,1256,46,134,450,461.015
12508.0,2,397.88,271,57,26,2,198.94
12509.0,1,176.5,55,7,284,0,176.5
12510.0,9,5178.02,2049,94,143,592,575.3355555555556
12511.0,1,3084.02,1753,190,429,0,3084.02
12512.0,2,132.18,96,31,66,0,66.09
12513.0,1,612.29,462,35,113,0,612.29
12514.0,2,1597.76,840,76,267,374,798.88
12515.0,1,383.7,131,16,353,0,383.7
12516.0,4,2648.62,1952,49,78,521,662.155
12517.0,5,2481.6,1361,232,28,161,496.32
12518.0,5,2056.89,1318,84,1,109,411.378
12519.0,2,716.54,387,34,64,413,358.27
12520.0,5,2634.2599999999998,1439,121,79,194,526.852
12521.0,1,599.68,309,38,143,0,599.68
12522.0,2,192.72,194,11,39,12,96.36
12523.0,23,4352.35,2263,176,19,712,189.2326086956522
12524.0,17,11126.11,7178,157,9,660,654.4770588235294
12525.0,3,973.73,509,56,498,149,324.57666666666665
12526.0,3,1316.66,632,64,1,93,438.8866666666667
12527.0,5,735.51,526,26,82,447,147.102
12528.0,6,1933.48,756,50,9,303,322.24666666666667
12529.0,1,316.48,192,21,528,0,316.48
12530.0,9,3759.26,2713,94,60,582,417.6955555555556
12531.0,2,1933.2,1119,126,15,671,966.6
12532.0,1,349.83000000000004,153,16,30,0,349.83000000000004
12533.0,2,1367.89,704,63,628,110,683.945
12534.0,1,1089.18,651,63,131,0,1089.18
12535.0,2,716.35,219,28,92,94,358.175
12536.0,3,12601.830000000002,2803,260,43,15,4200.610000000001
12537.0,1,732.94,449,43,409,0,732.94
12538.0,2,640.45,336,33,29,349,320.225
12539.0,7,11214.75,4535,276,22,694,1602.107142857143
12540.0,33,22254.49,11019,354,20,712,674.3784848484848
12541.0,3,981.18,680,46,30,251,327.06
12542.0,2,481.88,522,39,484,156,240.94
12543.0,1,980.25,688,43,448,0,980.25
12544.0,1,372.7,136,19,36,0,372.7
12545.0,2,1000.39,523,42,75,184,500.195
12546.0,2,1161.5,633,59,47,31,580.75
12547.0,3,383.58,309,13,198,302,127.86
12548.0,1,95.19999999999999,49,5,166,0,95.19999999999999
12549.0,6,1575.68,1366,38,576,121,262.61333333333334
12550.0,1,964.83,569,57,79,0,964.83
12551.0,1,168.0,100,10,358,0,168.0
12552.0,2,437.82,88,20,39,0,218.91
12553.0,12,4608.75,2325,109,8,415,384.0625
12554.0,1,468.5,240,26,449,0,468.5
12555.0,1,129.23,1,1,682,0,129.23
12556.0,2,599.56,355,100,50,100,299.78
12557.0,8,18096.14,6382,15,16,706,2262.0175
12558.0,1,269.96,196,11,8,0,269.96
12559.0,2,561.71,283,21,311,8,280.855
12560.0,3,2134.0099999999998,1110,91,5,137,711.3366666666666
12561.0,1,238.85,177,16,303,0,238.85
12562.0,9,4966.92,2327,113,8,427,551.88
12563.0,1,249.24,113,13,409,0,249.24
12564.0,1,456.9,133,21,261,0,456.9
12565.0,1,145.92,80,9,289,0,145.92
12566.0,1,351.65,265,19,86,0,351.65
12567.0,15,11767.48,5308,365,23,644,784.4986666666666
12568.0,1,70.0,48,5,645,0,70.0
12569.0,32,4124.69,1801,92,2,250,128.8965625
12570.0,1,77.52,1,1,682,0,77.52
12571.0,2,519.61,523,31,40,81,259.805
12572.0,2,1020.4200000000001,452,53,9,43,510.21000000000004
12573.0,5,717.41,479,107,227,237,143.482
12574.0,1,218.45000000000002,61,11,316,0,218.45000000000002
12575.0,2,622.82,315,34,457,69,311.41
12576.0,8,2142.72,1494,114,36,490,267.84
12577.0,8,1617.1,1191,259,35,700,202.1375
12578.0,4,4642.45,2380,149,21,422,1160.6125
12579.0,1,440.42,285,29,78,0,440.42
12580.0,2,1052.9,569,52,247,329,526.45
12581.0,1,197.71,161,15,40,0,197.71
12582.0,4,1980.4,985,88,239,338,495.1
12583.0,27,13591.58,8535,141,3,730,503.39185185185187
12584.0,9,2338.15,416,44,4,276,259.7944444444445
12585.0,2,2040.1,1279,77,234,117,1020.05
12586.0,4,2062.67,687,82,17,706,515.6675
12587.0,1,144.0,51,4,8,0,144.0
12588.0,4,958.78,438,31,39,558,239.695
12589.0,8,4695.66,1764,121,29,660,586.9575
12590.0,2,9864.26,4283,68,211,0,4932.13
12591.0,3,1338.95,653,63,317,91,446.31666666666666
12592.0,5,2582.66,1875,42,92,427,516.5319999999999
12593.0,3,418.09999999999997,206,14,109,110,139.36666666666665
12594.0,15,5090.11,2768,78,38,608,339.34066666666666
12595.0,1,299.02,271,19,505,0,299.02
12596.0,2,618.27,474,25,51,190,309.135
12597.0,4,3811.22,2236,184,19,248,952.805
12598.0,11,4534.09,2906,130,10,639,412.19
12599.0,13,2296.72,2189,47,29,548,176.67076923076922
12600.0,21,4967.42,1383,53,29,703,236.54380952380953
12601.0,6,681.26,290,24,190,214,113.54333333333334
12602.0,1,153.12,162,12,59,0,153.12
12603.0,1,739.1999999999999,63,2,22,0,739.1999999999999
12604.0,2,254.18,201,15,79,182,127.09
12605.0,4,1232.95,929,63,376,81,308.2375
12606.0,1,21.0,1,1,682,0,21.0
12607.0,1,1579.51,1228,101,60,0,1579.51
12608.0,1,415.79,323,16,405,0,415.79
12609.0,9,3435.86,1553,129,78,641,381.76222222222225
12610.0,5,2099.54,1049,85,23,103,419.908
12611.0,1,1193.32,846,65,52,0,1193.32
12612.0,1,704.04,262,19,74,0,704.04
12613.0,10,6817.37,4157,218,57,668,681.737
12614.0,1,315.6,76,20,278,0,315.6
12615.0,8,5740.98,3317,198,2,629,717.6225
12616.0,3,1131.1,498,32,95,293,377.0333333333333
12617.0,1,352.98,210,39,29,0,352.98
12618.0,1,177.31,96,11,22,0,177.31
12619.0,10,3781.38,3518,55,16,544,378.13800000000003
12620.0,3,1339.41,1181,89,15,189,446.47
12621.0,35,24311.2,13706,344,2,666,694.6057142857143
12622.0,1,180.1,69,11,232,0,180.1
12623.0,7,3747.84,1971,112,276,420,535.4057142857143
12624.0,2,641.13,355,36,106,71,320.565
12625.0,4,5164.88,3309,144,212,384,1291.22
12626.0,9,6620.48,3453,232,23,303,735.6088888888888
12627.0,7,4478.53,2752,162,11,129,639.79
12628.0,3,786.46,448,34,4,60,262.15333333333336
12629.0,2,1558.22,722,40,386,37,779.11
12630.0,2,1270.88,548,60,10,34,635.44
12631.0,6,3481.57,1607,131,57,635,580.2616666666667
12632.0,2,804.88,694,32,521,44,402.44
12633.0,7,5678.16,3238,220,59,466,811.1657142857142
12634.0,2,490.0,337,20,536,12,245.0
12635.0,4,2930.41,1949,159,90,367,732.6025
12636.0,1,141.0,1,1,739,0,141.0
12637.0,12,8283.81,4257,295,67,476,690.3175
12638.0,2,921.49,663,47,33,606,460.745
12639.0,3,1312.3700000000001,631,58,239,389,437.4566666666667
12640.0,3,1174.58,311,47,24,57,391.52666666666664
12641.0,1,185.9,72,10,115,0,185.9
12642.0,3,1013.26,552,39,25,82,337.75333333333333
12643.0,12,8304.82,4665,14,128,482,692.0683333333333
12644.0,4,1918.49,1032,106,130,564,479.6225
12645.0,8,3539.3,2125,111,34,635,442.4125
12646.0,2,1346.97,897,43,5,44,673.485
12647.0,36,16955.55,6633,240,22,672,470.98749999999995
12648.0,4,1112.0,518,38,155,546,278.0
12649.0,8,2294.65,1959,94,107,588,286.83125
12650.0,1,314.44,254,20,3,0,314.44
12651.0,4,377.75,265,30,335,130,94.4375
12652.0,2,1017.03,536,51,331,102,508.515
12653.0,3,4160.83,1681,76,149,378,1386.9433333333334
12654.0,5,601.98,264,31,11,284,120.396
12655.0,1,261.35,80,16,424,0,261.35
12656.0,8,6407.83,2860,174,17,545,800.97875
12657.0,4,1643.18,1044,35,11,67,410.795
12658.0,1,686.05,320,36,19,0,686.05
12659.0,1,91.68,105,5,30,0,91.68
12660.0,1,245.1,127,13,11,0,245.1
12661.0,1,162.0,216,11,436,0,162.0
12662.0,20,6726.54,3424,163,1,617,336.327
12663.0,2,239.4,181,9,625,43,119.7
12664.0,11,6070.04,1495,10,8,718,551.8218181818182
12665.0,3,313.6,165,13,325,344,104.53333333333335
12666.0,1,1248.42,370,31,394,0,1248.42
12667.0,1,620.13,395,33,58,0,620.13
12668.0,10,11383.03,5049,263,12,665,1138.303
12669.0,3,2744.0299999999997,1115,98,151,105,914.6766666666666
12670.0,7,3760.29,1627,71,10,656,537.1842857142857
12671.0,1,2622.481,1460,45,606,0,2622.481
12672.0,2,437.05,138,22,330,265,218.525
12673.0,3,1230.02,700,68,5,396,410.00666666666666
12674.0,4,1970.6,1133,52,39,169,492.65
12675.0,2,957.25,336,111,554,24,478.625
12676.0,11,2843.09,1867,67,25,458,258.4627272727273
12677.0,2,395.1,176,13,555,111,197.55
12678.0,21,34281.18,22372,199,42,658,1632.4371428571428
12679.0,4,1113.02,554,43,59,225,278.255
12680.0,4,880.81,444,33,1,112,220.2025
12681.0,45,29834.76,17011,459,15,711,662.9946666666666
12682.0,52,22950.22,10522,327,4,735,441.35038461538466
12683.0,21,11633.7,7019,236,4,722,553.9857142857143
12684.0,7,2283.63,1985,61,8,205,326.23285714285714
12685.0,6,2863.08,1523,117,28,65,477.18
12686.0,1,89.14,107,7,372,0,89.14
12687.0,2,2138.91,1403,126,481,0,1069.455
12688.0,1,4873.8099999999995,3028,171,114,0,4873.8099999999995
12689.0,2,1247.61,628,57,26,101,623.805
12690.0,1,389.01,106,16,206,0,389.01
12691.0,7,1170.4,445,24,28,392,167.20000000000002
12692.0,1,110.95,36,13,637,0,110.95
12693.0,7,1703.02,536,63,127,395,243.28857142857143
12694.0,3,1843.35,1355,69,70,350,614.4499999999999
12695.0,7,1407.1200000000001,454,46,7,658,201.0171428571429
12696.0,2,851.91,564,43,435,74,425.955
12697.0,3,957.59,508,37,29,140,319.19666666666666
12698.0,1,339.75,111,16,590,0,339.75
12699.0,1,638.11,373,41,418,0,638.11
12700.0,4,4939.99,2967,193,8,207,1234.9975
12701.0,6,2446.41,1727,118,80,553,407.73499999999996
12702.0,1,219.0,53,12,20,0,219.0
12703.0,4,1006.53,595,56,71,613,251.6325
12704.0,8,2340.84,1006,64,7,162,292.605
12705.0,14,11762.1,7188,320,15,518,840.15
12707.0,1,603.42,256,33,292,0,603.42
12708.0,18,5117.66,2432,130,30,691,284.31444444444446
12709.0,34,30291.76,13772,189,15,715,890.9341176470588
12710.0,3,1149.02,851,75,97,104,383.00666666666666
12711.0,2,1339.05,770,56,612,65,669.525
12712.0,21,6723.03,2205,126,29,701,320.14428571428573
12713.0,1,848.55,508,38,1,0,848.55
12714.0,12,14093.710000000001,8774,436,9,726,1174.4758333333334
12715.0,1,343.36,192,20,106,0,343.36
12716.0,2,1053.49,708,60,4,129,526.745
12717.0,3,1308.91,600,60,151,439,436.30333333333334
12718.0,1,238.25,203,19,71,0,238.25
12719.0,2,644.95,374,34,5,59,322.475
12720.0,30,7787.28,6018,262,3,503,259.57599999999996
12721.0,8,4013.08,2655,183,32,440,501.635
12722.0,4,997.63,566,50,85,65,249.4075
12723.0,5,725.07,434,53,4,61,145.014
12724.0,7,2317.52,1379,94,5,530,331.07428571428574
12725.0,4,2266.76,1142,92,371,213,566.69
12726.0,11,4014.6,4618,63,28,595,364.96363636363634
12727.0,10,5679.53,2832,132,11,644,567.953
12728.0,5,1070.17,543,48,71,312,214.03400000000002
12729.0,1,453.01,233,26,114,0,453.01
12730.0,1,829.25,234,47,522,0,829.25
12731.0,17,25775.71,11641,137,24,624,1516.2182352941177
12732.0,1,236.26000000000002,111,12,180,0,236.26000000000002
12733.0,4,2424.87,896,117,234,455,606.2175
12734.0,3,639.65,265,17,353,39,213.21666666666667
12735.0,2,779.5699999999999,368,38,315,21,389.78499999999997
12736.0,1,234.0,173,4,333,0,234.0
12737.0,2,3710.5,2,2,499,0,1855.25
12738.0,1,155.35,148,11,372,0,155.35
12739.0,4,2726.73,951,85,78,315,681.6825
12740.0,1,427.6,342,27,64,0,427.6
12741.0,2,406.07,214,16,529,3,203.035
12742.0,1,1201.52,1359,67,626,0,1201.52
12743.0,2,540.13,315,114,134,0,270.065
12744.0,11,25317.06,6994,245,52,539,2301.550909090909
12745.0,3,925.41,468,21,487,195,308.46999999999997
12746.0,1,254.55,97,17,541,0,254.55
12747.0,26,8898.48,2640,85,2,730,342.24923076923073
12748.0,336,53539.64,37109,2286,1,734,159.34416666666667
12749.0,9,6897.36,2360,260,4,517,766.3733333333333
12750.0,1,275.88,137,15,129,0,275.88
12751.0,1,268.27,189,61,445,0,268.27
12752.0,1,4366.78,2262,53,81,0,4366.78
12753.0,6,21429.39,11421,132,23,339,3571.565
12754.0,3,3010.74,6481,49,236,72,1003.5799999999999
12755.0,11,5236.26,2293,34,281,413,476.0236363636364
12756.0,1,112.08,144,4,87,0,112.08
12757.0,13,7834.650000000001,2395,237,16,195,602.6653846153847
12758.0,7,9903.24,6155,187,117,621,1414.7485714285715
12759.0,8,5020.74,3202,206,52,683,627.5925
12760.0,1,347.8,198,21,456,0,347.8
12761.0,2,782.95,281,27,458,7,391.475
12762.0,2,1898.52,1227,62,8,17,949.26
12763.0,2,494.08,316,16,138,230,247.04
12764.0,1,1693.88,386,45,317,0,1693.88
12765.0,6,1404.58,1009,49,472,169,234.09666666666666
12766.0,9,8918.99,5022,253,4,403,990.9988888888888
12767.0,1,949.82,598,43,376,0,949.82
12768.0,1,168.69,102,10,451,0,168.69
12769.0,1,1143.6,356,32,239,0,1143.6
12770.0,2,3246.45,1843,19,211,245,1623.225
12771.0,1,282.3,104,15,486,0,282.3
12772.0,1,892.47,556,55,60,0,892.47
12773.0,1,124.25,109,6,564,0,124.25
12774.0,1,98.7,53,6,536,0,98.7
12775.0,7,1686.1200000000001,1083,55,17,392,240.87428571428572
12776.0,1,55.5,46,4,668,0,55.5
12777.0,1,519.45,458,26,458,0,519.45
12778.0,9,1775.6799999999998,1735,77,20,583,197.29777777777775
12779.0,14,6474.11,3501,142,38,699,462.43642857142856
12780.0,1,337.4,285,20,599,0,337.4
12781.0,2,826.74,671,25,64,221,413.37
12782.0,11,4618.24,2017,142,5,514,419.84
12783.0,6,2225.91,624,76,2,73,370.98499999999996
12784.0,3,1763.15,862,121,9,520,587.7166666666667
12785.0,3,1100.4,453,42,364,366,366.8
12786.0,1,728.5,324,18,610,0,728.5
12787.0,4,862.18,510,30,10,403,215.545
12788.0,4,444.90000000000003,194,20,463,65,111.22500000000001
12789.0,3,273.35,36,5,65,628,91.11666666666667
12790.0,2,591.85,306,36,192,218,295.925
12791.0,6,863.51,353,17,374,250,143.91833333333332
12792.0,2,827.01,394,39,257,278,413.505
12793.0,3,885.53,461,34,335,66,295.1766666666667
12794.0,2,860.41,592,43,53,45,430.205
12795.0,1,430.48,68,14,19,0,430.48
12796.0,1,381.0,182,7,628,0,381.0
12797.0,2,552.08,215,27,366,58,276.04
12798.0,4,8510.93,8455,27,10,411,2127.7325
12799.0,1,219.35,137,15,529,0,219.35
12800.0,3,584.25,284,31,470,206,194.75
12801.0,1,1071.82,505,50,501,0,1071.82
12802.0,7,2416.42,1972,108,187,377,345.20285714285717
12803.0,1,1092.81,872,55,393,0,1092.81
12804.0,2,325.37,270,60,466,34,162.685
12805.0,4,1434.95,593,44,382,293,358.7375
12806.0,4,2878.96,2087,58,435,153,719.74
12807.0,1,330.34999999999997,145,16,383,0,330.34999999999997
12808.0,5,776.7,322,46,37,425,155.34
12809.0,3,1755.94,518,75,178,469,585.3133333333334
12810.0,2,534.99,389,32,535,142,267.495
12811.0,5,1033.9,435,47,261,166,206.78000000000003
12812.0,1,229.64000000000001,164,15,45,0,229.64000000000001
12813.0,3,1687.8,1141,37,502,191,562.6
12814.0,1,125.92,49,2,102,0,125.92
12815.0,2,1063.46,379,38,148,50,531.73
12816.0,2,572.2,128,27,96,80,286.1
12817.0,3,690.98,219,16,281,153,230.32666666666668
12818.0,1,1542.08,929,14,262,0,1542.08
12819.0,1,540.52,344,19,458,0,540.52
12820.0,11,2689.52,1964,131,3,731,244.50181818181818
12821.0,2,220.8,162,13,214,397,110.4
12822.0,2,948.88,550,41,71,16,474.44
12823.0,18,6501.5,930,1,75,604,361.19444444444446
12824.0,1,397.12,232,25,60,0,397.12
12825.0,2,518.63,139,20,521,120,259.315
12826.0,12,2800.75,1915,93,3,718,233.39583333333334
12827.0,3,430.15,197,19,6,38,143.38333333333333
12828.0,6,1018.71,494,46,3,127,169.785
12829.0,3,385.3,550,17,337,213,128.43333333333334
12830.0,6,6814.64,9848,13,38,134,1135.7733333333333
12831.0,3,451.11,303,16,262,200,150.37
12832.0,2,383.03000000000003,195,27,32,65,191.51500000000001
12833.0,1,417.38,156,24,145,0,417.38
12834.0,1,312.38,110,18,283,0,312.38
12835.0,41,5996.83,2349,138,428,308,146.2641463414634
12836.0,15,6559.7300000000005,2231,280,59,679,437.31533333333334
12837.0,2,662.66,194,83,173,396,331.33
12838.0,10,2975.91,1606,230,34,559,297.591
12839.0,26,9669.12,6578,156,3,730,371.8892307692308
12840.0,7,4041.97,2258,109,144,530,577.4242857142857
12841.0,40,6958.2,5008,307,5,514,173.95499999999998
12842.0,4,1917.99,887,45,70,667,479.4975
12843.0,30,6583.36,3028,130,66,661,219.4453333333333
12844.0,4,648.6,223,88,29,564,162.15
12845.0,4,354.09000000000003,204,26,267,22,88.52250000000001
12846.0,1,15.58,1,1,682,0,15.58
12847.0,2,1609.0,1497,100,22,365,804.5
12848.0,1,208.0,58,16,676,0,208.0
12849.0,6,3042.4700000000003,1855,123,31,559,507.0783333333334
12850.0,1,330.0,200,2,446,0,330.0
12851.0,2,280.76,157,71,97,380,140.38
12852.0,1,311.55,149,17,295,0,311.55
12853.0,11,3907.5,1668,111,135,537,355.22727272727275
12854.0,7,2970.9700000000003,1630,188,79,649,424.42428571428576
12855.0,4,612.84,240,65,373,29,153.21
12856.0,6,2170.78,1076,155,8,55,361.7966666666667
12857.0,6,3688.0,1420,71,211,472,614.6666666666666
12858.0,1,147.27,51,36,383,0,147.27
12859.0,1,575.1,292,21,459,0,575.1
12860.0,1,54.22,26,16,693,0,54.22
12861.0,1,68.25,27,4,620,0,68.25
12862.0,2,984.62,611,119,426,69,492.31
12863.0,6,2792.55,895,24,52,537,465.425
12864.0,2,299.57,447,5,138,369,149.785
12865.0,4,3323.47,1973,156,26,450,830.8675
12866.0,3,1227.35,553,58,283,219,409.1166666666666
12867.0,13,7829.26,7876,365,26,696,602.2507692307693
12868.0,8,2043.76,1170,86,186,207,255.47
12869.0,1,337.66999999999996,144,35,682,0,337.66999999999996
12870.0,3,1676.95,906,85,375,248,558.9833333333333
12871.0,3,744.02,484,13,84,355,248.00666666666666
12872.0,12,3283.96,1642,217,327,409,273.66333333333336
12873.0,3,2027.3,786,33,282,399,675.7666666666667
12874.0,2,948.42,623,44,385,169,474.21
12875.0,5,1356.9900000000002,5187,2,143,554,271.398
12876.0,4,4081.79,3047,117,58,532,1020.4475
12877.0,20,2942.14,2237,149,4,687,147.107
12878.0,2,854.99,547,38,236,29,427.495
12879.0,3,573.22,370,7,45,47,191.07333333333335
12880.0,2,640.13,279,32,382,192,320.065
12881.0,1,298.0,21,7,276,0,298.0
12882.0,2,1463.04,246,12,9,24,731.52
12883.0,4,703.47,196,39,25,64,175.8675
12884.0,1,309.05,43,7,88,0,309.05
12885.0,3,1175.22,655,66,63,60,391.74
12886.0,2,1378.4,770,75,68,151,689.2
12887.0,1,222.4,100,13,384,0,222.4
12888.0,2,354.12,76,4,214,41,177.06
12889.0,4,385.46000000000004,124,25,381,121,96.36500000000001
12890.0,2,706.02,457,124,24,363,353.01
12891.0,11,840.5,2325,2,186,473,76.4090909090909
12892.0,1,263.38,140,18,397,0,263.38
12893.0,1,176.55,90,27,31,0,176.55
12894.0,1,157.35,33,21,575,0,157.35
12895.0,2,372.8,210,22,42,44,186.4
12897.0,4,514.25,249,10,205,339,128.5625
12898.0,2,296.21,235,27,464,195,148.105
12899.0,1,366.4,108,17,414,0,366.4
12900.0,1,340.33000000000004,139,13,422,0,340.33000000000004
12901.0,28,17654.54,23075,30,9,261,630.5192857142857
12902.0,1,138.68,66,10,265,0,138.68
12903.0,1,833.5300000000001,493,41,429,0,833.5300000000001
12904.0,2,496.06,294,59,18,154,248.03
12905.0,2,1018.42,532,52,577,105,509.21
12906.0,5,2919.81,1749,55,12,66,583.962
12907.0,2,508.91,177,23,396,98,254.455
12908.0,5,1776.0,3000,1,176,453,355.2
12909.0,8,3103.19,1948,120,40,614,387.89875
12910.0,13,5796.52,3632,75,23,598,445.8861538461539
12911.0,1,1651.72,807,220,552,0,1651.72
12912.0,5,1662.3,670,17,3,37,332.46
12913.0,13,6283.24,3086,52,5,733,483.32615384615383
12914.0,1,223.98,336,9,401,0,223.98
12915.0,4,975.1,411,46,149,440,243.775
12916.0,7,4479.73,1681,82,139,545,639.9614285714285
12917.0,6,4359.2,1104,45,128,602,726.5333333333333
12918.0,1,10953.5,1,1,626,0,10953.5
12919.0,6,1335.19,673,34,8,161,222.53166666666667
12920.0,4,486.64,420,59,17,707,121.66
12921.0,74,35233.24,21328,322,9,729,476.12486486486483
12922.0,1,405.38,370,28,161,0,405.38
12923.0,3,770.42,230,54,64,511,256.8066666666667
12924.0,12,2469.4,1423,56,88,642,205.78333333333333
12925.0,3,729.3299999999999,649,46,5,588,243.10999999999999
12926.0,4,1523.97,754,202,411,314,380.9925
12927.0,1,197.31,145,11,395,0,197.31
12928.0,12,4304.89,2899,94,35,514,358.74083333333334
12929.0,1,117.85,37,8,312,0,117.85
12930.0,2,415.8,252,20,78,93,207.9
12931.0,57,92347.34,62906,37,22,717,1620.1287719298246
12932.0,8,1698.56,1609,69,539,128,212.32
12933.0,8,1636.6299999999999,949,227,24,704,204.57874999999999
12934.0,1,181.65,31,2,737,0,181.65
12935.0,15,4243.86,3201,113,2,605,282.924
12936.0,4,1063.9,559,56,17,61,265.975
12937.0,9,3097.61,1983,128,15,720,344.1788888888889
12938.0,1,114.14,140,9,26,0,114.14
12939.0,20,25264.8,10328,24,64,632,1263.24
12940.0,2,899.69,404,87,55,33,449.845
12941.0,1,377.49,381,27,724,0,377.49
12942.0,3,675.6,198,68,131,234,225.20000000000002
12943.0,2,496.5,222,22,558,47,248.25
12944.0,2,604.51,289,29,36,319,302.255
12945.0,2,900.11,446,47,288,367,450.055
12946.0,1,324.45,149,20,437,0,324.45
12947.0,6,1603.99,1165,83,144,229,267.33166666666665
12948.0,9,2317.43,1304,89,16,721,257.4922222222222
12949.0,22,15526.7,8233,347,31,705,705.7590909090909
12950.0,3,1843.0,1380,13,2,21,614.3333333333334
12951.0,15,3213.7200000000003,1662,110,9,689,214.24800000000002
12952.0,4,1387.79,653,64,6,72,346.9475
12953.0,2,828.8100000000001,364,45,10,512,414.40500000000003
12954.0,1,162.45,83,10,639,0,162.45
12955.0,11,4757.16,3664,81,1,266,432.4690909090909
12956.0,4,521.89,340,42,306,417,130.4725
12957.0,13,8706.97,4686,402,10,718,669.766923076923
12958.0,2,467.34,118,45,400,182,233.67
12959.0,1,150.95,109,8,484,0,150.95
12960.0,4,1322.0700000000002,1379,49,414,247,330.51750000000004
12961.0,1,211.99,180,37,379,0,211.99
12962.0,2,266.39,129,15,7,106,133.195
12963.0,12,3235.79,1637,129,8,510,269.64916666666664
12964.0,1,132.24,56,26,437,0,132.24
12965.0,1,769.8100000000001,282,108,89,0,769.8100000000001
12966.0,1,160.18,75,10,10,0,160.18
12967.0,3,2938.52,912,47,358,25,979.5066666666667
12968.0,1,135.95,73,5,112,0,135.95
12969.0,1,122.45,55,5,603,0,122.45
12970.0,10,1453.6,954,280,7,728,145.35999999999999
12971.0,116,15704.6,14306,102,4,720,135.3844827586207
12972.0,4,1161.2,844,69,414,247,290.3
12973.0,1,385.55,31,6,414,0,385.55
12974.0,2,408.95,104,27,198,367,204.475
12975.0,6,2100.09,911,92,437,296,350.01500000000004
12976.0,8,3156.38,2684,106,212,453,394.5475
12977.0,4,513.88,128,54,156,355,128.47
12978.0,5,2502.82,1394,126,385,344,500.564
12979.0,1,517.7,520,56,729,0,517.7
12980.0,21,16245.78,1910,7,158,579,773.6085714285715
12981.0,2,372.21999999999997,242,12,30,103,186.10999999999999
12982.0,8,2744.81,1729,139,243,363,343.10125
12983.0,1,490.08,638,30,598,0,490.08
12984.0,1,97.5,26,4,19,0,97.5
12985.0,2,1239.38,1533,73,1,27,619.69
12986.0,10,2729.84,1164,61,429,259,272.98400000000004
12987.0,5,1312.21,585,61,74,615,262.442
12988.0,1,505.82,126,75,292,0,505.82
12989.0,33,13551.75,6935,50,3,726,410.65909090909093
12990.0,7,955.5,480,9,31,588,136.5
12991.0,3,764.82,483,45,23,366,254.94000000000003
12992.0,1,93.35,21,6,725,0,93.35
12993.0,8,1259.6299999999999,751,57,23,636,157.45374999999999
12994.0,3,974.42,459,52,4,264,324.8066666666667
12995.0,1,211.32,108,3,85,0,211.32
12996.0,1,355.5,122,22,376,0,355.5
12997.0,8,2110.91,1186,65,22,590,263.86375
12998.0,3,920.08,1124,58,493,160,306.6933333333333
12999.0,3,455.88,342,25,196,49,151.96
13000.0,4,1032.5,548,57,107,618,258.125
13001.0,33,24042.65,13448,300,4,731,728.5651515151516
13002.0,3,414.13,201,19,318,116,138.04333333333332
13003.0,3,149.05,103,4,106,109,49.68333333333334
13004.0,36,11650.85,8768,417,12,713,323.63472222222225
13005.0,4,999.68,462,41,174,283,249.92
13006.0,1,81.57,55,4,56,0,81.57
13007.0,1,175.25,59,11,580,0,175.25
13008.0,3,612.13,379,31,323,399,204.04333333333332
13009.0,1,234.0,120,4,673,0,234.0
13010.0,2,330.12,323,10,374,274,165.06
13011.0,1,50.550000000000004,13,3,372,0,50.550000000000004
13012.0,11,2957.83,1559,95,9,582,268.89363636363635
13013.0,29,11097.43,5661,289,1,724,382.67
13014.0,11,5381.08,1979,140,11,422,489.1890909090909
13015.0,11,6579.78,3527,260,53,549,598.1618181818181
13016.0,3,789.89,527,39,73,49,263.2966666666667
13017.0,1,204.0,48,1,7,0,204.0
13018.0,35,9763.16,6746,401,16,632,278.9474285714286
13019.0,6,1229.95,397,46,379,353,204.99166666666667
13020.0,2,618.96,278,38,563,97,309.48
13021.0,17,4887.24,2546,166,4,730,287.48470588235296
13022.0,1,65.3,35,5,430,0,65.3
13023.0,3,1449.03,585,69,64,464,483.01
13024.0,2,555.87,181,26,471,111,277.935
13025.0,1,323.39,241,13,732,0,323.39
13026.0,9,1733.08,2466,52,1,725,192.56444444444443
13027.0,19,17239.2,42840,7,114,574,907.3263157894737
13028.0,2,661.3199999999999,798,40,23,22,330.65999999999997
13029.0,5,1927.3,194,13,31,492,385.46
13030.0,2,752.4399999999999,348,76,11,356,376.21999999999997
13031.0,5,3292.84,2309,275,407,147,658.568
13032.0,9,2815.96,1274,147,52,408,312.88444444444445
13033.0,2,220.55,98,12,357,72,110.275
13034.0,3,756.8199999999999,406,42,55,346,252.2733333333333
13035.0,3,1364.2,926,27,74,357,454.73333333333335
13036.0,1,307.1,38,6,685,0,307.1
13037.0,12,3914.95,2130,181,138,597,326.24583333333334
13038.0,3,908.46,360,24,80,210,302.82
13039.0,4,1010.73,290,37,584,138,252.6825
13040.0,2,676.99,355,38,9,24,338.495
13041.0,4,799.13,335,23,451,139,199.7825
13042.0,3,1488.59,812,164,598,133,496.19666666666666
13043.0,1,516.42,254,13,273,0,516.42
13044.0,11,4848.05,2548,356,291,409,440.7318181818182
13045.0,3,808.92,405,41,99,387,269.64
13046.0,3,949.25,505,50,31,425,316.4166666666667
13047.0,24,8428.53,3328,190,32,692,351.18875
13048.0,9,4049.13,2661,125,14,667,449.90333333333336
13049.0,4,1408.24,620,19,64,336,352.06
13050.0,35,11986.52,7015,513,15,709,342.47200000000004
13051.0,2,155.8,72,4,579,40,77.9
13052.0,7,3119.33,1424,161,212,442,445.61857142857144
13053.0,1,127.65,47,17,622,0,127.65
13055.0,4,2321.11,1821,145,78,351,580.2775
13056.0,1,209.48,158,18,551,0,209.48
13057.0,3,709.59,456,34,530,101,236.53
13058.0,3,271.40000000000003,52,5,25,127,90.46666666666668
13059.0,10,2291.77,860,155,250,368,229.177
13060.0,1,307.53000000000003,123,15,254,0,307.53000000000003
13061.0,1,248.61,107,10,72,0,248.61
13062.0,1,346.98,343,11,191,0,346.98
13063.0,1,188.4,116,12,481,0,188.4
13064.0,6,1666.84,668,58,13,579,277.8066666666667
13065.0,5,1055.05,381,49,373,174,211.01
13066.0,2,470.8,322,48,24,7,235.4
13067.0,3,508.51,131,24,82,363,169.50333333333333
13068.0,2,344.0,200,1,10,309,172.0
13069.0,38,9284.45,15171,573,1,542,244.32763157894738
13070.0,4,751.7,372,12,192,539,187.925
13071.0,1,129.22,30,12,612,0,129.22
13072.0,1,177.15,69,7,267,0,177.15
13073.0,2,418.08,261,25,411,26,209.04
13074.0,4,1378.74,826,26,511,212,344.685
13075.0,1,919.61,485,22,130,0,919.61
13076.0,1,135.4,44,9,458,0,135.4
13077.0,11,2740.65,2468,208,1,727,249.15
13078.0,57,29018.06,12032,153,3,735,509.0887719298246
13079.0,6,419.18,158,11,4,413,69.86333333333333
13080.0,4,280.73,193,17,179,430,70.1825
13081.0,28,56838.37,40077,738,12,719,2029.9417857142857
13082.0,21,7335.75,8466,99,126,591,349.32142857142856
13083.0,3,395.43,307,19,4,421,131.81
13084.0,1,122.39999999999999,144,2,492,0,122.39999999999999
13085.0,8,2433.28,944,50,158,581,304.16
13086.0,1,439.33000000000004,155,47,383,0,439.33000000000004
13087.0,1,313.64,86,15,726,0,313.64
13088.0,1,236.11,76,19,417,0,236.11
13089.0,203,113416.91,58932,857,3,734,558.7039901477833
13090.0,24,13091.74,3247,163,9,485,545.4891666666666
13091.0,3,2321.82,1339,41,28,701,773.94
13092.0,12,2140.28,664,52,71,597,178.35666666666668
13093.0,55,54144.25,25971,199,276,460,984.4409090909091
13094.0,13,2209.44,1896,5,21,367,169.9569230769231
13095.0,1,74.39999999999999,144,6,71,0,74.39999999999999
13096.0,1,419.7000000000001,6,1,394,0,419.7000000000001
13097.0,28,13324.1,5345,390,33,705,475.8607142857143
13098.0,28,28882.44,15968,156,1,316,1031.5157142857142
13099.0,1,207.36,288,1,99,0,207.36
13101.0,4,695.4,478,48,234,446,173.85
13102.0,37,11380.1,6366,212,1,580,307.57027027027027
13103.0,3,709.64,426,27,40,537,236.54666666666665
13104.0,9,1709.1,834,15,3,649,189.89999999999998
13105.0,1,72.0,100,1,436,0,72.0
13106.0,2,603.46,231,15,133,280,301.73
13107.0,9,5253.07,4316,142,44,629,583.6744444444444
13108.0,2,748.4599999999999,745,27,373,62,374.22999999999996
13109.0,3,1134.03,757,57,60,491,378.01
13110.0,12,2957.4700000000003,763,167,31,707,246.45583333333335
13111.0,1,321.88000000000005,180,12,719,0,321.88000000000005
13112.0,1,20.599999999999998,11,2,541,0,20.599999999999998
13113.0,37,18230.07,4435,166,1,620,492.7045945945946
13114.0,1,234.38,74,16,731,0,234.38
13115.0,10,5494.7,3934,178,12,587,549.47
13116.0,1,501.14,291,30,138,0,501.14
13117.0,18,2255.66,1852,122,22,601,125.31444444444443
13118.0,9,2415.41,834,111,20,419,268.37888888888887
13119.0,1,134.9,110,11,669,0,134.9
13120.0,1,30.6,12,1,239,0,30.6
13121.0,1,283.73,252,50,269,0,283.73
13122.0,2,922.39,585,54,94,146,461.195
13123.0,2,506.75,268,36,473,56,253.375
13124.0,4,4641.66,2738,216,90,295,1160.415
13125.0,1,148.62,53,20,524,0,148.62
13126.0,13,3774.81,3289,183,5,642,290.37
13127.0,1,259.17,127,15,78,0,259.17
13128.0,1,263.5,31,1,631,0,263.5
13129.0,2,233.25,296,10,452,77,116.625
13130.0,1,64.0,32,2,94,0,64.0
13131.0,7,3313.77,1523,107,23,645,473.3957142857143
13132.0,1,77.3,20,3,262,0,77.3
13133.0,3,200.45,55,12,274,185,66.81666666666666
13134.0,6,2475.23,1364,110,86,330,412.53833333333336
13135.0,2,3371.45,4423,18,197,294,1685.725
13136.0,13,6274.56,3109,204,56,674,482.65846153846155
13137.0,16,7586.94,4238,628,11,491,474.18375
13138.0,7,1274.01,593,41,22,374,182.00142857142856
13139.0,8,8202.98,4614,214,16,421,1025.3725
13140.0,5,1054.92,572,89,108,382,210.984
13141.0,17,7656.08,5159,285,85,645,450.35764705882355
13142.0,1,307.09000000000003,258,23,19,0,307.09000000000003
13143.0,1,405.1,198,23,585,0,405.1
13144.0,2,135.35,29,6,333,98,67.675
13145.0,7,1128.52,265,5,40,560,161.21714285714285
13146.0,1,228.91,154,16,26,0,228.91
13147.0,4,712.8,144,1,10,89,178.2
13148.0,26,8497.82,4487,451,29,702,326.83923076923077
13149.0,4,1676.06,1280,76,14,274,419.015
13150.0,3,449.96999999999997,171,7,484,146,149.98999999999998
13151.0,3,2465.21,813,131,296,332,821.7366666666667
13152.0,7,2146.38,977,114,417,277,306.6257142857143
13153.0,1,486.22,418,15,6,0,486.22
13154.0,3,1624.84,976,78,399,336,541.6133333333333
13155.0,6,1370.48,741,79,33,458,228.41333333333333
13156.0,3,1586.54,914,94,385,290,528.8466666666667
13157.0,9,5687.36,4762,173,49,592,631.9288888888889
13158.0,5,1508.18,992,70,95,293,301.636
13159.0,4,1429.35,1058,114,9,106,357.3375
13160.0,1,91.8,56,4,22,0,91.8
13161.0,2,472.13,105,30,313,187,236.065
13162.0,16,9275.49,5755,186,122,613,579.718125
13163.0,1,17.65,3,2,610,0,17.65
13164.0,2,372.2,120,7,569,98,186.1
13165.0,3,1451.1599999999999,1736,47,46,366,483.71999999999997
13166.0,2,875.93,522,55,283,131,437.965
13167.0,5,1125.15,1007,64,19,371,225.03000000000003
13168.0,5,1840.73,898,127,36,505,368.146
13169.0,3,840.08,296,16,64,498,280.0266666666667
13170.0,1,108.81,141,29,27,0,108.81
13171.0,3,468.41,229,37,22,277,156.13666666666668
13172.0,1,69.6,48,1,400,0,69.6
13173.0,11,2399.82,1481,160,4,725,218.16545454545457
13174.0,12,7995.36,3794,602,16,718,666.28
13175.0,2,831.45,423,40,582,153,415.725
13176.0,1,481.49,448,66,46,0,481.49
13177.0,2,512.2,180,23,65,365,256.1
13178.0,21,14059.19,8778,194,26,697,669.4852380952382
13179.0,1,572.3100000000001,368,34,619,0,572.3100000000001
13180.0,1,86.10000000000001,42,4,607,0,86.10000000000001
13181.0,1,359.69,171,19,381,0,359.69
13182.0,1,121.18,201,11,45,0,121.18
13183.0,15,7036.18,4027,64,8,627,469.07866666666666
13184.0,10,1668.95,1662,138,15,275,166.895
13185.0,1,71.4,12,1,268,0,71.4
13186.0,3,1575.89,820,69,40,89,525.2966666666667
13187.0,4,341.36,296,51,337,287,85.34
13188.0,1,114.6,25,2,11,0,114.6
13189.0,2,260.68,842,29,19,96,130.34
13190.0,3,570.66,308,16,544,188,190.22
13191.0,1,164.69,115,58,658,0,164.69
13192.0,6,2558.58,1629,135,95,591,426.43
13193.0,1,112.08,46,22,61,0,112.08
13194.0,2,472.78,326,10,136,285,236.39
13195.0,1,136.73,70,43,414,0,136.73
13196.0,7,3068.84,2006,141,11,606,438.4057142857143
13197.0,1,373.01000000000005,204,19,610,0,373.01000000000005
13198.0,8,4974.2300000000005,3449,265,10,424,621.7787500000001
13199.0,67,15964.210000000001,11567,61,4,731,238.27179104477614
13200.0,4,870.09,516,42,19,107,217.5225
13201.0,4,1233.06,1036,65,502,140,308.265
13202.0,7,1580.3,572,55,394,336,225.75714285714284
13203.0,10,2648.25,2413,158,10,712,264.825
13204.0,1,966.6600000000001,428,57,731,0,966.6600000000001
13205.0,1,2803.2,256,1,443,0,2803.2
13206.0,13,8308.19,7086,393,400,332,639.0915384615384
13207.0,4,535.86,178,10,15,596,133.965
13208.0,9,1976.3,1343,198,59,677,219.58888888888887
13209.0,13,8509.51,5781,284,30,653,654.5776923076924
13210.0,1,353.48,316,22,94,0,353.48
13211.0,10,2618.77,1845,98,10,722,261.877
13212.0,3,786.83,309,128,20,41,262.2766666666667
13213.0,11,3851.52,2962,181,57,511,350.1381818181818
13214.0,7,3264.23,2966,207,418,228,466.31857142857143
13215.0,1,81.6,96,1,402,0,81.6
13216.0,1,333.74,297,5,268,0,333.74
13217.0,4,666.48,512,3,122,533,166.62
13218.0,1,62.63999999999999,88,5,127,0,62.63999999999999
13219.0,1,76.23,11,11,618,0,76.23
13220.0,5,1336.09,396,46,78,497,267.21799999999996
13221.0,2,847.41,244,62,240,119,423.705
13222.0,1,88.5,30,1,577,0,88.5
13223.0,6,969.12,568,8,200,464,161.52
13224.0,2,2155.95,1518,101,60,91,1077.975
13225.0,16,16260.07,7401,60,3,719,1016.254375
13226.0,2,312.46,179,28,273,120,156.23
13227.0,1,257.7,99,9,202,0,257.7
13228.0,1,358.0,200,2,81,0,358.0
13229.0,1,160.95,63,10,226,0,160.95
13230.0,30,6120.01,3520,653,4,626,204.00033333333334
13232.0,7,1328.35,773,147,13,230,189.7642857142857
13233.0,4,1176.46,1604,74,74,619,294.115
13234.0,2,346.5,159,56,673,59,173.25
13235.0,1,1031.07,441,53,212,0,1031.07
13236.0,2,744.85,416,34,25,82,372.425
13237.0,1,643.0,128,24,388,0,643.0
13238.0,6,1006.63,442,24,17,573,167.77166666666668
13239.0,5,1594.69,1151,86,262,240,318.938
13240.0,8,1475.79,709,160,96,556,184.47375
13241.0,1,112.53,46,40,412,0,112.53
13242.0,7,699.4,350,19,112,555,99.91428571428571
13243.0,5,1220.38,554,165,203,428,244.07600000000002
13244.0,1,121.74000000000001,38,27,93,0,121.74000000000001
13245.0,2,989.22,371,43,51,381,494.61
13246.0,11,3351.75,2796,229,18,507,304.70454545454544
13247.0,4,501.12,328,18,18,64,125.28
13248.0,2,465.68,305,25,125,64,232.84
13249.0,9,1608.9299999999998,1246,21,92,592,178.76999999999998
13250.0,2,253.09,107,17,461,41,126.545
13251.0,1,252.68,215,25,402,0,252.68
13252.0,2,399.3,134,19,394,231,199.65
13253.0,4,2951.11,3015,73,157,546,737.7775
13254.0,1,51.41,43,4,376,0,51.41
13255.0,3,678.76,407,26,9,502,226.25333333333333
13257.0,1,149.75,33,7,436,0,149.75
13258.0,5,1009.43,446,29,12,388,201.886
13259.0,9,1402.54,503,234,62,637,155.83777777777777
13260.0,1,557.62,142,8,61,0,557.62
13261.0,2,944.1,210,8,269,17,472.05
13262.0,3,573.45,247,48,263,337,191.15
13263.0,39,8676.2,5372,507,1,411,222.4666666666667
13264.0,1,722.5600000000001,375,38,443,0,722.5600000000001
13265.0,5,2092.66,1740,66,53,220,418.532
13266.0,19,6135.04,6837,154,11,711,322.89684210526315
13267.0,36,9429.81,3959,152,3,729,261.93916666666667
13268.0,11,3174.75,3624,257,18,249,288.6136363636364
13269.0,28,8537.32,6366,238,1,736,304.9042857142857
13270.0,1,590.0,200,1,366,0,590.0
13271.0,1,211.49,240,79,37,0,211.49
13272.0,2,276.56,96,15,31,58,138.28
13273.0,1,138.98,153,16,113,0,138.98
13274.0,1,360.85,199,19,409,0,360.85
13275.0,2,238.86,138,48,384,248,119.43
13276.0,5,1891.91,840,209,64,578,378.382
13277.0,7,523.3,382,10,16,524,74.75714285714285
13278.0,4,1435.85,1358,80,41,569,358.9625
13279.0,1,137.75,73,9,78,0,137.75
13280.0,7,2293.33,1489,159,122,522,327.61857142857144
13281.0,1,350.85,201,22,439,0,350.85
13282.0,4,1313.19,410,42,18,388,328.2975
13283.0,4,373.36,204,19,60,580,93.34
13284.0,1,201.19,91,13,331,0,201.19
13285.0,6,3364.59,2457,182,23,600,560.765
13286.0,1,734.91,274,46,600,0,734.91
13287.0,3,781.59,429,46,603,101,260.53000000000003
13288.0,5,927.61,379,7,443,223,185.522
13289.0,1,307.95,119,16,724,0,307.95
13290.0,1,208.63,1,1,438,0,208.63
13291.0,11,3270.79,1600,155,156,510,297.3445454545454
13292.0,5,994.51,530,55,39,487,198.902
13293.0,6,1192.94,555,51,392,276,198.82333333333335
13294.0,3,1689.53,996,93,190,456,563.1766666666666
13295.0,4,1101.97,733,56,360,217,275.4925
13296.0,6,792.51,653,50,137,439,132.085
13297.0,7,4368.62,2694,108,8,534,624.0885714285714
13298.0,1,360.0,96,2,1,0,360.0
13299.0,3,1218.7,416,56,268,260,406.23333333333335
13300.0,3,1285.51,455,44,169,404,428.50333333333333
13301.0,4,618.09,345,75,104,188,154.5225
13302.0,2,159.2,12,3,155,371,79.6
13303.0,1,61.72,26,4,400,0,61.72
13304.0,4,1217.99,716,59,351,318,304.4975
13305.0,16,3616.41,2228,153,4,635,226.025625
13306.0,1,53.65,74,4,430,0,53.65
13307.0,3,273.34,140,15,120,472,91.11333333333333
13308.0,4,1670.3700000000001,1073,65,23,574,417.59250000000003
13309.0,6,1706.37,1914,95,7,385,284.395
13310.0,5,1541.2,816,80,28,374,308.24
13311.0,2,598.57,305,25,4,145,299.285
13312.0,1,124.75,41,5,451,0,124.75
13313.0,12,3445.32,2308,105,22,715,287.11
13314.0,3,775.94,560,55,2,72,258.6466666666667
13315.0,1,310.26000000000005,232,22,689,0,310.26000000000005
13316.0,10,12940.82,19931,115,37,602,1294.0819999999999
13317.0,19,6486.091,3149,222,66,660,341.3732105263158
13318.0,3,640.76,304,14,1,36,213.58666666666667
13319.0,58,21323.22,8974,345,5,727,367.6417241379311
13320.0,6,2211.6,1509,98,78,400,368.59999999999997
13321.0,2,567.36,372,10,72,14,283.68
13322.0,1,199.48000000000002,117,25,17,0,199.48000000000002
13323.0,5,787.85,175,6,3,81,157.57
13324.0,18,10513.47,8448,36,36,527,584.0816666666666
13325.0,1,675.3,240,12,82,0,675.3
13326.0,1,281.76,140,13,432,0,281.76
13327.0,20,9134.48,4203,175,39,682,456.724
13328.0,1,1308.48,680,17,316,0,1308.48
13329.0,8,4808.7699999999995,3311,68,32,703,601.0962499999999
13330.0,6,2796.1,1951,80,93,562,466.01666666666665
13331.0,1,262.4,54,12,402,0,262.4
13332.0,1,350.9,179,21,14,0,350.9
13333.0,3,1015.74,685,54,411,247,338.58
13334.0,5,6201.8,3198,307,82,570,1240.3600000000001
13336.0,1,795.12,559,51,77,0,795.12
13337.0,1,1575.26,980,87,546,0,1575.26
13338.0,4,2445.62,1151,113,158,545,611.405
13339.0,1,860.12,326,54,201,0,860.12
13340.0,12,22100.56,9636,190,45,609,1841.7133333333334
13341.0,1,775.85,301,42,261,0,775.85
13343.0,1,353.43,135,19,178,0,353.43
13344.0,3,2511.69,952,115,68,209,837.23
13345.0,1,389.5,141,20,288,0,389.5
13346.0,6,299.4,180,4,463,133,49.9
13347.0,1,341.35999999999996,205,8,70,0,341.35999999999996
13348.0,1,233.76000000000002,136,14,64,0,233.76000000000002
13349.0,1,247.32,225,16,11,0,247.32
13350.0,2,979.12,287,36,16,63,489.56
13351.0,1,373.94,117,16,66,0,373.94
13352.0,1,397.97999999999996,321,24,60,0,397.97999999999996
13354.0,1,743.53,604,51,71,0,743.53
13355.0,1,674.7,314,32,122,0,674.7
13356.0,1,768.24,325,42,80,0,768.24
13357.0,5,3805.51,2112,284,257,369,761.1020000000001
13358.0,1,439.03,285,29,269,0,439.03
13359.0,2,1043.31,381,52,64,339,521.655
13360.0,4,1553.65,942,58,432,269,388.4125
13361.0,2,1450.5,324,29,472,145,725.25
13362.0,7,5394.07,2481,186,9,415,770.5814285714285
13363.0,3,1723.8600000000001,1146,78,18,392,574.62
13364.0,1,134.96,71,10,71,0,134.96
13365.0,2,2225.37,1247,122,34,184,1112.685
13366.0,1,56.16,144,1,50,0,56.16
13367.0,1,510.2,253,20,432,0,510.2
13368.0,4,1121.5,606,45,257,166,280.375
13369.0,1,308.28000000000003,149,14,366,0,308.28000000000003
13370.0,1,754.87,343,39,372,0,754.87
13371.0,2,2297.66,1019,75,505,127,1148.83
13372.0,1,378.64,159,23,90,0,378.64
13373.0,6,7587.19,4263,292,61,672,1264.5316666666665
13374.0,2,422.8,135,17,415,34,211.4
13375.0,2,1792.23,1124,62,89,356,896.115
13376.0,3,1019.76,493,45,99,135,339.92
13377.0,2,1552.88,748,71,397,249,776.44
13379.0,3,572.56,601,85,26,110,190.85333333333332
13380.0,1,62.4,48,3,433,0,62.4
13381.0,12,8224.37,5125,154,32,706,685.3641666666667
13382.0,5,1387.58,863,74,281,451,277.51599999999996
13383.0,1,305.28000000000003,288,1,544,0,305.28000000000003
13384.0,11,6680.83,4142,192,31,469,607.3481818181818
13385.0,1,534.57,281,35,330,0,534.57
13386.0,2,835.46,514,24,414,22,417.73
13387.0,1,186.94,123,71,417,0,186.94
13388.0,3,1185.65,701,68,131,472,395.2166666666667
13389.0,3,797.96,429,50,11,221,265.9866666666667
13390.0,1,544.08,224,13,75,0,544.08
13391.0,1,59.8,4,1,204,0,59.8
13392.0,1,91.14,82,8,677,0,91.14
13393.0,4,1131.45,662,53,584,148,282.8625
13394.0,19,6621.7,5354,254,2,736,348.5105263157895
13395.0,3,1180.23,1660,77,185,236,393.41
13396.0,2,1360.99,600,42,29,290,680.495
13397.0,10,3191.87,1336,68,73,616,319.187
13398.0,2,670.34,341,37,192,256,335.17
13399.0,3,275.4,120,10,464,54,91.8
13400.0,1,310.83,284,23,583,0,310.83
13402.0,4,1226.85,917,55,127,437,306.7125
13403.0,3,229.5,114,9,18,705,76.5
13404.0,2,252.49,111,11,1,211,126.245
13405.0,6,1213.811,855,33,74,650,202.30183333333332
13406.0,2,568.92,292,7,427,204,284.46
13407.0,3,2244.7,1690,85,579,83,748.2333333333332
13408.0,106,50174.782,28675,321,2,733,473.347
13410.0,9,2201.96,1244,25,24,707,244.66222222222223
13411.0,1,213.55,72,17,107,0,213.55
13412.0,1,487.35,176,33,620,0,487.35
13413.0,6,429.44,455,38,640,47,71.57333333333334
13414.0,6,2494.14,2702,48,134,469,415.69
13415.0,4,784.17,496,85,473,255,196.0425
13416.0,3,940.8000000000001,208,16,44,692,313.6
13417.0,6,1669.49,532,57,5,664,278.24833333333333
13418.0,31,11559.66,7354,328,12,716,372.8922580645161
13419.0,1,221.06,275,16,64,0,221.06
13420.0,2,159.85,101,8,150,20,79.925
13421.0,8,4058.75,2351,174,40,622,507.34375
13422.0,1,2626.3,1326,127,64,0,2626.3
13423.0,1,217.03,141,12,429,0,217.03
13424.0,1,572.77,529,40,450,0,572.77
13425.0,5,3390.4300000000003,2358,124,108,471,678.086
13426.0,22,8167.38,4868,162,1,729,371.24454545454546
13427.0,6,1006.53,880,35,19,702,167.755
13428.0,3,478.54,356,122,10,504,159.51333333333335
13429.0,4,1006.8,1390,55,11,64,251.7
13430.0,2,679.4499999999999,751,48,19,67,339.72499999999997
13431.0,8,3316.2400000000002,1570,113,67,592,414.53000000000003
13432.0,2,439.1,217,98,571,40,219.55
13433.0,4,658.32,190,22,501,195,164.58
13434.0,5,1666.8600000000001,864,17,74,581,333.372
13435.0,9,4447.33,2754,96,5,494,494.1477777777778
13436.0,1,196.89,76,12,2,0,196.89
13437.0,7,3408.06,1283,143,14,175,486.86571428571426
13438.0,1,46.5,10,1,547,0,46.5
13439.0,3,986.61,952,132,255,270,328.87
13440.0,7,1295.25,573,49,423,28,185.03571428571428
13441.0,2,720.9,520,33,92,339,360.45
13442.0,3,419.87,115,33,667,70,139.95666666666668
13443.0,6,1273.16,805,176,449,228,212.19333333333336
13444.0,2,619.08,331,51,374,131,309.54
13445.0,1,241.89999999999998,198,7,626,0,241.89999999999998
13446.0,11,3881.89,2403,113,430,233,352.8990909090909
13447.0,3,1129.14,584,55,23,12,376.38000000000005
13448.0,13,8745.93,4195,321,17,717,672.7638461538462
13449.0,1,291.88,222,19,24,0,291.88
13450.0,13,4120.04,4318,57,27,576,316.92615384615385
13451.0,11,7090.06,5229,561,26,601,644.5509090909092
13452.0,3,729.8,6,2,259,213,243.26666666666665
13453.0,3,781.6899999999999,341,33,166,236,260.56333333333333
13454.0,1,219.87,198,23,641,0,219.87
13455.0,6,2212.9900000000002,795,79,25,706,368.8316666666667
13456.0,6,1766.72,765,43,18,189,294.4533333333333
13457.0,2,148.22,96,9,689,48,74.11
13458.0,16,11959.27,6760,290,7,381,747.454375
13459.0,2,1160.4099999999999,986,57,625,57,580.2049999999999
13460.0,2,183.44,286,16,29,20,91.72
13461.0,6,4160.0,3132,30,39,558,693.3333333333334
13462.0,5,1153.8500000000001,697,64,253,473,230.77000000000004
13464.0,6,3097.64,1440,128,58,559,516.2733333333333
13465.0,2,931.12,584,34,446,139,465.56
13466.0,5,1013.35,660,49,184,444,202.67000000000002
13467.0,2,1071.91,580,89,11,25,535.955
13468.0,72,12793.28,5617,290,2,734,177.68444444444447
13469.0,1,82.4,52,6,653,0,82.4
13470.0,2,165.0,100,7,99,15,82.5
13471.0,4,2501.84,1583,214,1,46,625.46
13472.0,2,592.24,310,24,464,91,296.12
13473.0,8,2657.76,1000,65,61,663,332.22
13474.0,3,646.59,318,116,236,258,215.53
13475.0,4,1431.78,1012,64,191,107,357.945
13476.0,5,2061.47,713,86,179,466,412.294
13477.0,11,2819.17,2091,112,38,646,256.28818181818184
13478.0,5,2215.78,1189,114,469,207,443.15600000000006
13479.0,4,851.37,716,45,201,276,212.8425
13480.0,2,627.82,362,40,417,262,313.91
13481.0,11,3830.84,2055,162,46,689,348.2581818181818
13482.0,2,336.09,187,20,232,395,168.045
13483.0,1,140.34,160,10,66,0,140.34
13484.0,3,790.72,224,38,241,398,263.5733333333333
13485.0,11,3019.2200000000003,1798,131,233,503,274.4745454545455
13486.0,3,1122.41,669,69,78,76,374.1366666666667
13487.0,5,846.87,362,31,58,677,169.374
13488.0,23,14205.96,7375,370,17,666,617.6504347826086
13489.0,4,449.52,560,11,105,189,112.38
13490.0,1,154.25,25,8,654,0,154.25
13491.0,27,4467.66,2349,144,52,681,165.46888888888887
13492.0,3,1269.84,408,38,136,78,423.28
13493.0,2,618.63,380,6,275,11,309.315
13494.0,1,316.26000000000005,162,18,312,0,316.26000000000005
13495.0,10,4863.31,2465,59,8,724,486.331
13496.0,2,653.33,341,28,11,349,326.665
13497.0,6,1166.83,525,52,283,386,194.47166666666666
13498.0,1,327.38,362,17,730,0,327.38
13499.0,5,1159.1100000000001,1365,31,18,252,231.82200000000003
13500.0,4,1466.3,838,77,23,378,366.575
13501.0,3,2885.11,1253,90,288,282,961.7033333333334
13502.0,5,780.5,490,28,17,531,156.1
13503.0,6,1859.24,1105,158,71,589,309.87333333333333
13504.0,1,295.93,178,22,64,0,295.93
13505.0,4,4393.63,2486,182,73,159,1098.4075
13506.0,5,1338.08,942,55,316,144,267.616
13507.0,4,2479.16,1597,146,3,142,619.79
13508.0,2,287.05,180,27,244,399,143.525
13509.0,8,1114.72,1214,27,9,498,139.34
13510.0,11,4558.29,3044,176,1,717,414.39
13511.0,1,282.76,60,5,677,0,282.76
13512.0,4,713.39,419,31,261,322,178.3475
13513.0,3,824.59,364,32,127,528,274.86333333333334
13514.0,4,815.9000000000001,288,15,74,608,203.97500000000002
13515.0,6,1265.82,819,64,73,571,210.97
13516.0,4,1685.26,1114,55,21,396,421.315
13517.0,3,2128.42,1369,125,60,120,709.4733333333334
13518.0,1,627.16,382,36,86,0,627.16
13519.0,2,343.21,133,19,78,364,171.605
13520.0,11,6606.0,3179,81,59,663,600.5454545454545
13521.0,3,1071.73,718,313,1,8,357.24333333333334
13522.0,1,125.80000000000001,44,5,30,0,125.80000000000001
13523.0,6,4534.57,1989,177,33,369,755.7616666666667
13524.0,5,680.1800000000001,324,17,41,179,136.036
13525.0,2,628.78,394,5,15,233,314.39
13526.0,2,1182.0,1911,29,738,0,591.0
13527.0,12,4541.29,2736,266,34,653,378.44083333333333
13529.0,2,307.76,74,15,79,125,153.88
13530.0,1,402.98,272,18,634,0,402.98
13531.0,6,1433.07,497,44,205,531,238.845
13532.0,1,210.31,129,66,34,0,210.31
13533.0,3,269.09,202,61,183,84,89.69666666666666
13534.0,35,7720.9,3869,163,2,517,220.59714285714284
13535.0,1,89.5,10,1,403,0,89.5
13536.0,7,3444.39,2126,91,1,74,492.05571428571426
13537.0,2,717.85,337,38,426,26,358.925
13538.0,12,3103.13,959,105,43,632,258.5941666666667
13539.0,7,1569.36,710,69,86,504,224.1942857142857
13540.0,3,632.39,189,26,467,188,210.79666666666665
13541.0,2,785.25,279,10,427,143,392.625
13542.0,17,3959.4900000000002,804,98,377,352,232.91117647058826
13543.0,2,1439.61,329,37,634,52,719.805
13544.0,6,790.2,331,219,40,605,131.70000000000002
13545.0,2,364.93,252,54,391,153,182.465
13546.0,5,1086.24,587,95,12,411,217.248
13547.0,1,167.08,79,44,408,0,167.08
13548.0,3,901.44,558,169,96,375,300.48
13549.0,8,1005.8000000000001,554,44,26,361,125.72500000000001
13550.0,1,342.55,430,40,383,0,342.55
13551.0,2,244.2,36,5,319,346,122.1
13552.0,22,6948.92,2630,162,66,592,315.86
13553.0,1,499.6,201,85,675,0,499.6
13554.0,7,1629.35,578,156,380,66,232.7642857142857
13555.0,13,8891.84,4762,264,74,615,683.9876923076923
13556.0,2,200.82,134,8,429,6,100.41
13557.0,13,3032.26,2398,126,28,702,233.25076923076924
13558.0,4,594.52,338,123,6,62,148.63
13559.0,2,990.0,360,1,513,30,495.0
13560.0,1,171.42000000000002,63,32,7,0,171.42000000000002
13561.0,11,1803.4,1125,131,216,433,163.94545454545457
13562.0,8,4838.18,1603,88,82,612,604.7725
13563.0,2,777.53,209,49,84,55,388.765
13564.0,37,16498.97,8878,484,144,593,445.91810810810813
13565.0,3,414.8,260,45,19,391,138.26666666666668
13566.0,5,1688.6,1257,263,41,598,337.71999999999997
13567.0,4,1079.29,643,180,428,113,269.8225
13568.0,1,187.05,66,41,173,0,187.05
13569.0,4,726.54,345,140,17,411,181.635
13570.0,1,239.49,161,27,243,0,239.49
13571.0,26,4537.26,3191,263,13,718,174.51000000000002
13572.0,1,1384.25,534,32,206,0,1384.25
13573.0,6,904.52,647,73,50,586,150.75333333333333
13574.0,1,404.45,304,84,411,0,404.45
13575.0,5,732.0699999999999,449,41,23,152,146.414
13576.0,28,11202.59,4506,145,10,721,400.09250000000003
13577.0,11,3489.28,1661,102,25,699,317.20727272727277
13578.0,1,147.66,127,9,409,0,147.66
13579.0,5,1374.34,718,72,15,644,274.868
13580.0,1,107.75,45,5,406,0,107.75
13581.0,2,280.53000000000003,119,32,309,104,140.26500000000001
13582.0,2,241.68,106,10,390,227,120.84
13583.0,2,1445.031,1097,93,156,523,722.5155
13584.0,3,385.7,360,74,307,369,128.56666666666666
13585.0,3,684.54,1386,29,531,207,228.17999999999998
13586.0,1,127.28,38,20,541,0,127.28
13587.0,4,1673.5,664,27,64,599,418.375
13588.0,9,2478.95,2606,131,16,239,275.43888888888887
13589.0,6,1120.74,293,48,15,719,186.79
13590.0,18,6336.04,5271,255,11,726,352.0022222222222
13591.0,7,2093.94,850,89,65,660,299.13428571428574
13592.0,4,247.95999999999998,84,15,36,228,61.989999999999995
13593.0,14,5493.29,2170,212,108,538,392.3778571428571
13594.0,2,533.32,396,31,53,432,266.66
13595.0,3,784.48,341,114,517,129,261.49333333333334
13596.0,2,664.11,384,133,6,7,332.055
13597.0,2,396.71,231,17,400,2,198.355
13598.0,5,761.96,393,78,47,604,152.392
13599.0,33,9811.04,6248,235,1,737,297.30424242424243
13600.0,2,518.42,599,35,312,321,259.21
13601.0,4,1159.99,957,160,45,501,289.9975
13602.0,4,1025.17,538,49,65,495,256.2925
13603.0,1,164.34,164,27,26,0,164.34
13604.0,1,717.62,242,21,659,0,717.62
13605.0,2,522.67,425,50,387,184,261.335
13606.0,3,276.75,276,40,29,282,92.25
13607.0,2,1075.81,466,110,40,362,537.905
13608.0,1,232.05,110,31,541,0,232.05
13609.0,1,167.35,19,7,593,0,167.35
13610.0,14,2103.71,869,309,12,691,150.26500000000001
13611.0,10,3297.9300000000003,1988,170,89,647,329.793
13612.0,1,818.29,444,50,633,0,818.29
13613.0,5,1039.8500000000001,445,50,453,207,207.97000000000003
13614.0,6,2332.74,821,227,24,527,388.78999999999996
13615.0,8,6272.53,2910,259,319,361,784.06625
13616.0,2,283.85,172,31,568,122,141.925
13617.0,8,1278.75,593,48,40,454,159.84375
13618.0,1,177.34,246,13,174,0,177.34
13619.0,2,224.94,79,39,545,129,112.47
13620.0,1,112.34,74,5,528,0,112.34
13621.0,1,213.85,343,19,117,0,213.85
13622.0,1,658.95,379,32,696,0,658.95
13623.0,10,2533.06,1010,211,31,706,253.30599999999998
13624.0,1,462.08,820,22,388,0,462.08
13625.0,1,301.26,144,21,597,0,301.26
13626.0,2,707.04,398,44,253,126,353.52
13627.0,7,2245.9,1632,118,59,581,320.84285714285716
13628.0,1,310.14,106,16,676,0,310.14
13629.0,19,13370.86,7722,28,23,642,703.7294736842106
13630.0,7,2031.78,1391,51,5,280,290.2542857142857
13631.0,11,3070.42,467,6,100,167,279.1290909090909
13632.0,8,3645.81,1633,166,25,586,455.72625
13634.0,16,5033.77,2090,269,33,664,314.610625
13635.0,4,2999.16,1884,135,68,671,749.79
13636.0,5,949.12,592,57,37,248,189.824
13637.0,3,804.3,405,79,52,174,268.09999999999997
13638.0,1,122.64,93,8,16,0,122.64
13639.0,2,1346.27,997,49,74,362,673.135
13640.0,1,405.0,108,4,611,0,405.0
13641.0,5,1016.47,1098,41,641,93,203.294
13642.0,4,472.2,231,93,216,217,118.05
13643.0,10,2156.77,902,71,31,700,215.677
13644.0,4,2624.26,2067,144,16,89,656.065
13645.0,1,252.1,158,5,120,0,252.1
13646.0,2,326.25,79,58,400,0,163.125
13647.0,8,3041.68,1795,98,10,593,380.21
13648.0,8,1764.02,960,95,400,337,220.5025
13649.0,6,1453.68,782,97,257,270,242.28
13650.0,10,3288.0,1746,127,17,666,328.8
13651.0,3,226.85,62,14,35,346,75.61666666666666
13652.0,5,2262.05,1458,116,46,606,452.41
13653.0,1,152.2,72,9,488,0,152.2
13654.0,11,6308.0,4762,262,43,694,573.4545454545455
13655.0,6,2280.51,1225,103,114,477,380.08500000000004
13656.0,4,1078.85,862,81,165,430,269.7125
13657.0,2,382.14,209,16,11,190,191.07
13658.0,9,6025.5,2171,164,10,662,669.5
13659.0,12,4884.68,2527,224,206,455,407.0566666666667
13660.0,1,306.64,136,39,400,0,306.64
13661.0,1,325.24,118,17,603,0,325.24
13662.0,11,2233.61,1169,126,86,572,203.05545454545455
13663.0,5,2047.51,893,87,179,467,409.502
13665.0,3,1711.6599999999999,1652,97,386,117,570.5533333333333
13666.0,5,127.9,54,19,60,675,25.580000000000002
13667.0,1,299.05,149,82,149,0,299.05
13668.0,35,12948.48,6096,411,3,725,369.9565714285714
13669.0,3,413.55,393,13,51,356,137.85
13670.0,1,349.7,282,25,75,0,349.7
13671.0,1,172.6,95,61,395,0,172.6
13672.0,3,419.92,138,13,301,429,139.97333333333333
13673.0,2,387.44,114,47,19,13,193.72
13674.0,1,240.68,102,14,433,0,240.68
13675.0,2,486.82000000000005,330,25,151,133,243.41000000000003
13676.0,2,243.9,104,13,539,80,121.95
13677.0,2,551.24,217,98,405,115,275.62
13678.0,1,232.6,924,16,152,0,232.6
13679.0,3,281.26,102,44,494,241,93.75333333333333
13680.0,12,11419.67,5244,354,1,733,951.6391666666667
13681.0,4,827.83,360,37,18,137,206.9575
13682.0,1,59.5,10,3,187,0,59.5
13683.0,1,258.6,180,10,458,0,258.6
13684.0,4,594.88,234,81,286,335,148.72
13685.0,7,3119.44,5056,29,3,57,445.63428571428574
13686.0,3,409.04,378,27,183,218,136.34666666666666
13687.0,1,11880.84,87167,45,438,0,11880.84
13688.0,1,375.5,130,5,635,0,375.5
13689.0,2,1259.5,722,6,63,381,629.75
13690.0,1,172.25,67,9,59,0,172.25
13691.0,1,212.78,145,54,396,0,212.78
13692.0,5,3114.4,2101,83,25,395,622.88
13693.0,9,2011.82,880,78,374,358,223.53555555555556
13694.0,143,195640.69,188201,896,4,731,1368.1167132867133
13695.0,16,2770.73,1791,47,31,546,173.170625
13696.0,3,2020.4,552,24,422,244,673.4666666666667
13697.0,1,151.29999999999998,177,12,39,0,151.29999999999998
13698.0,2,451.73,227,31,597,85,225.865
13699.0,2,764.15,219,33,155,395,382.075
13700.0,13,2596.97,2786,163,26,644,199.76692307692306
13701.0,1,161.0,80,9,447,0,161.0
13702.0,1,135.18,74,5,446,0,135.18
13703.0,2,425.56,128,36,318,96,212.78
13704.0,9,2308.06,1531,111,5,83,256.4511111111111
13705.0,7,1717.19,906,55,8,616,245.31285714285715
13706.0,2,631.17,301,38,303,324,315.585
13707.0,5,3365.86,2210,142,267,269,673.172
13708.0,1,285.33,301,49,271,0,285.33
13709.0,18,7571.35,4122,296,4,693,420.6305555555556
13710.0,3,509.52,336,13,32,580,169.84
13711.0,9,1792.26,819,80,219,505,199.14
13712.0,2,766.42,1128,32,247,364,383.21
13713.0,3,740.76,284,70,408,174,246.92
13714.0,1,161.35,50,30,465,0,161.35
13715.0,17,8153.04,4800,277,281,357,479.5905882352941
13716.0,1,138.28,138,21,269,0,138.28
13717.0,8,1763.3,2144,110,32,453,220.4125
13718.0,2,306.55,173,9,246,49,153.275
13719.0,11,2783.08,1588,194,15,556,253.00727272727272
13720.0,4,799.9,501,42,117,138,199.975
13721.0,2,741.54,512,41,36,358,370.77
13722.0,10,5635.41,3059,137,132,514,563.5409999999999
13723.0,6,1194.08,593,51,217,394,199.01333333333332
13724.0,1,213.01,130,39,637,0,213.01
13725.0,8,1980.56,806,95,50,258,247.57
13726.0,2,1079.66,1054,39,39,61,539.83
13727.0,8,1074.15,368,74,29,701,134.26875
13728.0,16,2855.17,1269,75,37,693,178.448125
13729.0,3,724.73,419,36,436,248,241.57666666666668
13730.0,2,752.6,488,38,136,25,376.3
13731.0,2,610.59,278,36,219,27,305.295
13732.0,1,491.86,498,33,28,0,491.86
13733.0,2,487.03000000000003,335,28,411,324,243.51500000000001
13734.0,4,6695.6900000000005,302,24,509,94,1673.9225000000001
13735.0,13,9762.77,4135,362,25,701,750.9823076923077
13736.0,7,2752.47,1549,325,5,728,393.21
13737.0,1,339.59999999999997,125,29,200,0,339.59999999999997
13738.0,1,434.78000000000003,237,88,396,0,434.78000000000003
13739.0,2,292.2,76,6,18,509,146.1
13740.0,5,1582.77,987,83,241,496,316.554
13741.0,3,668.4300000000001,218,34,72,145,222.81000000000003
13742.0,12,3107.87,1115,200,17,303,258.9891666666667
13743.0,7,1341.6,1776,8,3,256,191.65714285714284
13744.0,2,1080.52,1153,54,95,197,540.26
13745.0,2,777.36,1146,46,162,383,388.68
13746.0,1,176.69,83,9,414,0,176.69
13747.0,2,169.79999999999998,60,4,374,51,84.89999999999999
13748.0,9,2064.35,1028,40,96,642,229.3722222222222
13750.0,11,3602.18,1370,51,54,563,327.47090909090906
13751.0,1,296.25,152,9,288,0,296.25
13752.0,7,1579.83,1005,75,124,403,225.69
13753.0,4,2094.57,1450,64,288,449,523.6425
13754.0,3,447.05,315,16,152,285,149.01666666666668
13755.0,9,2108.06,1242,232,4,59,234.2288888888889
13756.0,23,8655.95,5138,142,2,722,376.3456521739131
13757.0,1,195.55,54,8,675,0,195.55
13758.0,15,8698.13,4667,213,12,727,579.8753333333333
13759.0,2,659.4100000000001,287,24,33,37,329.70500000000004
13760.0,5,1363.6399999999999,623,95,54,539,272.72799999999995
13761.0,6,1952.17,1079,118,50,606,325.3616666666667
13762.0,5,2472.48,2608,23,219,479,494.496
13763.0,3,5217.44,3224,50,63,371,1739.1466666666665
13764.0,6,2919.62,2084,295,71,571,486.6033333333333
13765.0,1,352.821,297,17,653,0,352.821
13766.0,1,190.35,137,16,495,0,190.35
13767.0,73,33903.57,14595,117,2,736,464.43246575342465
13768.0,2,875.97,373,30,727,4,437.985
13769.0,20,5478.12,2452,121,2,721,273.906
13770.0,4,785.37,468,48,422,308,196.3425
13771.0,9,5728.82,3140,182,64,588,636.5355555555556
13772.0,8,3100.02,1446,394,34,620,387.5025
13773.0,2,301.54,174,19,397,263,150.77
13774.0,1,345.0,192,22,82,0,345.0
13775.0,1,1049.66,455,63,591,0,1049.66
13776.0,2,623.98,2,1,428,0,311.99
13777.0,61,49638.26,23190,44,1,737,813.7419672131148
13778.0,4,1124.49,511,33,103,462,281.1225
13779.0,1,161.13,53,27,516,0,161.13
13780.0,3,732.07,479,90,7,399,244.02333333333334
13781.0,3,778.83,300,56,251,470,259.61
13782.0,13,1786.08,643,187,13,720,137.39076923076922
13783.0,4,1542.09,3437,4,488,185,385.5225
13784.0,14,2910.23,2827,13,10,440,207.87357142857144
13785.0,4,542.49,151,26,429,31,135.6225
13786.0,6,3127.99,1515,80,367,368,521.3316666666666
13787.0,6,1222.5,998,71,76,619,203.75
13788.0,1,3.75,1,1,505,0,3.75
13789.0,1,239.45999999999998,258,18,388,0,239.45999999999998
13790.0,1,348.79999999999995,748,45,4,0,348.79999999999995
13791.0,2,1516.0,1200,7,128,40,758.0
13792.0,3,383.95,156,23,66,356,127.98333333333333
13793.0,1,96.0,52,7,647,0,96.0
13794.0,1,126.03,63,9,547,0,126.03
13795.0,4,836.3,1250,23,388,249,209.075
13796.0,1,289.7,218,22,499,0,289.7
13797.0,3,1179.45,573,71,437,210,393.15000000000003
13798.0,110,75428.87,48187,168,1,729,685.717
13799.0,9,2803.57,1539,64,117,527,311.5077777777778
13800.0,3,1679.56,891,73,310,427,559.8533333333334
13801.0,1,324.8,168,23,67,0,324.8
13802.0,19,26259.11,14129,212,139,523,1382.0584210526315
13803.0,3,1338.91,831,73,255,363,446.30333333333334
13804.0,9,3161.12,1797,149,31,406,351.23555555555555
13805.0,2,924.5999999999999,1900,10,52,76,462.29999999999995
13806.0,1,256.38,56,10,64,0,256.38
13807.0,3,422.2,116,24,367,368,140.73333333333332
13808.0,5,1747.66,782,70,6,91,349.53200000000004
13809.0,3,679.6999999999999,281,23,305,155,226.56666666666663
13810.0,3,1499.01,312,32,29,27,499.67
13811.0,3,814.5,68,7,184,55,271.5
13812.0,3,539.0,333,33,42,63,179.66666666666666
13813.0,8,2765.4700000000003,1292,84,40,694,345.68375000000003
13814.0,3,2257.32,1214,56,92,434,752.44
13815.0,8,7475.74,5381,203,22,643,934.4675
13816.0,2,571.67,269,25,24,40,285.835
13817.0,2,382.98,211,20,29,322,191.49
13818.0,1,61.28,60,5,430,0,61.28
13819.0,6,2642.35,2309,47,302,436,440.39166666666665
13820.0,3,652.75,285,68,418,262,217.58333333333334
13821.0,6,1379.08,477,158,145,559,229.84666666666666
13822.0,2,632.0,611,90,6,34,316.0
13823.0,7,3403.4500000000003,1564,108,19,705,486.2071428571429
13824.0,12,3314.76,1442,59,33,604,276.23
13825.0,2,255.59,182,38,622,108,127.795
13826.0,1,189.5,82,10,176,0,189.5
13827.0,3,409.8,138,83,58,85,136.6
13828.0,1,209.49,311,15,22,0,209.49
13829.0,1,102.0,12,1,421,0,102.0
13830.0,1,156.85000000000002,47,11,582,0,156.85000000000002
13831.0,18,6585.54,2393,121,16,713,365.86333333333334
13832.0,2,609.89,420,54,19,403,304.945
13833.0,2,700.41,243,43,159,244,350.205
13834.0,2,324.19,221,15,577,92,162.095
13835.0,7,1095.27,520,60,25,620,156.46714285714285
13836.0,2,620.37,273,29,399,15,310.185
13837.0,2,266.59000000000003,182,17,212,105,133.29500000000002
13838.0,10,1690.07,694,328,6,573,169.007
13839.0,1,139.95000000000002,25,7,486,0,139.95000000000002
13840.0,1,651.4,358,40,416,0,651.4
13841.0,1,85.0,100,1,253,0,85.0
13842.0,18,5319.34,2716,214,59,602,295.5188888888889
13843.0,1,319.75,145,18,381,0,319.75
13844.0,1,361.62,196,20,11,0,361.62
13845.0,1,312.98,182,9,65,0,312.98
13846.0,4,1307.79,705,81,25,375,326.9475
13847.0,1,310.72,96,19,720,0,310.72
13848.0,8,3015.0,9200,3,92,637,376.875
13849.0,5,3469.3,1883,189,52,572,693.86
13850.0,1,1595.48,944,93,129,0,1595.48
13851.0,8,4606.46,2525,111,96,584,575.8075
13852.0,1,187.35000000000002,85,11,611,0,187.35000000000002
13853.0,1,1090.1399999999999,312,23,57,0,1090.1399999999999
13854.0,39,11944.56,3642,61,9,691,306.2707692307692
13855.0,4,1310.34,575,64,501,230,327.585
13856.0,11,1142.03,1105,33,169,450,103.82090909090908
13857.0,6,1001.01,782,99,393,177,166.835
13858.0,1,216.17000000000002,75,11,57,0,216.17000000000002
13859.0,2,515.86,167,34,326,203,257.93
13860.0,5,1245.9,591,58,1,85,249.18
13861.0,2,273.26,225,21,429,101,136.63
13862.0,9,2556.09,1927,113,18,371,284.01
13863.0,4,1239.55,553,59,248,345,309.8875
13864.0,1,662.4000000000001,192,1,387,0,662.4000000000001
13865.0,4,501.56,204,26,58,231,125.39
13866.0,1,145.67,57,7,74,0,145.67
13867.0,3,1005.09,501,51,31,186,335.03000000000003
13868.0,2,3192.54,1964,32,7,31,1596.27
13869.0,10,7996.87,4302,502,123,567,799.687
13870.0,15,5712.08,3449,159,2,667,380.80533333333335
13871.0,17,7885.85,3502,183,23,696,463.8735294117647
13872.0,3,919.57,339,51,527,198,306.52333333333337
13873.0,8,1038.92,472,55,120,526,129.865
13874.0,7,2049.15,864,46,358,314,292.7357142857143
13875.0,14,4814.37,3072,159,54,668,343.88357142857143
13876.0,1,122.7,36,7,64,0,122.7
13877.0,3,449.68,478,23,86,603,149.89333333333335
13878.0,4,2416.9,927,93,55,549,604.225
13879.0,1,395.5,204,25,646,0,395.5
13880.0,17,4293.86,2535,148,21,540,252.57999999999998
13881.0,43,45179.1,29760,182,4,641,1050.6767441860466
13882.0,5,1191.13,953,54,3,61,238.22600000000003
13883.0,15,6560.02,3584,200,11,720,437.3346666666667
13884.0,10,1825.03,752,108,7,462,182.503
13885.0,2,506.8,182,28,189,11,253.4
13886.0,1,243.56,126,16,71,0,243.56
13887.0,1,349.55,147,19,204,0,349.55
13888.0,7,2001.59,795,124,120,455,285.94142857142856
13889.0,6,1991.23,979,57,93,593,331.87166666666667
13890.0,14,2927.38,1392,100,1,732,209.09857142857143
13891.0,3,859.21,476,97,378,203,286.40333333333336
13892.0,6,1267.6499999999999,3125,33,27,549,211.27499999999998
13893.0,1,821.1,190,21,298,0,821.1
13894.0,3,564.62,354,25,24,286,188.20666666666668
13895.0,6,4008.52,2060,154,28,708,668.0866666666667
13896.0,1,388.55,149,21,626,0,388.55
13897.0,3,1160.72,820,58,50,627,386.9066666666667
13898.0,2,686.4,544,43,326,85,343.2
13899.0,2,388.52,156,19,16,258,194.26
13900.0,6,1610.5900000000001,938,80,183,441,268.4316666666667
13901.0,15,5676.34,3344,280,72,631,378.42266666666666
13902.0,5,34095.26,220600,58,632,92,6819.052000000001
13903.0,1,165.45000000000002,103,10,400,0,165.45000000000002
13904.0,2,332.64,332,24,37,257,166.32
13905.0,1,312.65,135,12,733,0,312.65
13906.0,1,42.0,100,1,409,0,42.0
13907.0,1,136.8,68,4,692,0,136.8
13908.0,4,2369.55,1478,104,80,196,592.3875
13909.0,2,282.85,301,35,423,98,141.425
13911.0,20,4234.99,4487,178,57,590,211.74949999999998
13912.0,1,124.95,29,7,424,0,124.95
13913.0,1,42.22,10,3,507,0,42.22
13914.0,2,626.45,380,28,12,24,313.225
13915.0,1,70.80000000000001,24,2,394,0,70.80000000000001
13916.0,4,1275.81,673,72,464,211,318.9525
13917.0,2,272.04,228,16,50,141,136.02
13918.0,2,1212.8400000000001,1140,30,50,203,606.4200000000001
13919.0,4,1360.68,1133,65,59,481,340.17
13920.0,4,1774.68,1772,81,432,130,443.67
13921.0,4,730.7,210,36,402,319,182.675
13922.0,3,865.2,467,30,352,115,288.40000000000003
13923.0,1,351.13,185,20,54,0,351.13
13924.0,6,1838.8500000000001,1575,90,2,70,306.475
13925.0,4,678.25,331,28,93,42,169.5625
13926.0,1,223.85000000000002,104,11,23,0,223.85000000000002
13927.0,2,708.26,463,37,75,362,354.13
13928.0,4,464.57,129,23,11,122,116.1425
13929.0,11,3494.1,1566,38,169,525,317.6454545454545
13930.0,2,337.34,274,15,58,78,168.67
13931.0,11,5257.38,3488,205,96,640,477.94363636363636
13932.0,1,307.4,72,16,295,0,307.4
13933.0,2,608.79,205,23,109,39,304.395
13934.0,1,922.1,390,31,264,0,922.1
13935.0,3,6116.92,2252,67,597,55,2038.9733333333334
13936.0,3,939.66,661,56,180,234,313.21999999999997
13937.0,2,880.13,587,54,169,233,440.065
13938.0,1,71.66,70,7,35,0,71.66
13939.0,7,1560.96,1608,91,23,589,222.99428571428572
13940.0,4,839.14,516,39,17,126,209.785
13941.0,15,10027.18,4782,42,22,701,668.4786666666666
13942.0,1,320.0,1000,1,535,0,320.0
13943.0,1,246.54,94,15,578,0,246.54
13944.0,1,200.43,153,35,653,0,200.43
13945.0,2,854.15,413,49,395,85,427.075
13946.0,6,1876.23,2847,49,79,656,312.705
13947.0,1,90.6,44,5,65,0,90.6
13948.0,4,548.76,248,23,361,374,137.19
13949.0,6,2427.32,2474,124,3,91,404.55333333333334
13950.0,4,745.06,323,33,11,235,186.265
13951.0,3,674.45,459,38,176,118,224.8166666666667
13952.0,14,12823.521,5947,238,218,505,915.9657857142857
13953.0,12,6640.68,5224,8,7,721,553.39
13954.0,2,439.92,150,24,2,69,219.96
13955.0,3,544.0699999999999,272,82,154,220,181.35666666666665
13956.0,5,1019.27,486,123,5,266,203.85399999999998
13957.0,3,458.25,157,21,418,240,152.75
13958.0,8,4709.2300000000005,2264,172,380,354,588.6537500000001
13959.0,6,1064.77,694,120,79,431,177.46166666666667
13960.0,2,230.22,142,11,21,50,115.11
13961.0,1,538.4,226,19,392,0,538.4
13962.0,3,362.8,160,23,22,413,120.93333333333334
13963.0,17,2860.57,2007,129,308,288,168.26882352941178
13964.0,2,438.9,228,22,387,43,219.45
13965.0,3,996.61,425,23,477,226,332.2033333333333
13966.0,1,384.26,760,21,435,0,384.26
13967.0,2,166.3,66,4,146,250,83.15
13968.0,1,123.66,174,8,423,0,123.66
13969.0,35,12973.460000000001,6640,472,7,617,370.67028571428574
13970.0,2,846.55,469,10,386,51,423.275
13971.0,14,4667.57,3084,184,19,664,333.3978571428571
13972.0,2,190.25,187,15,71,131,95.125
13973.0,1,264.7,109,11,287,0,264.7
13974.0,2,677.72,356,43,49,532,338.86
13975.0,12,5256.4,3884,434,31,644,438.0333333333333
13976.0,4,1192.3600000000001,452,49,207,461,298.09000000000003
13977.0,1,519.8100000000001,303,13,411,0,519.8100000000001
13978.0,2,196.79,315,14,15,30,98.395
13979.0,7,3379.93,2270,356,73,663,482.84714285714284
13980.0,5,768.8199999999999,463,57,60,595,153.76399999999998
13981.0,1,331.14,234,22,416,0,331.14
13982.0,9,3954.29,2478,123,39,649,439.36555555555555
13983.0,21,6753.89,3925,238,30,700,321.61380952380955
13984.0,12,1893.8,1301,53,27,706,157.81666666666666
13985.0,22,10020.86,4936,149,4,664,455.49363636363637
13986.0,1,320.46,430,12,17,0,320.46
13987.0,2,682.54,492,46,380,21,341.27
13988.0,8,4757.8,3385,218,20,605,594.725
13989.0,5,2026.06,2207,61,66,497,405.212
13990.0,1,311.3,190,16,213,0,311.3
13991.0,6,852.88,995,58,12,131,142.14666666666668
13992.0,3,219.5,154,10,30,432,73.16666666666667
13993.0,19,6775.71,2135,110,43,693,356.6163157894737
13994.0,6,2274.14,932,122,4,144,379.0233333333333
13995.0,14,3902.01,2359,146,15,706,278.71500000000003
13996.0,2,895.76,613,29,386,13,447.88
13997.0,3,376.46,143,36,519,31,125.48666666666666
13998.0,3,566.7,204,30,447,129,188.9
13999.0,29,9502.26,5043,174,10,724,327.6641379310345
14000.0,5,2046.34,1838,28,211,526,409.268
14001.0,9,4228.85,1779,60,46,447,469.87222222222226
14002.0,2,529.73,877,47,134,22,264.865
14003.0,1,209.41,149,16,733,0,209.41
14004.0,11,6258.45,3425,127,43,392,568.9499999999999
14005.0,5,2874.72,2478,53,10,206,574.944
14006.0,7,2196.67,2181,55,116,536,313.81
14007.0,1,79.48,16,5,513,0,79.48
14008.0,1,509.04,326,32,432,0,509.04
14009.0,3,1099.91,951,71,198,264,366.6366666666667
14010.0,2,445.15,177,20,565,0,222.575
14011.0,2,457.82,644,32,480,127,228.91
14012.0,1,328.8,160,11,278,0,328.8
14013.0,5,1084.57,775,56,110,513,216.914
14014.0,3,1948.21,2004,76,77,499,649.4033333333333
14015.0,1,917.34,378,20,53,0,917.34
14016.0,11,11403.41,5722,354,162,538,1036.6736363636364
14017.0,1,229.75,73,14,571,0,229.75
14018.0,1,367.15,224,13,645,0,367.15
14019.0,3,1421.61,1037,37,47,91,473.86999999999995
14020.0,4,1249.01,648,63,17,512,312.2525
14021.0,7,1716.58,878,84,155,437,245.22571428571428
14022.0,2,792.15,681,45,225,261,396.075
14023.0,2,584.07,345,30,7,242,292.035
14024.0,3,645.74,238,33,122,269,215.24666666666667
14025.0,8,4057.9,1914,60,465,119,507.2375
14026.0,2,713.11,427,43,471,154,356.555
14027.0,1,104.82,62,6,61,0,104.82
14028.0,3,10396.5,7170,3,550,0,3465.5
14029.0,2,467.66,198,15,63,80,233.83
14030.0,20,7521.8,4215,591,18,710,376.09000000000003
14031.0,44,39019.51,13783,280,7,729,886.8070454545455
14032.0,16,4546.41,3740,79,2,723,284.150625
14033.0,1,109.44,576,1,555,0,109.44
14034.0,3,648.89,420,82,22,135,216.29666666666665
14035.0,9,2794.75,1405,70,29,583,310.52777777777777
14036.0,1,626.65,268,38,285,0,626.65
14037.0,6,836.95,590,96,176,556,139.49166666666667
14038.0,5,3069.88,1708,99,78,595,613.976
14039.0,2,267.28000000000003,192,10,33,542,133.64000000000001
14040.0,35,12523.81,4972,335,41,698,357.82314285714284
14041.0,1,141.41,94,21,266,0,141.41
14042.0,1,431.98,180,21,725,0,431.98
14043.0,2,302.59999999999997,152,37,491,238,151.29999999999998
14044.0,10,3077.7,2100,533,27,657,307.77
14045.0,16,10986.63,4459,16,109,591,686.664375
14046.0,1,154.99,460,14,284,0,154.99
14047.0,14,3968.11,1541,91,9,668,283.43642857142856
14048.0,3,748.69,467,126,305,77,249.56333333333336
14049.0,13,13023.4,8480,573,17,600,1001.8
14050.0,2,746.36,689,49,32,74,373.18
14051.0,37,21770.98,5709,82,1,735,588.4048648648649
14052.0,2,466.66,174,115,20,371,233.33
14053.0,4,572.3,490,3,124,362,143.075
14054.0,1,92.46000000000001,62,6,65,0,92.46000000000001
14055.0,3,1520.96,720,33,106,616,506.9866666666667
14056.0,23,8152.71,4252,320,1,282,354.46565217391304
14057.0,22,8346.66,6438,244,24,712,379.39363636363635
14058.0,2,469.19,211,23,463,67,234.595
14059.0,1,183.6,128,8,267,0,183.6
14060.0,30,8898.24,7419,100,5,634,296.608
14061.0,3,917.4300000000001,133,17,507,230,305.81
14062.0,24,25585.65,12794,141,10,719,1066.0687500000001
14063.0,9,22710.2,3850,30,438,293,2523.355555555556
14064.0,15,3260.24,3911,131,29,657,217.3493333333333
14065.0,3,891.02,582,42,389,42,297.00666666666666
14066.0,1,152.55,45,7,267,0,152.55
14067.0,2,374.7,361,51,64,32,187.35
14068.0,4,1516.72,510,93,320,357,379.18
14069.0,2,225.81,58,37,515,46,112.905
14070.0,1,321.6,85,40,685,0,321.6
14071.0,8,1437.57,994,271,4,261,179.69625
14072.0,1,390.85,65,19,667,0,390.85
14073.0,1,151.04,130,13,32,0,151.04
14074.0,1,219.4,228,6,623,0,219.4
14075.0,6,1734.87,1494,59,5,536,289.145
14076.0,1,118.67,79,43,129,0,118.67
14077.0,6,615.08,376,43,41,354,102.51333333333334
14078.0,9,1553.47,586,107,102,519,172.60777777777778
14079.0,2,618.73,302,13,125,557,309.365
14080.0,5,1115.68,268,74,33,704,223.13600000000002
14081.0,10,4867.57,3381,465,302,426,486.75699999999995
14082.0,2,413.36,246,48,365,27,206.68
14083.0,11,1082.19,760,169,4,717,98.3809090909091
14084.0,1,150.5,306,7,512,0,150.5
14085.0,33,9720.67,6434,479,2,729,294.5657575757576
14086.0,1,39.95,1,1,463,0,39.95
14087.0,3,829.47,718,175,3,732,276.49
14088.0,16,64036.8,15276,436,10,410,4002.3
14089.0,1,158.75,133,13,57,0,158.75
14090.0,1,76.32000000000001,72,1,325,0,76.32000000000001
14091.0,2,9530.08,3316,13,654,44,4765.04
14092.0,24,7229.45,3606,169,8,715,301.2270833333333
14093.0,1,433.86,391,95,12,0,433.86
14094.0,1,311.77,158,41,440,0,311.77
14095.0,1,2.95,1,1,723,0,2.95
14096.0,17,65164.79,16352,1119,4,97,3833.2229411764706
14097.0,2,422.86,352,39,481,164,211.43
14098.0,1,147.35,104,21,37,0,147.35
14099.0,20,5750.91,3666,273,16,713,287.5455
14100.0,1,191.95,63,24,138,0,191.95
14101.0,13,9961.93,10542,19,74,547,766.3023076923077
14102.0,5,1105.8799999999999,769,35,5,39,221.176
14104.0,5,743.53,496,117,155,405,148.706
14105.0,5,5988.83,3534,200,239,482,1197.766
14106.0,1,214.8,24,1,737,0,214.8
14107.0,11,4877.3,3489,102,52,678,443.39090909090913
14108.0,4,1044.96,660,49,31,707,261.24
14109.0,1,144.2,88,9,73,0,144.2
14110.0,33,12987.95,5825,177,4,735,393.57424242424247
14111.0,4,692.85,458,10,14,227,173.2125
14112.0,13,5834.59,3539,199,23,631,448.8146153846154
14113.0,16,7092.610000000001,3439,76,4,728,443.28812500000004
14114.0,7,1364.09,650,72,274,332,194.86999999999998
14115.0,2,622.67,509,22,502,165,311.335
14116.0,5,1382.74,707,61,20,101,276.548
14117.0,1,90.0,72,3,144,0,90.0
14118.0,1,458.45,97,15,429,0,458.45
14119.0,2,183.37,177,11,376,342,91.685
14121.0,4,2780.15,2082,148,4,56,695.0375
14122.0,3,362.42,114,12,406,331,120.80666666666667
14123.0,1,436.18,234,24,733,0,436.18
14124.0,1,419.58,1618,4,84,0,419.58
14125.0,3,2720.63,1628,159,11,67,906.8766666666667
14126.0,4,1172.46,887,37,8,436,293.115
14127.0,6,1900.0800000000002,828,96,123,302,316.68
14128.0,3,924.21,814,50,61,490,308.07
14129.0,9,2591.34,1414,40,2,577,287.9266666666667
14130.0,4,1858.77,1215,189,319,408,464.6925
14131.0,1,168.22,105,45,649,0,168.22
14132.0,11,3586.0299999999997,3368,100,2,181,326.00272727272727
14133.0,4,911.14,398,33,130,603,227.785
14134.0,15,11123.35,5814,130,383,347,741.5566666666667
14135.0,24,8839.67,8534,138,2,736,368.31958333333336
14136.0,5,1570.81,1148,86,401,331,314.162
14137.0,1,332.7,462,11,696,0,332.7
14138.0,2,965.88,600,40,2,62,482.94
14139.0,4,1086.8,1049,48,46,496,271.7
14140.0,2,935.05,811,60,4,27,467.525
14141.0,4,915.13,355,27,3,102,228.7825
14142.0,2,671.34,518,42,373,273,335.67
14143.0,1,115.8,30,7,134,0,115.8
14144.0,1,30.6,12,1,486,0,30.6
14145.0,7,7600.05,1655,11,47,564,1085.7214285714285
14146.0,12,9450.3,5780,337,9,686,787.525
14147.0,9,2590.2,995,24,78,562,287.79999999999995
14148.0,2,466.29,223,15,234,180,233.145
14149.0,1,446.62,218,28,221,0,446.62
14150.0,2,658.64,496,23,36,324,329.32
14151.0,2,679.45,405,44,673,43,339.725
14152.0,7,1997.34,1844,104,75,583,285.3342857142857
14153.0,1,233.39999999999998,312,17,483,0,233.39999999999998
14154.0,8,6460.7,3222,236,239,456,807.5875
14155.0,1,118.75,25,6,266,0,118.75
14156.0,156,313437.62,164325,1446,10,728,2009.2155128205127
14157.0,5,978.69,521,75,20,626,195.738
14158.0,1,507.65999999999997,781,41,40,0,507.65999999999997
14159.0,20,7860.8,6520,706,20,717,393.04
14160.0,7,8421.47,4661,80,610,88,1203.0671428571427
14161.0,7,2996.93,1480,202,216,510,428.1328571428571
14162.0,2,289.36,142,25,174,118,144.68
14163.0,5,2594.62,950,42,87,374,518.924
14164.0,2,1631.77,1033,28,71,10,815.885
14165.0,1,120.44,53,23,276,0,120.44
14166.0,2,251.15,82,39,505,121,125.575
14167.0,8,1274.29,340,48,39,641,159.28625
14168.0,2,370.45,147,11,421,143,185.225
14169.0,2,621.51,205,50,431,13,310.755
14170.0,3,570.18,270,123,375,19,190.05999999999997
14171.0,2,498.79,211,61,98,632,249.395
14172.0,3,369.02,78,38,605,37,123.00666666666666
14173.0,6,586.0,194,30,11,719,97.66666666666667
14174.0,1,134.46,94,26,33,0,134.46
14175.0,8,7678.88,3009,237,60,568,959.86
14176.0,5,756.46,265,33,297,83,151.292
14177.0,13,2209.69,1043,141,86,565,169.97615384615386
14178.0,7,1600.26,1494,191,9,173,228.60857142857142
14179.0,2,701.57,319,135,41,11,350.785
14180.0,33,6117.5,847,125,11,537,185.37878787878788
14181.0,2,308.35,120,48,411,151,154.175
14182.0,4,678.77,174,42,444,152,169.6925
14183.0,2,278.34000000000003,60,27,411,69,139.17000000000002
14184.0,1,452.89,127,24,67,0,452.89
14185.0,1,197.65,6,3,331,0,197.65
14186.0,5,1550.6299999999999,1550,75,427,217,310.126
14187.0,1,123.5,50,8,474,0,123.5
14188.0,6,2054.36,1162,34,31,279,342.3933333333334
14189.0,16,5503.15,4392,199,2,386,343.946875
14190.0,1,79.9,2,1,666,0,79.9
14191.0,15,4817.66,3724,147,2,726,321.1773333333333
14192.0,1,293.74,218,14,388,0,293.74
14193.0,3,1210.19,653,49,68,328,403.3966666666667
14194.0,36,18670.59,10037,432,5,697,518.6275
14195.0,6,2615.6,2144,10,202,432,435.93333333333334
14196.0,1,335.52,142,6,107,0,335.52
14197.0,1,390.05,143,20,411,0,390.05
14198.0,9,1569.73,623,58,18,685,174.41444444444446
14199.0,4,1091.7,254,15,218,312,272.925
14200.0,1,379.2,140,21,617,0,379.2
14201.0,10,1193.54,806,47,60,528,119.354
14202.0,3,847.76,166,27,381,243,282.58666666666664
14203.0,1,339.34,80,16,397,0,339.34
14204.0,4,1024.83,469,186,2,735,256.2075
14205.0,9,2414.2,1342,79,17,625,268.2444444444444
14206.0,3,1185.01,930,62,239,163,395.00333333333333
14207.0,1,157.8,36,2,688,0,157.8
14208.0,2,567.05,529,34,95,456,283.525
14209.0,15,4993.27,1739,133,11,675,332.8846666666667
14210.0,16,5556.570000000001,2511,143,106,597,347.28562500000004
14211.0,18,4402.29,2575,155,53,677,244.57166666666666
14212.0,2,2190.14,2046,18,90,356,1095.07
14213.0,1,1192.2,244,5,405,0,1192.2
14214.0,5,1004.38,751,64,31,246,200.876
14215.0,9,3250.33,2181,167,12,720,361.1477777777778
14216.0,5,2150.04,712,65,3,410,430.008
14217.0,23,3298.59,1230,122,2,525,143.41695652173914
14218.0,1,169.48000000000002,160,12,43,0,169.48000000000002
14219.0,3,633.83,363,39,4,489,211.27666666666667
14220.0,4,1515.0,468,26,247,321,378.75
14221.0,17,6517.49,3808,166,42,569,383.38176470588235
14222.0,1,683.17,607,41,177,0,683.17
14223.0,3,991.13,585,50,92,171,330.37666666666667
14224.0,9,1841.71,826,189,110,433,204.63444444444445
14225.0,4,2031.07,1167,70,435,261,507.7675
14226.0,6,2985.13,1714,89,29,412,497.5216666666667
14227.0,15,6368.71,4048,246,26,643,424.5806666666667
14228.0,3,745.5,260,38,438,108,248.5
14229.0,7,2594.04,934,41,52,419,370.57714285714286
14230.0,3,979.8000000000001,246,27,436,112,326.6
14231.0,4,1235.6200000000001,610,66,184,267,308.90500000000003
14232.0,5,2048.07,1941,81,43,221,409.61400000000003
14233.0,7,2904.27,1261,42,49,594,414.8957142857143
14234.0,4,754.12,951,122,22,35,188.53
14235.0,9,4717.99,3014,107,75,544,524.2211111111111
14236.0,5,1555.34,774,39,81,424,311.068
14237.0,2,471.14,238,26,373,217,235.57
14238.0,3,434.23,189,13,326,408,144.74333333333334
14239.0,21,4263.17,1729,97,43,691,203.00809523809525
14240.0,3,1247.49,655,46,30,393,415.83
14241.0,2,333.7,242,12,184,512,166.85
14242.0,2,280.55,123,13,235,91,140.275
14243.0,17,7217.75,3631,235,9,467,424.5735294117647
14244.0,1,366.41999999999996,814,16,661,0,366.41999999999996
14245.0,2,1693.45,976,107,220,43,846.725
14246.0,3,1474.06,804,57,111,135,491.3533333333333
14247.0,5,753.56,378,82,278,273,150.712
14248.0,3,1032.95,692,41,318,197,344.31666666666666
14249.0,12,5400.461,2383,178,411,268,450.0384166666667
14250.0,3,1904.05,1200,94,7,82,634.6833333333333
14251.0,5,2879.7000000000003,1674,37,2,55,575.94
14252.0,1,350.99,111,10,381,0,350.99
14253.0,2,363.40000000000003,88,11,493,129,181.70000000000002
14254.0,1,601.03,263,23,433,0,601.03
14255.0,1,1000.63,1,1,546,0,1000.63
14256.0,5,2460.79,1147,100,260,434,492.158
14257.0,9,5954.45,3332,167,64,584,661.6055555555555
14258.0,25,32051.34,17488,97,9,726,1282.0536
14259.0,1,120.0,68,5,142,0,120.0
14260.0,3,824.28,544,50,471,77,274.76
14261.0,2,1163.45,406,52,51,27,581.725
14262.0,8,2618.23,1645,87,8,232,327.27875
14263.0,1,322.93,171,16,423,0,322.93
14264.0,6,1517.3600000000001,553,59,155,456,252.89333333333335
14265.0,4,1373.35,715,74,109,502,343.3375
14266.0,1,40.56,24,1,428,0,40.56
14267.0,3,1516.24,530,25,163,97,505.41333333333336
14268.0,1,354.85,147,19,471,0,354.85
14269.0,1,295.73,123,16,439,0,295.73
14270.0,1,492.65000000000003,197,29,332,0,492.65000000000003
14271.0,2,214.18,148,38,226,183,107.09
14272.0,4,920.81,1097,62,74,508,230.2025
14273.0,4,559.97,264,22,51,190,139.9925
14274.0,1,256.6,178,15,686,0,256.6
14275.0,6,1189.3799999999999,538,14,396,211,198.23
14276.0,7,2102.68,1406,75,99,561,300.3828571428571
14277.0,9,17197.61,89806,334,15,710,1910.8455555555556
14278.0,1,205.83,131,13,410,0,205.83
14279.0,2,191.86,46,3,521,160,95.93
14280.0,1,134.04,52,8,197,0,134.04
14281.0,1,245.15,45,7,408,0,245.15
14282.0,25,7250.76,5166,100,3,659,290.0304
14283.0,4,628.4399999999999,550,36,463,106,157.10999999999999
14284.0,3,1299.65,510,59,31,622,433.2166666666667
14285.0,8,3284.42,954,48,21,710,410.5525
14286.0,7,8479.76,8795,270,24,712,1211.3942857142858
14287.0,3,176.63,261,9,8,190,58.876666666666665
14288.0,1,426.6,188,16,213,0,426.6
14289.0,6,911.26,292,33,9,280,151.87666666666667
14290.0,8,4516.56,1600,120,11,720,564.57
14291.0,23,7904.099999999999,6146,241,2,728,343.6565217391304
14292.0,16,9226.25,3429,120,8,623,576.640625
14293.0,9,2903.01,1558,88,3,726,322.5566666666667
14294.0,1,375.34000000000003,190,23,407,0,375.34000000000003
14295.0,5,2362.91,1029,66,40,691,472.582
14296.0,2,456.4,314,27,421,152,228.2
14297.0,4,1305.33,865,48,18,257,326.3325
14298.0,82,91194.49,100272,1370,8,719,1112.1279268292683
14299.0,27,14070.25,8136,164,8,729,521.1203703703703
14300.0,1,43.2,32,3,19,0,43.2
14301.0,4,1992.18,1686,37,117,549,498.045
14302.0,3,742.9000000000001,298,25,431,306,247.63333333333335
14303.0,2,277.94,218,21,407,27,138.97
14304.0,3,1725.01,775,69,223,348,575.0033333333333
14305.0,3,1858.96,1089,96,71,64,619.6533333333333
14306.0,6,3151.4,2065,43,51,625,525.2333333333333
14307.0,10,4287.92,2816,205,89,643,428.79200000000003
14308.0,2,1147.02,2,1,549,0,573.51
14309.0,11,3780.81,2583,125,8,542,343.71
14310.0,1,492.1,230,22,433,0,492.1
14311.0,2,516.45,235,31,243,324,258.225
14312.0,11,3090.29,1904,148,47,457,280.93545454545455
14314.0,2,229.79999999999998,332,10,107,324,114.89999999999999
14315.0,8,3197.82,1344,83,45,589,399.7275
14316.0,5,1370.34,4494,21,422,208,274.068
14317.0,1,508.58,255,24,65,0,508.58
14318.0,1,158.02,152,9,460,0,158.02
14319.0,1,494.85,329,26,424,0,494.85
14320.0,5,1346.75,713,68,207,480,269.35
14321.0,7,2218.06,3275,162,11,462,316.86571428571426
14322.0,4,474.1,158,10,429,230,118.525
14323.0,2,605.0600000000001,350,32,115,123,302.53000000000003
14324.0,2,701.61,402,41,410,283,350.805
14325.0,1,245.48000000000002,320,18,570,0,245.48000000000002
14326.0,3,940.98,572,54,242,290,313.66
14327.0,6,1894.93,1296,99,163,536,315.82166666666666
14328.0,1,445.05,1,1,438,0,445.05
14329.0,15,9887.62,5913,349,17,706,659.1746666666667
14330.0,1,200.63,103,13,624,0,200.63
14331.0,2,462.65999999999997,252,27,124,10,231.32999999999998
14332.0,5,1917.41,875,47,23,393,383.482
14333.0,1,415.2,58,15,68,0,415.2
14334.0,12,4318.48,2986,148,17,551,359.8733333333333
14335.0,2,454.86,375,55,16,80,227.43
14336.0,4,1614.91,1759,77,17,259,403.7275
14338.0,3,928.1,622,43,161,375,309.3666666666667
14339.0,2,620.27,456,21,243,186,310.135
14340.0,1,134.7,58,6,219,0,134.7
14341.0,18,4452.02,2813,185,45,693,247.33444444444447
14342.0,6,918.44,521,27,21,451,153.07333333333335
14343.0,4,1079.66,626,193,421,268,269.915
14344.0,20,2993.05,1546,140,127,498,149.6525
14345.0,1,108.97999999999999,50,6,39,0,108.97999999999999
14346.0,5,2315.75,1878,123,121,376,463.15
14347.0,1,82.60000000000001,48,6,737,0,82.60000000000001
14348.0,1,409.57,183,18,260,0,409.57
14349.0,1,133.5,86,31,10,0,133.5
14350.0,3,972.03,543,55,274,155,324.01
14351.0,1,51.0,12,1,165,0,51.0
14352.0,4,1078.96,538,44,157,116,269.74
14353.0,3,376.5,344,18,215,216,125.5
14354.0,2,163.62,210,9,6,24,81.81
14355.0,3,840.05,617,57,366,261,280.01666666666665
14356.0,2,701.23,277,33,80,1,350.615
14357.0,1,225.12,147,39,43,0,225.12
14358.0,2,400.06,338,21,389,38,200.03
14359.0,3,912.18,371,44,19,68,304.06
14360.0,4,2118.03,1139,104,32,62,529.5075
14361.0,1,214.70999999999998,251,14,579,0,214.70999999999998
14362.0,1,151.5,96,37,22,0,151.5
14363.0,2,227.47000000000003,105,8,402,49,113.73500000000001
14364.0,8,3717.35,1967,61,109,102,464.66875
14365.0,2,634.68,557,50,395,287,317.34
14366.0,1,136.0,16,1,525,0,136.0
14367.0,16,9227.82,4426,270,8,267,576.73875
14368.0,1,155.0,36,8,320,0,155.0
14369.0,2,469.13,255,24,642,19,234.565
14370.0,6,1175.78,266,37,451,226,195.96333333333334
14371.0,1,100.5,34,4,295,0,100.5
14372.0,2,860.08,378,36,443,156,430.04
14373.0,1,76.55,17,4,358,0,76.55
14374.0,1,108.0,20,7,541,0,108.0
14375.0,3,1106.82,647,176,185,355,368.94
14376.0,1,215.46,50,17,683,0,215.46
14377.0,2,617.05,219,11,191,70,308.525
14378.0,1,131.25,57,9,622,0,131.25
14379.0,4,1265.16,712,93,44,436,316.29
14380.0,1,48.96,1,1,682,0,48.96
14381.0,2,625.94,449,104,52,399,312.97
14382.0,2,1193.63,1667,227,26,363,596.815
14383.0,3,1247.69,817,49,38,125,415.8966666666667
14384.0,1,58.5,30,3,501,0,58.5
14385.0,3,202.10999999999999,159,13,9,14,67.36999999999999
14386.0,1,142.4,54,7,297,0,142.4
14387.0,3,1727.6,795,125,33,76,575.8666666666667
14388.0,16,6388.2,4190,184,10,678,399.2625
14389.0,5,1898.01,1388,48,65,525,379.602
14390.0,13,6150.03,2830,197,10,414,473.0792307692308
14391.0,1,135.6,168,14,577,0,135.6
14392.0,1,266.4,114,14,432,0,266.4
14393.0,1,67.95,13,5,218,0,67.95
14394.0,1,93.8,58,6,565,0,93.8
14395.0,20,7801.93,3872,320,2,598,390.0965
14396.0,7,1969.38,959,202,65,672,281.34000000000003
14397.0,19,2612.96,1890,18,3,210,137.52421052631578
14398.0,2,707.79,267,50,401,126,353.895
14399.0,8,2108.21,965,119,394,280,263.52625
14400.0,3,1732.47,1706,71,149,482,577.49
14401.0,22,6795.9,6401,171,4,721,308.9045454545454
14402.0,1,285.6,240,8,652,0,285.6
14403.0,6,1880.51,737,20,130,508,313.41833333333335
14404.0,13,2724.13,1577,123,34,685,209.54846153846154
14405.0,1,195.0,100,2,387,0,195.0
14406.0,1,156.75,77,8,119,0,156.75
14407.0,6,2157.73,1415,67,107,169,359.62166666666667
14408.0,11,4102.27,2438,63,11,721,372.9336363636364
14409.0,9,3427.29,2233,76,71,496,380.81
14410.0,11,2631.9,1369,307,92,344,239.26363636363638
14411.0,1,1063.0,196,14,311,0,1063.0
14412.0,3,1426.19,1428,75,43,381,475.3966666666667
14413.0,4,764.52,277,93,362,326,191.13
14414.0,8,2399.33,2877,99,92,283,299.91625
14415.0,23,11980.09,6263,445,1,722,520.8734782608695
14416.0,2,490.22,326,13,22,20,245.11
14417.0,1,524.65,543,106,388,0,524.65
14418.0,3,1937.25,1711,114,4,104,645.75
14419.0,7,1254.64,552,118,11,372,179.23428571428573
14420.0,4,1639.17,1120,85,99,592,409.7925
14421.0,6,2469.37,1342,72,57,634,411.56166666666667
14422.0,19,10271.52,6067,317,1,721,540.6063157894737
14423.0,3,916.61,419,12,218,476,305.5366666666667
14424.0,1,322.08,48,1,18,0,322.08
14425.0,3,661.39,325,35,435,302,220.46333333333334
14426.0,17,11727.94,7023,452,24,621,689.8788235294118
14427.0,4,1263.52,538,43,50,581,315.88
14428.0,5,1224.06,428,108,7,317,244.81199999999998
14429.0,1,516.28,286,22,404,0,516.28
14430.0,3,1220.9,446,29,512,95,406.9666666666667
14431.0,4,2614.2,1202,72,303,384,653.55
14432.0,6,2248.5,2013,256,10,79,374.75
14433.0,1,280.7,131,72,466,0,280.7
14434.0,6,1372.8,368,3,22,50,228.79999999999998
14435.0,1,90.42,282,3,502,0,90.42
14436.0,2,271.7,297,11,99,454,135.85
14437.0,5,873.34,420,34,366,217,174.668
14438.0,1,131.9,82,9,306,0,131.9
14439.0,5,9443.04,2244,105,320,367,1888.6080000000002
14440.0,13,5982.03,1605,63,8,729,460.1561538461538
14441.0,11,4611.6900000000005,1260,103,1,689,419.2445454545455
14442.0,7,5367.02,1431,128,205,485,766.7171428571429
14443.0,5,2082.97,1357,119,54,325,416.59399999999994
14444.0,1,120.44,172,11,456,0,120.44
14445.0,1,221.65,83,32,456,0,221.65
14446.0,5,1200.28,1091,259,1,385,240.05599999999998
14447.0,6,1711.73,913,81,19,381,285.28833333333336
14448.0,2,375.35,104,20,9,354,187.675
14449.0,8,2230.96,1604,301,19,417,278.87
14450.0,7,1128.44,522,47,181,429,161.2057142857143
14451.0,12,3258.68,1737,245,60,631,271.5566666666667
14452.0,4,658.95,285,108,11,510,164.7375
14453.0,1,119.93,49,22,190,0,119.93
14454.0,5,977.3000000000001,400,93,376,357,195.46
14455.0,4,617.72,706,65,432,63,154.43
14456.0,9,3017.28,2885,580,5,137,335.25333333333333
14457.0,1,113.64,88,4,311,0,113.64
14458.0,1,228.07,317,46,381,0,228.07
14459.0,2,5375.741,2303,113,155,496,2687.8705
14460.0,9,1093.5,1879,33,110,613,121.5
14461.0,13,6676.91,3005,515,148,542,513.6084615384615
14462.0,12,2242.81,1063,182,66,366,186.90083333333334
14463.0,4,786.5699999999999,210,7,98,401,196.64249999999998
14464.0,2,111.0,62,4,568,59,55.5
14465.0,11,3925.85,2539,128,247,454,356.8954545454545
14466.0,13,4267.15,2507,77,29,696,328.2423076923077
14467.0,12,2203.2400000000002,1187,144,18,720,183.60333333333335
14468.0,1,204.24,164,12,734,0,204.24
14469.0,4,2093.46,973,120,416,263,523.365
14470.0,3,712.04,282,56,12,418,237.34666666666666
14471.0,2,400.95,187,38,591,141,200.475
14472.0,9,2118.72,1271,173,104,585,235.4133333333333
14473.0,2,234.34,88,7,74,208,117.17
14474.0,2,1258.89,448,122,46,533,629.445
14475.0,4,1151.15,541,40,72,337,287.7875
14476.0,1,193.0,110,17,257,0,193.0
14477.0,7,1969.6,1120,7,20,684,281.37142857142857
14478.0,4,1276.66,1226,59,382,356,319.165
14479.0,4,1124.71,562,127,254,479,281.1775
14480.0,4,1299.52,670,52,11,707,324.88
14481.0,5,2284.69,1568,114,165,512,456.938
14482.0,12,4306.72,2869,185,18,451,358.8933333333334
14483.0,2,257.1,193,13,282,455,128.55
14484.0,4,1070.98,744,47,50,672,267.745
14485.0,1,162.8,70,44,39,0,162.8
14486.0,2,175.5,90,4,512,41,87.75
14487.0,7,1266.27,761,129,27,352,180.8957142857143
14488.0,1,1064.28,799,46,68,0,1064.28
14489.0,4,1574.93,1011,65,207,405,393.7325
14490.0,2,1273.47,933,72,406,22,636.735
14491.0,2,340.93,139,17,175,197,170.465
14492.0,7,1921.91,751,70,430,188,274.55857142857144
14493.0,10,5087.86,3148,292,7,634,508.78599999999994
14494.0,3,401.46,210,17,26,705,133.82
14495.0,3,174.8,68,7,51,609,58.26666666666667
14496.0,7,2363.89,905,64,312,321,337.6985714285714
14497.0,2,697.0600000000001,332,40,309,364,348.53000000000003
14498.0,10,3900.83,2120,276,43,507,390.08299999999997
14499.0,7,2101.79,1231,199,26,443,300.2557142857143
14500.0,3,356.85,117,6,88,101,118.95
14501.0,2,251.21,161,9,184,136,125.605
14502.0,11,2429.83,1480,368,20,293,220.89363636363635
14503.0,6,3543.26,2004,113,3,175,590.5433333333334
14504.0,4,673.26,308,85,47,231,168.315
14505.0,19,11879.08,5325,898,17,713,625.2147368421053
14506.0,7,2960.25,936,251,17,582,422.89285714285717
14507.0,11,3216.7400000000002,1491,182,24,705,292.4309090909091
14508.0,5,822.92,347,142,22,518,164.584
14509.0,1,110.95,38,25,534,0,110.95
14510.0,3,979.85,793,67,376,60,326.6166666666667
14511.0,5,1314.81,784,53,11,122,262.962
14512.0,7,1215.97,736,55,188,544,173.71
14513.0,6,788.01,593,15,101,467,131.335
14514.0,9,4380.04,2362,212,61,665,486.6711111111111
14515.0,12,3724.06,1893,109,18,532,310.3383333333333
14516.0,1,151.17,63,35,516,0,151.17
14517.0,2,330.45,91,17,33,108,165.225
14518.0,1,174.37,278,16,64,0,174.37
14519.0,2,203.14,81,38,684,45,101.57
14520.0,2,270.6,146,3,2,289,135.3
14521.0,1,199.45000000000002,211,17,491,0,199.45000000000002
14522.0,8,1748.42,956,34,24,659,218.5525
14523.0,1,241.09,251,12,108,0,241.09
14524.0,13,2909.86,1169,250,32,385,223.8353846153846
14525.0,17,8026.54,5106,340,20,706,472.14941176470586
14526.0,1,258.65,178,41,389,0,258.65
14527.0,122,27246.88,6647,607,3,735,223.3350819672131
14528.0,1,364.21999999999997,278,18,37,0,364.21999999999997
14529.0,3,578.61,325,177,60,50,192.87
14530.0,16,6088.87,2989,269,26,661,380.554375
14531.0,1,376.34,260,29,480,0,376.34
14532.0,11,3845.78,1111,209,236,462,349.61636363636364
14533.0,11,3466.37,6038,74,25,585,315.12454545454545
14534.0,26,6187.66,2822,437,3,631,237.98692307692306
14535.0,9,5973.2300000000005,3214,589,60,593,663.6922222222223
14536.0,1,170.95,39,18,260,0,170.95
14537.0,2,641.4,228,23,58,565,320.7
14538.0,5,1370.8400000000001,284,45,65,618,274.168
14539.0,2,537.48,428,31,16,28,268.74
14540.0,11,3709.64,1595,197,10,722,337.24
14541.0,14,2491.38,1123,99,59,642,177.9557142857143
14542.0,1,103.25,19,5,186,0,103.25
14543.0,39,14587.87,2639,106,29,709,374.0479487179487
14544.0,3,2938.53,2412,148,24,445,979.5100000000001
14545.0,1,349.25,236,23,674,0,349.25
14546.0,11,5184.84,2688,410,5,727,471.34909090909093
14547.0,8,3974.75,2639,198,4,50,496.84375
14548.0,9,2541.29,986,66,151,582,282.36555555555555
14549.0,4,913.6,394,117,311,425,228.4
14550.0,4,1345.06,771,77,11,473,336.265
14551.0,7,878.09,486,69,18,663,125.44142857142857
14552.0,3,507.93,258,124,152,440,169.31
14553.0,9,1818.6,1118,233,19,490,202.06666666666666
14554.0,4,2279.4900000000002,1443,147,10,42,569.8725000000001
14555.0,6,2304.03,842,94,57,664,384.00500000000005
14556.0,3,815.69,323,158,596,92,271.8966666666667
14557.0,1,788.38,510,16,85,0,788.38
14558.0,3,655.5,162,13,654,77,218.5
14559.0,1,75.6,72,2,390,0,75.6
14560.0,44,6114.03,4580,60,7,730,138.95522727272726
14561.0,3,1080.76,1014,67,76,108,360.25333333333333
14562.0,26,6638.150000000001,2574,245,4,666,255.31346153846155
14563.0,2,640.54,279,95,510,82,320.27
14564.0,2,2605.62,1295,107,435,300,1302.81
14565.0,5,3859.2200000000003,1940,139,96,377,771.844
14566.0,4,4092.0,2400,9,111,423,1023.0
14567.0,2,1530.3600000000001,412,33,57,73,765.1800000000001
14568.0,1,919.7,645,47,435,0,919.7
14569.0,4,597.33,257,31,1,602,149.3325
14570.0,3,613.75,431,64,281,162,204.58333333333334
14571.0,1,160.0,56,30,425,0,160.0
14572.0,11,5526.88,2878,336,3,618,502.44363636363636
14573.0,13,2163.12,683,183,180,520,166.39384615384614
14574.0,1,143.70000000000002,63,11,733,0,143.70000000000002
14575.0,1,420.22,163,71,488,0,420.22
14576.0,1,35.400000000000006,12,1,372,0,35.400000000000006
14577.0,7,1364.15,569,104,13,716,194.87857142857143
14578.0,1,168.63,240,24,3,0,168.63
14579.0,1,105.56,56,24,432,0,105.56
14580.0,1,14.85,3,1,518,0,14.85
14581.0,2,409.65,304,59,17,527,204.825
14582.0,1,114.11,73,6,41,0,114.11
14583.0,8,1660.29,1071,353,6,615,207.53625
14584.0,8,1738.16,960,127,169,491,217.27
14585.0,5,1143.27,630,88,50,366,228.654
14586.0,1,237.35999999999999,444,19,277,0,237.35999999999999
14587.0,9,1580.29,749,170,19,312,175.58777777777777
14588.0,1,135.39,62,16,578,0,135.39
14589.0,1,39.75,5,3,372,0,39.75
14590.0,20,2993.37,901,124,425,307,149.6685
14591.0,4,1320.21,1228,138,15,197,330.0525
14592.0,3,557.94,407,132,35,28,185.98000000000002
14593.0,12,3665.53,1848,436,22,708,305.46083333333337
14594.0,2,363.33,183,48,7,365,181.665
14595.0,8,2164.45,1228,119,20,668,270.55625
14596.0,1,222.22,75,50,627,0,222.22
14597.0,6,2184.63,1436,79,11,425,364.105
14598.0,2,384.04,354,83,44,525,192.02
14599.0,2,457.89,292,77,390,118,228.945
14600.0,2,865.17,487,53,306,87,432.585
14601.0,1,213.96,168,7,11,0,213.96
14602.0,1,205.36,80,31,656,0,205.36
14603.0,1,660.0,400,2,275,0,660.0
14604.0,1,143.85999999999999,88,20,633,0,143.85999999999999
14605.0,4,921.5600000000001,416,88,374,357,230.39000000000001
14606.0,192,29951.37,15217,1262,1,735,155.99671874999999
14607.0,22,23763.13,15335,106,16,708,1080.1422727272727
14608.0,11,3352.94,927,15,4,729,304.8127272727273
14609.0,10,1486.2,12720,6,72,596,148.62
14610.0,2,24.35,15,10,396,118,12.175
14611.0,2,604.3299999999999,582,37,444,154,302.16499999999996
14612.0,1,877.7,134,14,415,0,877.7
14613.0,1,76.32000000000001,72,1,680,0,76.32000000000001
14614.0,1,295.13,189,19,386,0,295.13
14615.0,5,951.76,495,40,394,153,190.352
14616.0,5,527.78,170,3,243,306,105.556
14617.0,2,190.47,81,7,403,13,95.235
14618.0,7,1342.32,704,40,9,537,191.76
14619.0,2,1291.24,594,58,246,295,645.62
14620.0,2,412.78000000000003,214,26,206,78,206.39000000000001
14621.0,9,3000.57,1706,134,1,682,333.3966666666667
14622.0,1,320.58000000000004,146,21,185,0,320.58000000000004
14623.0,10,2016.98,1025,193,32,569,201.698
14624.0,6,814.0699999999999,645,39,57,547,135.6783333333333
14625.0,11,4497.88,2155,167,196,527,408.89818181818185
14626.0,11,5410.92,3135,181,24,705,491.9018181818182
14627.0,1,462.75,284,29,379,0,462.75
14628.0,5,1998.0,1147,65,91,592,399.6
14629.0,2,955.26,378,133,4,43,477.63
14630.0,1,338.65,111,21,484,0,338.65
14631.0,6,2025.69,1407,65,51,436,337.615
14632.0,1,114.56,96,8,263,0,114.56
14633.0,1,344.90000000000003,96,20,266,0,344.90000000000003
14634.0,4,2124.46,1906,105,438,104,531.115
14635.0,1,215.22,118,15,454,0,215.22
14636.0,2,609.85,241,27,36,232,304.925
14637.0,1,106.67999999999999,100,7,677,0,106.67999999999999
14638.0,1,443.6,166,16,51,0,443.6
14639.0,9,4978.96,2410,203,52,609,553.2177777777778
14640.0,10,3649.36,1645,165,24,661,364.93600000000004
14641.0,1,110.46,90,7,22,0,110.46
14642.0,1,96.12,76,2,59,0,96.12
14643.0,5,1679.89,1377,57,170,558,335.978
14644.0,7,2247.72,770,50,68,668,321.1028571428571
14645.0,3,876.89,587,45,157,477,292.2966666666667
14646.0,151,528602.52,367193,961,2,735,3500.678940397351
14647.0,2,506.04,175,42,201,322,253.02
14648.0,15,4466.65,3265,286,416,312,297.77666666666664
14649.0,9,3651.19,2415,374,5,683,405.6877777777778
14650.0,1,62.5,22,4,589,0,62.5
14651.0,9,2025.52,880,216,67,564,225.05777777777777
14652.0,1,114.18,53,29,77,0,114.18
14653.0,12,3593.06,1969,271,1,736,299.4216666666667
14654.0,1,246.86,273,27,738,0,246.86
14655.0,7,3878.51,2341,72,8,588,554.0728571428572
14656.0,5,790.0,309,148,169,434,158.0
14657.0,6,1450.19,879,143,18,417,241.69833333333335
14658.0,2,247.15,47,27,5,111,123.575
14659.0,9,2529.93,1195,147,9,306,281.1033333333333
14660.0,2,285.74,228,24,87,14,142.87
14661.0,1,107.95,35,4,27,0,107.95
14662.0,7,1376.43,907,199,29,707,196.63285714285715
14663.0,2,490.6,397,60,430,0,245.3
14664.0,2,636.24,465,78,20,13,318.12
14665.0,7,2749.65,1144,94,61,531,392.8071428571429
14666.0,1,195.25,161,14,24,0,195.25
14667.0,54,20395.34,11939,578,11,726,377.6914814814815
14668.0,1,111.63,49,10,445,0,111.63
14669.0,7,3216.78,2043,334,242,495,459.54
14670.0,3,583.33,423,159,280,452,194.44333333333336
14671.0,2,1127.45,571,48,549,18,563.725
14672.0,4,1113.14,646,93,235,445,278.285
14673.0,7,3037.32,1822,86,3,406,433.90285714285716
14674.0,1,173.66,103,14,509,0,173.66
14675.0,2,1015.58,660,196,16,372,507.79
14676.0,12,8356.79,8792,77,31,608,696.3991666666667
14677.0,1,184.91,139,14,593,0,184.91
14678.0,1,403.39,179,24,579,0,403.39
14679.0,3,1289.44,794,49,382,349,429.81333333333333
14680.0,58,55688.5,26894,222,25,710,960.1465517241379
14681.0,6,875.1500000000001,172,19,71,582,145.85833333333335
14682.0,6,1514.81,949,79,188,484,252.46833333333333
14683.0,1,146.56,386,21,588,0,146.56
14684.0,6,1430.03,1005,272,26,364,238.33833333333334
14685.0,8,4536.64,1969,109,576,150,567.08
14686.0,5,852.53,457,185,414,245,170.506
14687.0,3,1402.06,850,34,107,445,467.3533333333333
14688.0,28,7190.42,5041,197,8,448,256.80071428571426
14689.0,1,112.80000000000001,76,13,209,0,112.80000000000001
14690.0,4,777.6800000000001,341,69,44,366,194.42000000000002
14691.0,5,2114.33,707,50,31,182,422.866
14692.0,12,1715.1399999999999,890,101,137,480,142.9283333333333
14693.0,7,1165.3600000000001,388,43,265,261,166.48000000000002
14694.0,1,244.31,193,15,617,0,244.31
14695.0,3,1534.22,661,76,519,213,511.4066666666667
14696.0,8,2473.28,1867,137,4,417,309.16
14697.0,2,188.61,181,22,218,0,94.305
14698.0,5,1217.27,602,148,2,49,243.454
14699.0,4,702.6,484,45,214,311,175.65
14700.0,5,3076.06,1606,111,32,453,615.212
14701.0,15,4487.11,1744,455,11,674,299.1406666666666
14702.0,29,6368.78,2878,338,1,727,219.61310344827587
14703.0,1,318.17,183,22,15,0,318.17
14704.0,11,1752.92,1164,319,11,612,159.35636363636365
14705.0,1,179.0,100,1,199,0,179.0
14706.0,1,367.54,246,25,619,0,367.54
14707.0,2,139.2,96,1,436,141,69.6
14708.0,5,1793.22,1159,27,3,452,358.644
14709.0,25,8886.33,4141,105,15,719,355.4532
14710.0,13,1899.79,1135,310,14,721,146.1376923076923
14711.0,11,2839.62,966,221,10,252,258.1472727272727
14712.0,4,1328.0700000000002,411,24,29,388,332.01750000000004
14713.0,21,5115.76,3329,222,9,726,243.60761904761907
14714.0,4,906.24,642,64,24,663,226.56
14715.0,8,1825.45,1030,102,25,664,228.18125
14716.0,3,543.28,643,85,43,401,181.09333333333333
14717.0,1,81.3,32,11,733,0,81.3
14718.0,1,226.42,202,11,410,0,226.42
14719.0,5,1581.84,1025,177,2,247,316.368
14720.0,3,663.81,219,34,6,120,221.26999999999998
14721.0,1,109.07,57,24,379,0,109.07
14722.0,3,489.52,214,72,147,339,163.17333333333332
14723.0,11,1803.06,1168,287,10,725,163.91454545454545
14724.0,1,341.9,184,40,590,0,341.9
14725.0,4,1252.74,1335,85,25,510,313.185
14726.0,1,116.5,82,15,655,0,116.5
14727.0,3,463.72999999999996,458,43,274,272,154.57666666666665
14728.0,1,190.58,68,14,413,0,190.58
14729.0,3,586.24,372,126,374,251,195.41333333333333
14730.0,8,1897.57,1078,317,1,275,237.19625
14731.0,3,380.02,256,38,47,165,126.67333333333333
14732.0,19,5517.07,2273,162,8,722,290.3721052631579
14733.0,15,14335.15,5799,140,16,385,955.6766666666666
14734.0,4,1056.42,378,48,426,125,264.105
14735.0,56,12240.16,4513,198,4,732,218.5742857142857
14736.0,2,374.05,148,70,485,0,187.025
14737.0,4,3554.17,1071,28,4,396,888.5425
14738.0,9,1821.9,757,58,43,689,202.43333333333334
14739.0,25,11573.62,9696,129,4,733,462.94480000000004
14740.0,11,4161.06,2081,173,197,455,378.27818181818185
14741.0,7,1713.09,1006,48,12,405,244.72714285714284
14742.0,1,579.85,374,34,435,0,579.85
14743.0,1,50.48,40,3,593,0,50.48
14744.0,14,3660.08,2399,57,16,553,261.4342857142857
14745.0,12,2551.41,1969,74,113,524,212.61749999999998
14746.0,4,593.5,398,7,406,17,148.375
14747.0,1,328.2,84,18,249,0,328.2
14748.0,10,2681.9,2422,129,29,616,268.19
14749.0,1,310.15,403,18,480,0,310.15
14750.0,1,112.03,65,32,736,0,112.03
14751.0,2,126.45,65,7,684,41,63.225
14752.0,1,389.64,260,5,44,0,389.64
14753.0,2,869.51,412,45,87,373,434.755
14754.0,6,1547.93,1010,110,45,646,257.98833333333334
14755.0,25,9972.550000000001,4401,219,10,726,398.90200000000004
14756.0,3,2653.76,1423,102,15,409,884.5866666666667
14757.0,1,420.5,160,19,75,0,420.5
14758.0,7,2864.97,840,91,145,465,409.28142857142853
14759.0,3,1625.97,569,92,5,228,541.99
14760.0,1,89.2,40,5,297,0,89.2
14761.0,3,447.92,206,21,59,385,149.30666666666667
14762.0,2,417.57,428,28,264,362,208.785
14764.0,1,278.3,190,6,47,0,278.3
14765.0,3,254.11,135,38,29,147,84.70333333333333
14766.0,11,6375.73,3999,251,8,543,579.6118181818182
14767.0,1,382.81,117,18,474,0,382.81
14768.0,2,192.60000000000002,52,4,17,109,96.30000000000001
14769.0,17,15514.11,11058,834,3,721,912.594705882353
14770.0,8,3637.64,1598,152,232,419,454.705
14771.0,2,594.62,622,46,621,115,297.31
14772.0,1,139.26,82,9,112,0,139.26
14773.0,1,140.55,53,10,593,0,140.55
14774.0,1,241.45,99,13,529,0,241.45
14775.0,3,1011.9,1174,57,58,313,337.3
14776.0,15,3708.2999999999997,4658,68,51,395,247.21999999999997
14777.0,1,307.56,212,16,404,0,307.56
14778.0,2,730.86,306,34,127,181,365.43
14779.0,3,386.15,84,40,281,43,128.71666666666667
14780.0,2,447.68,310,26,55,24,223.84
14782.0,1,200.10000000000002,114,6,320,0,200.10000000000002
14783.0,1,307.3,262,17,659,0,307.3
14784.0,3,449.93,363,25,26,363,149.97666666666666
14785.0,2,77.4,84,2,10,4,38.7
14786.0,1,90.96,112,7,550,0,90.96
14787.0,1,110.65,59,14,471,0,110.65
14788.0,3,1156.32,719,53,7,588,385.44
14789.0,1,197.64,116,6,29,0,197.64
14790.0,10,2526.62,2642,65,17,711,252.66199999999998
14791.0,1,303.63,127,19,607,0,303.63
14792.0,1,6.2,2,2,64,0,6.2
14793.0,2,625.9,361,39,21,513,312.95
14794.0,10,1953.9,783,85,3,484,195.39000000000001
14795.0,1,131.45000000000002,17,6,166,0,131.45000000000002
14796.0,27,10169.33,7188,487,1,724,376.64185185185187
14797.0,1,300.31,99,16,507,0,300.31
14798.0,8,724.31,601,30,53,596,90.53875
14799.0,2,338.15,495,20,51,686,169.075
14800.0,17,7191.33,6501,337,48,387,423.01941176470586
14801.0,1,189.34,173,56,61,0,189.34
14802.0,2,1502.98,2,1,438,0,751.49
14803.0,3,845.5500000000001,370,35,162,130,281.85
14804.0,1,353.27,121,12,9,0,353.27
14805.0,7,1082.55,416,88,15,606,154.65
14806.0,2,303.43,423,17,75,363,151.715
14807.0,2,504.14,234,37,391,259,252.07
14808.0,8,2718.6,2120,176,40,132,339.825
14809.0,2,686.76,232,18,621,0,343.38
14810.0,13,2354.03,1162,125,41,388,181.07923076923078
14811.0,1,170.5,74,28,387,0,170.5
14812.0,1,178.85,135,36,599,0,178.85
14813.0,4,888.91,392,110,370,241,222.2275
14814.0,1,154.21,93,28,581,0,154.21
14815.0,2,778.5,744,53,37,31,389.25
14816.0,1,271.85,5,4,197,0,271.85
14817.0,7,3959.86,2462,142,200,427,565.6942857142857
14818.0,6,1153.56,543,87,74,573,192.26
14819.0,4,456.41,170,52,64,653,114.1025
14820.0,9,1274.76,724,51,21,656,141.64
14821.0,7,1230.15,459,65,367,309,175.7357142857143
14822.0,1,157.7,94,9,485,0,157.7
14823.0,3,321.43,88,56,180,14,107.14333333333333
14824.0,10,4022.91,1954,84,10,627,402.291
14825.0,24,4735.08,2774,187,4,608,197.295
14826.0,2,385.2,152,10,582,113,192.6
14828.0,13,9839.460000000001,9718,72,197,535,756.8815384615385
14829.0,7,1455.8700000000001,957,77,29,407,207.98142857142858
14830.0,1,188.88,164,39,53,0,188.88
14831.0,3,1676.57,885,67,680,57,558.8566666666667
14832.0,1,322.69,1,1,630,0,322.69
14833.0,1,94.8,58,7,499,0,94.8
14834.0,7,2206.16,872,55,18,389,315.1657142857143
14835.0,2,297.0,180,1,529,88,148.5
14836.0,3,102.44999999999999,45,5,10,20,34.15
14837.0,9,3460.32,3030,171,90,595,384.48
14838.0,2,769.9200000000001,361,69,423,313,384.96000000000004
14839.0,3,915.28,927,61,418,285,305.0933333333333
14840.0,2,362.71,179,20,268,271,181.355
14841.0,14,7163.0,4164,196,53,683,511.64285714285717
14842.0,4,2824.69,1166,128,44,264,706.1725
14843.0,1,211.79999999999998,132,9,437,0,211.79999999999998
14844.0,10,6702.43,4369,158,64,542,670.243
14845.0,1,150.0,600,1,600,0,150.0
14846.0,1,437.4,193,12,427,0,437.4
14847.0,3,1348.95,533,56,149,415,449.65000000000003
14848.0,1,310.56,260,11,405,0,310.56
14849.0,43,15407.61,11838,279,22,676,358.316511627907
14850.0,7,1770.96,1393,129,312,256,252.99428571428572
14851.0,3,829.41,631,38,23,607,276.46999999999997
14852.0,18,6132.43,4366,152,58,585,340.6905555555556
14853.0,5,1376.87,345,26,24,581,275.37399999999997
14854.0,11,4303.06,2987,170,78,608,391.1872727272728
14855.0,7,6520.3,3510,168,119,491,931.4714285714286
14856.0,3,1290.53,711,65,36,20,430.1766666666667
14857.0,7,3651.851,2081,170,60,574,521.693
14858.0,1,180.75,105,11,506,0,180.75
14859.0,5,1705.64,888,51,13,542,341.12800000000004
14860.0,1,170.32,232,11,19,0,170.32
14861.0,10,1380.73,1076,62,52,679,138.073
14862.0,2,841.2,772,47,26,122,420.6
14863.0,1,266.76,132,11,29,0,266.76
14865.0,4,92.52,204,4,7,731,23.13
14866.0,19,20746.54,9089,40,11,459,1091.923157894737
14867.0,16,2952.06,996,67,186,548,184.50375
14868.0,12,4184.01,2230,132,3,416,348.6675
14869.0,6,2778.14,2130,187,9,715,463.0233333333333
14870.0,6,1838.95,483,43,262,422,306.4916666666667
14871.0,9,1228.17,446,123,3,735,136.46333333333334
14872.0,3,816.6,662,34,484,149,272.2
14873.0,2,854.13,311,48,210,423,427.065
14874.0,1,116.18,148,6,535,0,116.18
14875.0,3,2862.4,1332,88,108,334,954.1333333333333
14876.0,2,256.7,162,12,521,40,128.35
14877.0,2,425.85,168,57,418,224,212.925
14878.0,25,4076.5,2416,159,13,644,163.06
14879.0,1,185.06,104,27,685,0,185.06
14880.0,3,690.59,365,45,77,211,230.1966666666667
14881.0,1,255.4,316,17,20,0,255.4
14882.0,14,3546.65,1614,32,27,592,253.33214285714286
14883.0,6,761.59,790,39,19,193,126.93166666666667
14884.0,1,120.6,72,8,669,0,120.6
14885.0,3,1598.12,1308,24,132,334,532.7066666666666
14886.0,1,364.8,160,18,253,0,364.8
14887.0,1,1862.0,1100,6,79,0,1862.0
14888.0,1,369.2,184,20,207,0,369.2
14889.0,1,135.9,90,10,336,0,135.9
14890.0,3,817.25,636,55,254,406,272.4166666666667
14891.0,4,1106.73,788,55,148,288,276.6825
14892.0,1,202.35000000000002,79,13,691,0,202.35000000000002
14893.0,3,1809.6100000000001,1047,98,10,608,603.2033333333334
14894.0,3,1492.81,603,39,85,652,497.6033333333333
14895.0,38,25119.54,10714,441,8,721,661.0405263157895
14896.0,8,1826.0,931,150,205,528,228.25
14897.0,8,3140.54,1162,94,8,716,392.5675
14898.0,14,3365.95,2207,185,23,712,240.42499999999998
14899.0,1,1331.38,570,126,395,0,1331.38
14900.0,1,13.919999999999998,48,1,522,0,13.919999999999998
14901.0,12,1919.0,880,103,11,487,159.91666666666666
14902.0,3,1035.6200000000001,716,51,26,527,345.2066666666667
14903.0,5,2795.33,1531,227,21,257,559.066
14904.0,4,1630.49,2522,127,2,425,407.6225
14905.0,8,1971.39,1009,45,158,578,246.42375
14906.0,1,68.44,1,1,445,0,68.44
14907.0,16,5547.72,2583,153,3,599,346.7325
14908.0,2,381.9,182,14,74,388,190.95
14909.0,3,1404.68,888,61,437,226,468.2266666666667
14910.0,4,434.35,238,25,3,51,108.5875
14911.0,398,291420.81,147972,2550,1,737,732.2130904522613
14912.0,6,1889.25,1819,44,17,665,314.875
14913.0,8,4073.13,3955,176,36,449,509.14125
14915.0,11,1811.25,707,65,91,645,164.6590909090909
14916.0,8,3042.95,2415,113,71,546,380.36875
14917.0,2,1123.75,891,29,597,0,561.875
14918.0,9,5955.81,2551,79,116,495,661.7566666666667
14919.0,1,359.35,129,13,539,0,359.35
14920.0,3,1607.17,886,90,213,352,535.7233333333334
14921.0,2,1316.07,953,78,30,171,658.035
14922.0,2,843.74,376,49,394,114,421.87
14923.0,1,749.1,418,44,51,0,749.1
14924.0,3,931.01,312,30,246,393,310.33666666666664
14926.0,2,359.4,204,2,382,216,179.7
14927.0,1,308.2,196,20,397,0,308.2
14928.0,1,223.91000000000003,268,21,628,0,223.91000000000003
14929.0,2,836.69,487,34,32,389,418.345
14930.0,6,5236.73,2193,213,109,497,872.7883333333333
14931.0,5,1257.68,417,30,5,236,251.536
14932.0,2,666.13,257,29,366,20,333.065
14933.0,4,1770.0,600,1,444,0,442.5
14934.0,5,3503.5,2100,115,82,359,700.7
14935.0,2,2849.83,1931,25,297,322,1424.915
14936.0,12,12410.81,6274,267,34,549,1034.2341666666666
14937.0,3,1621.88,484,33,57,73,540.6266666666667
14938.0,2,2322.43,1369,71,562,0,1161.215
14940.0,2,531.49,384,32,418,315,265.745
14941.0,1,182.1,80,7,579,0,182.1
14942.0,4,746.56,354,12,402,328,186.64
14943.0,1,107.62,46,5,663,0,107.62
14944.0,19,9784.67,4864,184,30,631,514.9826315789473
14945.0,1,179.4,156,11,414,0,179.4
14946.0,1,100.9,22,3,14,0,100.9
14947.0,6,1049.79,416,47,72,552,174.965
14948.0,6,1101.97,673,56,23,196,183.66166666666666
14949.0,4,515.0,250,16,469,252,128.75
14950.0,1,371.2,136,19,19,0,371.2
14951.0,1,311.69,311,20,79,0,311.69
14952.0,32,17629.35,6977,240,60,676,550.9171875
14953.0,4,971.32,1014,202,25,410,242.83
14954.0,2,462.12,209,111,12,690,231.06
14955.0,1,163.77,74,30,733,0,163.77
14956.0,1,1325.0,2500,4,421,0,1325.0
14957.0,2,261.69,97,27,253,391,130.845
14958.0,6,941.99,248,52,147,588,156.99833333333333
14959.0,4,695.42,494,37,64,232,173.855
14960.0,2,221.27,221,23,8,162,110.635
14961.0,22,16410.15,8372,328,11,724,745.9159090909092
14962.0,4,366.91,123,14,271,313,91.7275
14963.0,12,3123.57,2287,304,10,515,260.2975
14964.0,1,206.21,143,13,247,0,206.21
14965.0,2,596.09,363,80,96,0,298.045
14966.0,6,1064.26,1060,125,15,709,177.37666666666667
14967.0,6,1982.6100000000001,652,22,50,686,330.435
14968.0,2,501.24,257,83,30,428,250.62
14969.0,1,906.2299999999999,665,13,704,0,906.2299999999999
14970.0,12,4919.35,982,71,68,595,409.9458333333334
14971.0,3,1097.98,639,144,35,8,365.99333333333334
14972.0,2,145.07,40,20,128,252,72.535
14973.0,3,1314.45,369,29,107,118,438.15000000000003
14974.0,1,89.94,37,17,37,0,89.94
14975.0,2,472.39,507,25,57,363,236.195
14976.0,7,790.86,234,47,57,269,112.98
14977.0,1,31.929999999999996,17,4,726,0,31.929999999999996
14978.0,10,3112.19,736,175,72,518,311.219
14979.0,1,429.66,209,42,735,0,429.66
14980.0,1,150.68,79,24,737,0,150.68
14981.0,2,372.92,241,20,246,177,186.46
14982.0,1,237.78,125,39,572,0,237.78
14983.0,1,183.20000000000002,90,30,689,0,183.20000000000002
14984.0,6,1260.51,348,48,19,678,210.085
14985.0,2,292.01,256,78,198,159,146.005
14986.0,2,563.1,338,87,376,307,281.55
14987.0,8,1550.6499999999999,607,4,16,721,193.83124999999998
14988.0,7,2038.65,1260,171,212,390,291.2357142857143
14989.0,1,342.4,200,18,662,0,342.4
14990.0,2,304.17,129,41,612,118,152.085
14991.0,1,314.67,191,21,430,0,314.67
14992.0,1,210.5,145,27,442,0,210.5
14993.0,1,36.13,21,9,564,0,36.13
14994.0,5,946.72,568,233,382,240,189.344
14995.0,2,231.98000000000002,102,53,39,241,115.99000000000001
14996.0,2,442.28999999999996,404,37,481,0,221.14499999999998
14997.0,4,776.5999999999999,1408,36,46,609,194.14999999999998
14998.0,4,753.18,352,111,170,435,188.295
14999.0,1,129.48000000000002,88,9,593,0,129.48000000000002
15000.0,1,490.52,218,76,48,0,490.52
15001.0,2,199.10999999999999,70,44,394,0,99.55499999999999
15002.0,9,4138.08,2214,220,116,580,459.78666666666663
15003.0,6,1027.03,525,253,473,209,171.17166666666665
15004.0,1,1220.77,623,154,147,0,1220.77
15005.0,56,13754.58,8666,591,16,722,245.6175
15006.0,2,757.78,387,165,51,402,378.89
15007.0,1,156.91,69,12,159,0,156.91
15008.0,2,360.0,1500,6,480,157,180.0
15009.0,3,1259.43,639,148,12,12,419.81
15010.0,1,308.94,184,20,36,0,308.94
15011.0,2,416.6,289,17,396,20,208.3
15012.0,3,646.26,383,165,54,523,215.42
15013.0,10,1610.82,1715,177,488,189,161.082
15014.0,2,257.67,149,29,43,133,128.835
15015.0,13,2354.97,1584,158,501,223,181.15153846153845
15016.0,5,620.89,243,93,173,370,124.178
15017.0,1,125.58,63,20,34,0,125.58
15018.0,3,496.21,189,30,39,329,165.40333333333334
15019.0,1,252.81,150,64,267,0,252.81
15020.0,1,198.47,111,27,379,0,198.47
15021.0,12,2500.59,1079,355,9,489,208.38250000000002
15022.0,5,1133.44,640,115,12,665,226.68800000000002
15023.0,20,11578.65,4758,486,3,671,578.9325
15024.0,16,3559.39,1924,168,10,414,222.461875
15025.0,2,979.79,503,132,33,535,489.895
15026.0,5,1048.89,655,109,80,368,209.77800000000002
15027.0,10,3195.6,2782,69,31,593,319.56
15028.0,6,962.94,673,65,8,385,160.49
15029.0,1,365.1,234,10,620,0,365.1
15030.0,8,1979.91,1225,25,72,573,247.48875
15031.0,14,3102.94,1576,237,4,727,221.63857142857142
15032.0,8,11010.05,6601,39,256,472,1376.25625
15033.0,10,2557.18,1672,315,5,324,255.718
15034.0,14,8231.2,4748,416,16,561,587.9428571428572
15035.0,1,252.73000000000002,245,26,90,0,252.73000000000002
15036.0,3,429.56,316,107,72,107,143.18666666666667
15037.0,2,397.76,298,40,376,0,198.88
15038.0,9,1146.53,381,190,59,366,127.39222222222222
15039.0,93,39141.48,17780,562,10,719,420.8761290322581
15040.0,1,7.49,1,1,542,0,7.49
15041.0,2,289.4,194,98,170,274,144.7
15042.0,2,315.45,238,9,199,396,157.725
15043.0,6,2870.3199999999997,1019,39,31,501,478.3866666666666
15044.0,35,16024.15,5241,344,19,703,457.8328571428571
15045.0,2,735.66,114,11,152,105,367.83
15046.0,25,7623.79,4585,248,9,685,304.9516
15047.0,1,343.62,222,22,270,0,343.62
15048.0,4,381.0,192,86,65,303,95.25
15049.0,1,121.17000000000002,63,3,274,0,121.17000000000002
15050.0,5,4087.19,2600,116,25,455,817.438
15051.0,9,3926.91,3052,226,23,715,436.3233333333333
15052.0,1,207.73000000000002,79,27,319,0,207.73000000000002
15053.0,3,693.95,984,49,5,277,231.3166666666667
15054.0,2,302.1,198,105,12,28,151.05
15055.0,3,549.12,225,77,475,248,183.04
15056.0,1,113.65,69,6,520,0,113.65
15057.0,5,3255.96,1394,62,275,458,651.192
15058.0,16,3387.58,1645,232,25,628,211.72375
15059.0,19,3491.2,1599,308,41,692,183.7473684210526
15060.0,4,294.25,257,81,8,0,73.5625
15061.0,127,126389.02,74280,131,4,734,995.1891338582677
15062.0,8,2585.62,1872,98,71,539,323.2025
15063.0,1,370.79999999999995,56,5,213,0,370.79999999999995
15064.0,4,1254.41,810,75,410,306,313.6025
15065.0,5,3326.86,1446,156,38,373,665.3720000000001
15066.0,1,893.59,317,42,53,0,893.59
15067.0,5,3862.88,2151,170,78,528,772.576
15068.0,4,1174.9,832,178,46,575,293.725
15069.0,1,1109.53,520,70,179,0,1109.53
15070.0,3,737.05,339,26,373,351,245.6833333333333
15071.0,4,1455.56,416,41,94,476,363.89
15072.0,1,187.51999999999998,164,13,479,0,187.51999999999998
15073.0,8,2788.02,1410,115,10,672,348.5025
15074.0,3,1553.13,1039,63,105,362,517.71
15075.0,1,773.03,447,27,78,0,773.03
15076.0,3,1447.74,866,68,173,349,482.58
15077.0,2,2428.08,528,28,495,235,1214.04
15078.0,53,17286.73,8777,118,7,728,326.1647169811321
15079.0,11,3625.4,1459,119,213,519,329.58181818181816
15080.0,2,546.25,287,31,428,74,273.125
15081.0,12,1854.57,749,75,22,513,154.54749999999999
15082.0,1,93.35000000000001,43,6,669,0,93.35000000000001
15083.0,1,88.2,38,5,257,0,88.2
15084.0,2,965.1999999999999,600,31,380,266,482.59999999999997
15085.0,1,347.54,169,9,730,0,347.54
15086.0,2,218.53,95,10,565,60,109.265
15087.0,1,306.94,470,15,282,0,306.94
15088.0,2,1160.07,460,53,21,45,580.035
15089.0,6,2420.84,1359,139,10,118,403.47333333333336
15090.0,1,381.32,208,23,308,0,381.32
15091.0,3,1046.6100000000001,582,55,68,607,348.87000000000006
15092.0,3,776.46,230,39,215,247,258.82
15093.0,23,13702.380000000001,10778,104,18,713,595.7556521739131
15094.0,2,83.0,28,4,463,181,41.5
15095.0,10,3141.64,2233,90,104,584,314.164
15096.0,1,219.39000000000001,120,11,43,0,219.39000000000001
15097.0,3,908.35,424,59,4,578,302.78333333333336
15098.0,3,39916.5,121,1,182,0,13305.5
15099.0,1,410.48,343,23,84,0,410.48
15100.0,7,2193.8999999999996,270,11,334,367,313.41428571428565
15101.0,6,1477.94,676,52,9,581,246.32333333333335
15102.0,2,554.67,339,26,531,16,277.335
15103.0,2,703.36,329,35,31,55,351.68
15104.0,2,993.54,635,66,197,85,496.77
15105.0,9,3094.91,1747,129,18,608,343.87888888888887
15106.0,5,1422.52,1181,90,18,251,284.504
15107.0,9,824.35,330,32,311,140,91.59444444444445
15108.0,4,1300.25,499,50,142,85,325.0625
15109.0,3,983.1,258,46,246,489,327.7
15110.0,6,1505.85,337,23,24,461,250.975
15111.0,5,2442.37,1058,109,29,563,488.474
15112.0,1,209.4,72,7,611,0,209.4
15113.0,3,3509.43,2344,77,10,44,1169.81
15114.0,12,3400.12,3532,151,30,390,283.3433333333333
15115.0,2,531.85,245,35,18,714,265.925
15116.0,4,1352.75,648,37,18,187,338.1875
15117.0,8,2485.97,3093,89,15,619,310.74625
15118.0,1,244.8,1440,1,134,0,244.8
15119.0,1,266.4,88,14,246,0,266.4
15120.0,1,358.82,296,21,134,0,358.82
15121.0,2,457.71999999999997,199,28,50,238,228.85999999999999
15122.0,11,4487.27,2033,155,114,505,407.9336363636364
15123.0,5,4656.17,2524,149,7,626,931.234
15124.0,4,450.82,462,30,23,628,112.705
15125.0,24,17024.87,8433,151,25,593,709.3695833333333
15126.0,2,449.49,273,25,537,150,224.745
15127.0,2,711.5,464,27,66,454,355.75
15128.0,5,1783.68,1583,87,60,369,356.736
15129.0,23,6860.18,4002,86,50,559,298.2686956521739
15130.0,1,330.11,197,22,170,0,330.11
15131.0,1,80.28,88,7,395,0,80.28
15132.0,5,977.9300000000001,679,49,18,244,195.586
15133.0,5,1806.9,960,45,128,392,361.38
15134.0,10,1596.29,1057,47,15,407,159.629
15135.0,2,305.68,84,17,239,317,152.84
15136.0,4,1286.7,776,61,3,93,321.675
15137.0,2,823.4,596,34,521,159,411.7
15138.0,1,502.52,300,31,394,0,502.52
15139.0,2,178.96,208,13,240,96,89.48
15140.0,8,3243.69,2010,103,52,390,405.46125
15141.0,7,1388.47,1197,44,458,163,198.35285714285715
15142.0,6,2619.92,2155,115,46,454,436.65333333333336
15143.0,2,563.63,320,27,226,206,281.815
15144.0,29,12160.31,5251,199,8,718,419.3210344827586
15145.0,4,1194.73,756,54,4,244,298.6825
15146.0,2,1327.16,1473,90,165,126,663.58
15147.0,1,623.5,366,28,240,0,623.5
15148.0,1,301.29,187,20,11,0,301.29
15149.0,5,1554.6100000000001,380,62,134,515,310.922
15150.0,13,8977.94,6167,495,17,526,690.6107692307693
15151.0,2,2085.61,795,56,423,86,1042.805
15152.0,14,5263.83,2994,214,10,691,375.98785714285714
15153.0,1,329.25,198,22,31,0,329.25
15154.0,3,1343.72,333,166,75,402,447.9066666666667
15155.0,1,383.96999999999997,192,24,383,0,383.96999999999997
15156.0,3,961.49,597,51,1,32,320.49666666666667
15157.0,5,2654.11,3466,152,4,725,530.822
15158.0,2,606.02,219,11,45,356,303.01
15159.0,34,22116.73,13512,413,2,430,650.4920588235294
15160.0,4,589.27,307,17,357,63,147.3175
15161.0,1,119.92,144,33,388,0,119.92
15162.0,1,312.9,74,12,731,0,312.9
15163.0,2,304.47,186,29,18,173,152.235
15164.0,9,2028.1100000000001,912,243,69,621,225.34555555555556
15165.0,1,487.75,160,27,373,0,487.75
15166.0,1,167.16,140,12,468,0,167.16
15167.0,5,1627.62,863,262,321,352,325.524
15168.0,1,106.56,52,5,26,0,106.56
15169.0,2,569.22,356,58,382,344,284.61
15170.0,1,81.15,33,4,407,0,81.15
15171.0,1,1289.5,290,5,331,0,1289.5
15172.0,5,1624.05,1611,106,9,227,324.81
15173.0,7,1494.6,840,68,381,236,213.5142857142857
15174.0,2,481.46,382,34,323,87,240.73
15175.0,1,224.14,454,23,72,0,224.14
15176.0,1,988.04,448,52,668,0,988.04
15177.0,1,948.93,485,26,426,0,948.93
15178.0,1,40.5,30,3,260,0,40.5
15179.0,13,7491.92,5416,225,18,718,576.3015384615385
15180.0,3,816.9300000000001,654,46,367,221,272.31
15181.0,5,1200.2,688,15,66,664,240.04000000000002
15182.0,11,2998.952,1186,78,154,502,272.632
15183.0,3,639.93,297,33,548,36,213.30999999999997
15184.0,4,685.39,462,72,29,694,171.3475
15185.0,1,310.62,666,21,70,0,310.62
15186.0,5,1403.2,716,29,14,682,280.64
15187.0,16,4777.18,1887,61,2,210,298.57375
15188.0,1,310.43,233,23,725,0,310.43
15189.0,46,17524.38,6902,90,1,507,380.96478260869566
15190.0,1,834.4399999999999,790,40,434,0,834.4399999999999
15191.0,3,588.05,287,33,463,225,196.01666666666665
15192.0,5,1666.3899999999999,1448,56,120,560,333.27799999999996
15193.0,1,499.32,144,19,61,0,499.32
15194.0,28,12021.53,8922,274,3,733,429.34035714285716
15195.0,1,3861.0,1404,1,3,0,3861.0
15196.0,2,313.7,130,34,433,293,156.85
15197.0,6,1877.51,1058,44,11,717,312.91833333333335
15198.0,5,571.35,327,28,92,597,114.27000000000001
15199.0,10,3122.4,894,17,59,516,312.24
15200.0,1,549.05,195,30,495,0,549.05
15201.0,7,1842.95,1660,44,87,524,263.2785714285714
15202.0,3,6001.49,3,1,420,0,2000.4966666666667
15203.0,15,4400.18,4182,150,26,705,293.3453333333334
15204.0,1,316.58,258,9,357,0,316.58
15205.0,2,653.24,378,37,85,42,326.62
15206.0,4,420.3,162,3,10,265,105.075
15207.0,3,683.92,428,19,416,130,227.97333333333333
15208.0,6,970.52,356,27,1,422,161.75333333333333
15209.0,1,178.98000000000002,94,13,730,0,178.98000000000002
15210.0,3,1176.19,841,66,225,350,392.06333333333333
15211.0,2,894.4100000000001,240,52,60,304,447.20500000000004
15212.0,2,208.28,84,7,241,135,104.14
15213.0,2,328.35,272,22,319,11,164.175
15214.0,8,1661.44,1254,109,2,241,207.68
15215.0,7,2422.43,776,85,47,566,346.06142857142856
15216.0,2,486.09,217,24,88,531,243.045
15217.0,1,426.24,190,28,563,0,426.24
15218.0,22,11468.83,6530,139,11,672,521.3104545454545
15219.0,2,685.45,271,26,176,472,342.725
15220.0,6,1778.96,1393,110,52,229,296.49333333333334
15221.0,4,2062.2,244,21,366,271,515.55
15222.0,11,3550.91,4458,98,319,404,322.81
15223.0,5,1417.95,385,26,226,509,283.59000000000003
15224.0,5,871.36,443,24,358,334,174.272
15225.0,1,409.40000000000003,226,23,234,0,409.40000000000003
15226.0,1,154.41,71,8,311,0,154.41
15227.0,9,2488.4900000000002,1217,86,37,597,276.4988888888889
15228.0,6,5580.2699999999995,3375,184,66,433,930.045
15229.0,1,160.5,114,9,586,0,160.5
15230.0,2,429.6,351,23,239,1,214.8
15231.0,1,250.26,190,14,621,0,250.26
15232.0,2,612.06,686,26,113,27,306.03
15233.0,1,59.400000000000006,12,1,401,0,59.400000000000006
15234.0,1,197.0,196,14,277,0,197.0
15235.0,16,2772.76,1676,161,218,170,173.2975
15236.0,1,321.05,269,15,299,0,321.05
15237.0,4,1412.32,1071,94,2,225,353.08
15238.0,3,1071.99,692,49,29,154,357.33
15239.0,2,780.59,594,48,10,68,390.295
15240.0,12,4459.98,3214,134,45,689,371.66499999999996
15241.0,11,3050.16,3328,120,67,587,277.2872727272727
15242.0,1,302.04,196,4,422,0,302.04
15243.0,2,927.28,543,56,74,360,463.64
15244.0,3,912.08,472,44,65,600,304.0266666666667
15245.0,8,4610.84,3021,72,134,461,576.355
15246.0,3,780.4,359,45,238,317,260.1333333333333
15247.0,3,976.06,514,13,122,414,325.3533333333333
15248.0,3,1893.93,1065,103,411,122,631.3100000000001
15249.0,18,9266.0,4980,304,32,591,514.7777777777778
15250.0,1,60.0,48,3,641,0,60.0
15251.0,21,20324.54,12108,183,9,670,967.8352380952381
15252.0,5,2103.41,1430,106,36,575,420.68199999999996
15253.0,8,2055.09,1588,102,16,570,256.88625
15254.0,3,1088.35,711,64,127,433,362.7833333333333
15255.0,9,3706.02,2214,137,67,670,411.78
15256.0,2,170.4,92,6,149,413,85.2
15257.0,2,685.9,71,11,283,130,342.95
15258.0,2,623.16,142,32,169,48,311.58
15259.0,4,1182.3799999999999,631,50,513,169,295.59499999999997
15260.0,25,8767.73,4468,186,100,633,350.7092
15261.0,4,1508.0,806,87,135,299,377.0
15262.0,3,418.82,218,22,324,164,139.60666666666665
15263.0,1,156.51,89,12,107,0,156.51
15264.0,2,848.4,443,52,64,466,424.2
15265.0,4,3345.64,1570,179,151,586,836.41
15266.0,5,852.21,236,38,338,363,170.442
15267.0,5,1717.36,944,8,22,160,343.472
15268.0,3,961.9000000000001,428,21,479,126,320.6333333333334
15269.0,3,1225.3600000000001,372,33,24,366,408.4533333333334
15270.0,21,8524.86,4010,66,16,706,405.9457142857143
15271.0,24,4528.54,2412,369,7,483,188.68916666666667
15272.0,6,2030.95,665,257,57,605,338.4916666666667
15273.0,1,228.96,216,1,600,0,228.96
15274.0,2,716.57,619,44,4,14,358.285
15275.0,1,615.14,498,41,38,0,615.14
15276.0,4,619.8,317,160,66,368,154.95
15277.0,2,476.34,373,23,47,378,238.17
15278.0,4,496.15999999999997,458,29,562,103,124.03999999999999
15279.0,5,1580.54,802,74,355,321,316.108
15280.0,3,397.52,507,48,172,399,132.50666666666666
15281.0,16,8543.57,5233,427,59,368,533.973125
15282.0,1,348.59,395,27,570,0,348.59
15283.0,3,148.32999999999998,27,9,390,127,49.44333333333333
15284.0,1,24.75,5,1,500,0,24.75
15285.0,1,94.92,120,6,408,0,94.92
15286.0,1,240.55,55,3,50,0,240.55
15287.0,5,856.03,1010,23,22,715,171.206
15288.0,10,3715.38,1336,128,43,622,371.538
15289.0,5,1593.09,1627,67,29,592,318.618
15290.0,26,10496.28,6567,106,5,649,403.70307692307694
15291.0,40,13517.76,4905,116,26,710,337.944
15292.0,1,178.39,55,24,201,0,178.39
15293.0,1,247.5,178,19,666,0,247.5
15294.0,1,233.35,97,15,411,0,233.35
15295.0,1,207.04,139,50,654,0,207.04
15296.0,12,10323.03,5452,342,51,636,860.2525
15297.0,3,641.94,292,30,10,53,213.98000000000002
15298.0,23,9061.77,6000,199,2,729,393.99
15299.0,10,6156.53,3356,9,67,629,615.653
15300.0,1,496.44,292,28,64,0,496.44
15301.0,17,6909.67,3763,231,51,399,406.4511764705882
15302.0,1,308.0,102,15,730,0,308.0
15303.0,3,1224.18,514,63,290,393,408.06
15304.0,9,796.4,112,8,61,360,88.48888888888888
15305.0,1,93.6,40,5,555,0,93.6
15306.0,9,3484.73,3074,123,64,594,387.1922222222222
15307.0,1,205.3,37,12,96,0,205.3
15308.0,1,310.47,175,19,274,0,310.47
15309.0,4,797.96,440,49,611,124,199.49
15310.0,1,1634.64,1476,45,479,0,1634.64
15311.0,208,114966.42,70149,864,1,738,552.7231730769231
15312.0,12,2930.19,1693,118,75,648,244.1825
15313.0,1,52.0,25,1,110,0,52.0
15314.0,3,820.4499999999999,750,49,199,228,273.4833333333333
15315.0,2,570.5,862,35,64,51,285.25
15316.0,1,165.0,100,1,327,0,165.0
15317.0,1,129.75,45,5,677,0,129.75
15318.0,1,312.62,642,33,4,0,312.62
15319.0,1,204.5,175,16,284,0,204.5
15320.0,1,267.13,326,36,44,0,267.13
15321.0,12,6709.7300000000005,3653,242,71,603,559.1441666666667
15322.0,2,1390.86,971,76,86,390,695.43
15323.0,3,434.6,188,29,563,99,144.86666666666667
15324.0,1,140.22000000000003,74,8,701,0,140.22000000000003
15325.0,8,1601.46,1382,164,104,557,200.1825
15326.0,5,1700.52,1351,94,334,404,340.104
15327.0,1,208.75,116,10,53,0,208.75
15328.0,1,107.24,88,8,408,0,107.24
15329.0,11,2958.83,1217,98,39,686,268.98454545454547
15330.0,2,714.9599999999999,1312,10,32,28,357.47999999999996
15331.0,3,767.91,701,41,500,109,255.97
15332.0,6,4892.68,2306,113,366,147,815.4466666666667
15333.0,1,1028.56,344,16,208,0,1028.56
15334.0,3,350.82,273,67,157,16,116.94
15335.0,1,170.22,79,34,54,0,170.22
15336.0,1,240.5,84,15,402,0,240.5
15337.0,1,373.02,200,21,411,0,373.02
15338.0,1,277.93,148,56,677,0,277.93
15339.0,7,1821.02,1138,162,66,602,260.1457142857143
15340.0,1,105.5,76,7,562,0,105.5
15341.0,2,2402.72,1008,22,81,368,1201.36
15342.0,1,406.09,283,24,130,0,406.09
15343.0,1,364.5,84,21,87,0,364.5
15344.0,3,563.94,116,21,1,73,187.98000000000002
15345.0,1,393.54,81,20,46,0,393.54
15346.0,3,596.12,260,36,333,98,198.70666666666668
15347.0,4,1162.0,542,29,366,71,290.5
15348.0,1,158.04,84,9,72,0,158.04
15349.0,2,463.91,321,65,158,29,231.955
15350.0,2,547.6,272,26,373,9,273.8
15351.0,10,3430.22,1350,201,12,420,343.022
15352.0,1,111.15,40,34,549,0,111.15
15353.0,7,2794.47,1391,274,255,483,399.21
15354.0,3,284.4,3,1,603,0,94.8
15355.0,2,277.05,45,9,29,23,138.525
15356.0,13,3239.57,1892,290,31,390,249.1976923076923
15358.0,42,16425.86,14902,359,5,727,391.0919047619048
15359.0,8,181.35,145,10,663,30,22.66875
15360.0,1,427.93,223,13,40,0,427.93
15361.0,4,689.07,373,10,362,181,172.2675
15362.0,2,613.08,368,38,449,290,306.54
15363.0,2,678.11,383,32,373,120,339.055
15364.0,2,913.19,493,29,96,158,456.595
15365.0,13,4557.13,2131,126,26,647,350.54846153846154
15366.0,7,2389.08,2447,86,75,576,341.29714285714283
15367.0,11,5081.33,2944,214,57,671,461.9390909090909
15368.0,2,722.74,406,8,21,372,361.37
15369.0,11,6251.26,3288,44,492,239,568.2963636363637
15370.0,8,3739.01,1397,90,41,369,467.37625
15371.0,1,59.400000000000006,12,1,662,0,59.400000000000006
15372.0,8,6017.0599999999995,6410,45,137,526,752.1324999999999
15373.0,17,3084.54,726,107,8,578,181.4435294117647
15374.0,2,307.32,290,8,129,495,153.66
15375.0,1,60.959999999999994,84,6,690,0,60.959999999999994
15376.0,3,1221.56,615,100,40,182,407.18666666666667
15377.0,4,1211.75,253,15,383,32,302.9375
15378.0,2,246.5,130,8,463,39,123.25
15379.0,8,4877.84,3000,177,169,231,609.73
15380.0,11,3248.96,954,27,9,729,295.36
15381.0,5,1890.57,802,20,214,369,378.114
15382.0,12,13733.55,9178,315,15,720,1144.4624999999999
15384.0,4,2027.79,1767,83,170,422,506.9475
15385.0,3,942.08,428,18,40,637,314.0266666666667
15386.0,1,394.14,446,31,186,0,394.14
15387.0,1,468.65,335,20,492,0,468.65
15388.0,1,140.54,88,10,270,0,140.54
15389.0,5,2733.8,3940,2,172,509,546.76
15390.0,2,1216.66,894,77,396,12,608.33
15391.0,1,289.87,109,12,584,0,289.87
15392.0,7,2911.62,2144,100,5,426,415.94571428571425
15393.0,5,891.34,378,37,16,707,178.268
15394.0,11,5286.8,2372,129,10,714,480.6181818181818
15395.0,1,107.45,17,7,326,0,107.45
15396.0,2,796.38,278,16,113,471,398.19
15397.0,1,94.0,20,6,290,0,94.0
15398.0,2,1345.53,769,60,16,62,672.765
15399.0,3,815.77,611,45,1,77,271.92333333333335
15400.0,8,1302.3,662,16,92,468,162.7875
15401.0,2,216.95,93,14,452,116,108.475
15402.0,6,1830.54,2034,79,149,443,305.09
15403.0,2,170.88,492,6,492,238,85.44
15404.0,1,257.06,334,16,376,0,257.06
15405.0,2,659.84,348,29,189,386,329.92
15406.0,4,975.87,547,108,31,422,243.9675
15407.0,4,1046.74,552,142,34,271,261.685
15408.0,1,267.18,106,34,264,0,267.18
15409.0,1,131.25,59,9,721,0,131.25
15410.0,10,4685.72,1902,80,84,515,468.572
15411.0,4,1348.93,529,86,26,156,337.2325
15412.0,1,190.53,108,10,171,0,190.53
15413.0,5,6798.72,2694,20,692,47,1359.7440000000001
15414.0,3,774.9,443,37,10,232,258.3
15415.0,1,559.61,551,46,313,0,559.61
15416.0,7,4572.82,2420,189,65,611,653.26
15417.0,1,508.8,284,28,85,0,508.8
15418.0,2,449.42,264,64,425,161,224.71
15419.0,1,135.86,230,8,25,0,135.86
15420.0,6,743.0,844,52,434,300,123.83333333333333
15421.0,10,3805.34,1927,170,59,673,380.534
15422.0,7,1619.97,710,80,323,347,231.42428571428573
15423.0,3,266.89,198,13,38,583,88.96333333333332
15424.0,3,597.78,873,33,254,208,199.26
15425.0,4,1941.1200000000001,1041,114,400,263,485.28000000000003
15426.0,9,2156.35,1041,327,19,567,239.59444444444443
15427.0,3,1430.54,967,233,33,13,476.84666666666664
15428.0,4,762.75,347,39,15,706,190.6875
15429.0,2,397.35,380,77,27,48,198.675
15430.0,2,954.75,309,36,468,60,477.375
15431.0,1,153.24,84,2,503,0,153.24
15432.0,2,320.76,92,16,23,518,160.38
15433.0,2,533.3,534,40,214,53,266.65
15434.0,11,2567.06,1423,82,8,675,233.36909090909091
15435.0,1,149.29,54,29,22,0,149.29
15436.0,3,1067.75,574,243,12,221,355.9166666666667
15437.0,2,393.45,177,56,262,378,196.725
15438.0,1,156.57999999999998,59,25,131,0,156.57999999999998
15439.0,4,1269.05,572,49,405,248,317.2625
15440.0,3,383.68,197,50,55,154,127.89333333333333
15441.0,3,1254.21,587,45,396,334,418.07
15442.0,1,594.0,120,2,249,0,594.0
15443.0,14,5114.2300000000005,2699,408,2,640,365.3021428571429
15444.0,2,1411.21,759,191,9,31,705.605
15445.0,2,284.5,118,12,264,326,142.25
15446.0,3,399.75,265,90,377,349,133.25
15447.0,5,492.88,228,27,331,294,98.576
15448.0,2,788.81,487,49,313,361,394.405
15449.0,3,974.52,812,47,26,235,324.84
15450.0,1,429.84,376,30,30,0,429.84
15451.0,2,226.86,76,56,434,164,113.43
15452.0,6,1785.1100000000001,1087,158,30,481,297.5183333333334
15453.0,7,1371.77,837,169,2,185,195.96714285714285
15454.0,2,305.99,146,35,362,256,152.995
15455.0,1,38.25,3,2,598,0,38.25
15456.0,10,2091.52,2727,128,283,448,209.152
15457.0,1,237.07,132,56,262,0,237.07
15458.0,2,370.44,300,13,25,376,185.22
15459.0,2,202.82999999999998,121,6,417,80,101.41499999999999
15460.0,1,214.26,107,53,354,0,214.26
15461.0,2,429.7,230,1,461,170,214.85
15462.0,4,737.05,495,32,94,351,184.2625
15463.0,1,126.14,106,7,29,0,126.14
15464.0,1,1044.65,348,155,338,0,1044.65
15465.0,32,12100.4,2638,94,20,710,378.1375
15466.0,4,1560.46,941,211,85,651,390.115
15467.0,3,524.88,310,41,9,142,174.96
15468.0,3,1430.48,1400,80,51,341,476.82666666666665
15469.0,3,874.25,287,38,50,388,291.4166666666667
15470.0,1,63.419999999999995,232,4,576,0,63.419999999999995
15471.0,3,1292.01,670,122,2,548,430.67
15472.0,1,371.56,251,76,113,0,371.56
15473.0,8,2046.0,776,5,14,430,255.75
15474.0,1,150.35,55,19,596,0,150.35
15475.0,1,454.11,319,29,77,0,454.11
15476.0,4,2209.98,1174,67,380,62,552.495
15477.0,1,368.4,216,2,650,0,368.4
15478.0,3,1983.48,894,53,40,534,661.16
15479.0,1,147.4,38,9,733,0,147.4
15480.0,5,6279.0,1852,199,116,559,1255.8
15481.0,1,1993.34,1450,38,401,0,1993.34
15482.0,19,14417.36,6516,74,16,721,758.8084210526316
15483.0,10,817.82,905,216,161,522,81.78200000000001
15484.0,6,4652.1,4074,180,1,732,775.35
15485.0,7,4810.92,2153,80,30,707,687.2742857142857
15486.0,1,102.0,40,1,527,0,102.0
15487.0,1,231.32,144,14,680,0,231.32
15488.0,5,431.92,251,10,93,490,86.384
15489.0,8,2419.61,1264,75,23,670,302.45125
15490.0,1,210.85,82,22,430,0,210.85
15491.0,6,3100.09,1646,108,95,140,516.6816666666667
15492.0,2,659.4599999999999,483,32,28,46,329.72999999999996
15493.0,9,4121.68,1206,289,33,622,457.9644444444445
15494.0,5,3702.6,3052,307,21,707,740.52
15495.0,1,246.5,194,20,379,0,246.5
15496.0,1,146.14,98,22,631,0,146.14
15497.0,9,8657.39,2937,66,18,703,961.9322222222222
15498.0,44,24972.86,12134,597,3,720,567.565
15499.0,1,158.65,59,40,724,0,158.65
15500.0,4,1131.56,572,64,8,73,282.89
15501.0,2,399.95,205,64,405,10,199.975
15502.0,14,13003.869999999999,5559,231,16,539,928.847857142857
15503.0,2,257.3,130,112,363,363,128.65
15504.0,4,402.7,141,42,81,584,100.675
15505.0,5,3610.96,2390,90,53,102,722.192
15506.0,6,2030.33,1637,180,23,454,338.3883333333333
15507.0,1,475.86,160,41,172,0,475.86
15508.0,6,1000.27,440,78,189,46,166.71166666666667
15509.0,1,152.41,58,26,380,0,152.41
15510.0,1,250.0,2,1,331,0,250.0
15511.0,5,900.53,269,117,12,73,180.106
15512.0,4,331.58,235,29,156,520,82.895
15513.0,35,26437.05,10477,278,33,661,755.3442857142857
15514.0,18,6392.06,4087,171,12,722,355.1144444444445
15515.0,1,171.81,131,7,387,0,171.81
15516.0,3,62.43,27,15,45,1,20.81
15517.0,1,267.03,293,27,233,0,267.03
15518.0,15,4189.99,2810,250,64,655,279.3326666666666
15519.0,2,344.61,116,34,383,63,172.305
15520.0,1,343.5,314,18,2,0,343.5
15521.0,16,7098.24,4507,186,40,663,443.64
15522.0,2,397.99,572,47,33,54,198.995
15523.0,16,17259.19,15633,65,84,653,1078.699375
15524.0,2,591.4,28,9,25,582,295.7
15525.0,4,890.22,527,152,2,380,222.555
15526.0,2,148.44,24,4,33,0,74.22
15527.0,23,5554.89,2211,226,19,705,241.51695652173913
15528.0,1,229.33,123,26,254,0,229.33
15529.0,12,4783.66,4271,451,23,371,398.6383333333333
15530.0,5,1808.68,1328,111,22,491,361.736
15531.0,2,1972.39,1085,196,8,22,986.195
15532.0,10,3738.85,1337,417,25,523,373.885
15533.0,3,807.57,289,73,19,69,269.19
15534.0,1,162.25,63,8,726,0,162.25
15535.0,6,1044.37,314,88,173,275,174.06166666666664
15536.0,1,259.09,242,16,409,0,259.09
15537.0,1,110.92,29,24,163,0,110.92
15538.0,6,3358.4,1016,3,538,125,559.7333333333333
15539.0,1,538.46,410,41,7,0,538.46
15540.0,2,460.68,444,31,11,364,230.34
15541.0,1,85.13000000000001,49,29,114,0,85.13000000000001
15542.0,3,855.71,418,212,512,225,285.2366666666667
15543.0,2,242.26,167,50,288,171,121.13
15544.0,20,7807.89,6745,175,9,671,390.3945
15545.0,2,288.96999999999997,162,78,54,316,144.48499999999999
15546.0,2,1079.1000000000001,198,6,607,0,539.5500000000001
15547.0,26,10057.05,7278,652,7,725,386.80961538461537
15548.0,1,158.09,64,23,596,0,158.09
15549.0,8,2334.16,936,139,77,620,291.77
15550.0,12,2211.05,1139,166,4,732,184.2541666666667
15551.0,7,1679.81,796,117,37,513,239.97285714285712
15552.0,2,252.52,166,29,217,405,126.26
15553.0,1,428.93,449,51,60,0,428.93
15554.0,1,217.2,74,14,278,0,217.2
15555.0,36,11243.91,8511,667,12,721,312.3308333333333
15556.0,1,279.77,236,31,24,0,279.77
15557.0,1,468.91,213,16,29,0,468.91
15558.0,1,202.68,73,23,639,0,202.68
15559.0,1,1109.4,526,62,568,0,1109.4
15560.0,2,153.52,72,10,398,0,76.76
15561.0,8,1934.3899999999999,1334,65,12,651,241.79874999999998
15562.0,3,671.4300000000001,560,32,352,374,223.81000000000003
15563.0,7,2859.46,3005,179,22,658,408.4942857142857
15564.0,2,70.74000000000001,42,4,463,212,35.370000000000005
15565.0,2,173.16000000000003,60,8,50,20,86.58000000000001
15566.0,2,227.87,153,9,393,331,113.935
15567.0,1,186.01,223,7,19,0,186.01
15568.0,3,758.29,461,27,3,70,252.76333333333332
15569.0,10,3583.45,1734,123,104,545,358.34499999999997
15570.0,25,8736.49,4079,442,7,614,349.45959999999997
15571.0,14,3892.35,2411,442,12,721,278.025
15572.0,10,3965.2,2089,259,5,599,396.52
15573.0,5,1188.42,770,181,32,697,237.68400000000003
15574.0,6,1101.44,750,191,178,286,183.57333333333335
15575.0,1,30.1,6,3,620,0,30.1
15576.0,1,921.37,394,43,38,0,921.37
15577.0,5,396.03,120,58,151,575,79.20599999999999
15578.0,1,127.1,52,13,162,0,127.1
15579.0,5,1250.63,713,140,69,363,250.12600000000003
15580.0,8,1375.39,955,150,377,293,171.92375
15581.0,38,7480.4,3028,542,121,616,196.85263157894735
15582.0,3,682.9100000000001,453,39,25,195,227.63666666666668
15583.0,1,95.96,56,37,376,0,95.96
15584.0,6,1268.2,483,174,24,646,211.36666666666667
15585.0,1,455.3,320,31,177,0,455.3
15586.0,3,1139.1,1338,30,593,108,379.7
15587.0,7,1522.08,528,3,50,441,217.44
15588.0,1,579.6,96,4,678,0,579.6
15589.0,3,478.53,243,28,256,54,159.51
15590.0,5,1496.6,832,75,382,224,299.32
15591.0,3,217.9,58,6,583,91,72.63333333333334
15592.0,1,388.58,354,24,47,0,388.58
15593.0,1,199.8,60,5,71,0,199.8
15594.0,5,1771.78,983,85,16,218,354.356
15595.0,1,357.59999999999997,144,4,488,0,357.59999999999997
15596.0,9,2727.72,1208,82,101,398,303.08
15597.0,2,563.37,393,35,35,540,281.685
15598.0,2,548.02,404,32,53,374,274.01
15599.0,3,1250.06,1098,77,27,419,416.68666666666667
15600.0,4,1199.31,657,55,428,165,299.8275
15601.0,30,14191.74,10395,310,11,727,473.058
15602.0,16,3137.96,2292,62,8,729,196.1225
15603.0,2,88.48,128,4,79,569,44.24
15604.0,1,216.39,159,17,52,0,216.39
15605.0,9,1741.95,641,80,36,658,193.55
15606.0,17,5230.99,1615,84,61,586,307.70529411764704
15607.0,9,1708.97,1470,95,337,364,189.88555555555556
15608.0,5,1785.98,1262,93,28,387,357.196
15609.0,1,298.48,148,16,184,0,298.48
15610.0,1,112.46000000000001,66,6,52,0,112.46000000000001
15611.0,26,2997.28,747,43,10,673,115.28
15612.0,2,195.15,52,4,36,25,97.575
15613.0,1,433.71999999999997,700,27,610,0,433.71999999999997
15614.0,4,3147.36,1632,73,438,188,786.84
15615.0,47,21373.97,12090,292,10,726,454.7653191489362
15616.0,1,317.11,137,13,438,0,317.11
15617.0,3,828.5500000000001,485,41,396,111,276.18333333333334
15618.0,4,776.851,454,39,33,103,194.21275
15619.0,1,336.4,136,3,11,0,336.4
15620.0,4,1942.36,1249,114,57,353,485.59
15621.0,4,1293.03,501,11,4,17,323.2575
15622.0,17,7852.61,4091,331,43,602,461.9182352941176
15623.0,8,2437.05,1087,91,141,588,304.63125
15624.0,4,588.13,357,26,117,139,147.0325
15625.0,9,3236.4,3020,106,104,438,359.6
15626.0,3,1067.52,1138,73,75,346,355.84
15627.0,2,566.9,344,23,457,65,283.45
15628.0,17,5333.08,3569,136,5,721,313.7105882352941
15629.0,4,2240.9,1518,39,450,82,560.225
15630.0,3,1481.4,987,76,45,599,493.8
15631.0,1,596.67,525,39,642,0,596.67
15632.0,8,3285.31,2109,107,16,259,410.66375
15633.0,13,4335.96,2048,77,509,221,333.5353846153846
15634.0,2,554.65,227,34,17,366,277.325
15635.0,1,100.35,5,2,396,0,100.35
15636.0,4,1444.58,560,39,90,479,361.145
15637.0,5,797.59,651,37,53,671,159.518
15638.0,6,2265.2,1134,20,379,231,377.5333333333333
15639.0,3,1065.08,849,61,134,471,355.02666666666664
15640.0,29,23494.31,12140,303,4,720,810.1486206896552
15641.0,12,5345.55,4422,249,105,627,445.46250000000003
15642.0,1,105.78,270,6,730,0,105.78
15643.0,3,664.0,246,31,192,90,221.33333333333334
15644.0,4,803.54,550,166,166,94,200.885
15645.0,3,1055.17,396,59,19,406,351.72333333333336
15646.0,5,784.8100000000001,821,65,158,252,156.96200000000002
15647.0,1,169.0,124,11,415,0,169.0
15648.0,2,639.5,218,23,204,62,319.75
15649.0,4,1660.35,365,8,336,50,415.0875
15650.0,2,553.88,210,33,522,106,276.94
15651.0,5,1259.06,871,52,37,559,251.81199999999998
15652.0,5,1405.94,657,93,91,393,281.188
15653.0,2,877.44,1200,4,93,23,438.72
15654.0,2,922.53,475,15,9,16,461.265
15655.0,1,560.6700000000001,324,34,243,0,560.6700000000001
15656.0,4,748.5,343,46,45,238,187.125
15657.0,1,30.0,24,1,23,0,30.0
15658.0,8,2117.27,627,79,190,546,264.65875
15659.0,3,532.49,161,14,44,609,177.49666666666667
15660.0,15,2603.69,1783,73,25,647,173.57933333333332
15661.0,8,1215.95,779,27,317,261,151.99375
15662.0,2,283.73,145,12,661,77,141.865
15663.0,1,138.14,106,9,106,0,138.14
15664.0,4,1254.03,530,54,51,598,313.5075
15665.0,5,3987.07,2777,163,168,466,797.414
15666.0,2,632.94,469,62,472,23,316.47
15667.0,1,301.32,240,13,40,0,301.32
15668.0,1,76.32000000000001,72,1,218,0,76.32000000000001
15669.0,4,684.34,342,31,40,223,171.085
15670.0,2,325.2,132,19,297,259,162.6
15671.0,7,2657.13,1699,52,19,252,379.59000000000003
15672.0,1,45.300000000000004,10,3,725,0,45.300000000000004
15673.0,9,6204.32,3274,177,88,567,689.3688888888888
15674.0,13,6948.2300000000005,3648,262,73,657,534.4792307692308
15675.0,4,542.04,624,32,81,322,135.51
15676.0,3,3435.76,2252,191,19,265,1145.2533333333333
15677.0,3,1305.6299999999999,675,63,49,414,435.21
15678.0,3,1825.94,1022,77,53,469,608.6466666666666
15679.0,4,781.28,1170,98,24,158,195.32
15680.0,10,4028.69,2743,155,9,728,402.869
15681.0,14,2989.7,1392,48,25,539,213.54999999999998
15682.0,2,318.24,222,25,599,88,159.12
15683.0,2,524.54,332,25,117,356,262.27
15684.0,3,173.95,77,9,547,188,57.98333333333333
15685.0,1,55.980000000000004,36,17,450,0,55.980000000000004
15686.0,1,90.0,72,1,420,0,90.0
15687.0,9,2993.1,1310,119,9,321,332.56666666666666
15688.0,1,190.57,95,26,419,0,190.57
15689.0,3,521.03,207,20,120,497,173.67666666666665
15690.0,2,239.76,408,19,4,96,119.88
15691.0,4,571.3,212,12,252,480,142.825
15692.0,1,191.04,138,12,28,0,191.04
15693.0,1,37.5,30,1,659,0,37.5
15694.0,24,9978.48,2467,55,1,731,415.77
15695.0,4,1131.04,484,55,267,414,282.76
15696.0,13,3881.2200000000003,1386,163,33,650,298.55538461538464
15697.0,1,246.75,127,14,690,0,246.75
15698.0,1,46.2,60,2,624,0,46.2
15699.0,1,309.65,113,18,18,0,309.65
15700.0,2,696.68,357,85,172,1,348.34
15701.0,4,1529.0,912,193,2,108,382.25
15702.0,2,140.39,103,30,476,205,70.195
15703.0,1,211.5,66,5,265,0,211.5
15704.0,6,3734.6600000000003,1709,129,140,442,622.4433333333334
15705.0,1,143.1,62,6,201,0,143.1
15706.0,4,1060.56,321,50,64,52,265.14
15707.0,4,916.98,594,126,35,51,229.245
15708.0,9,3887.15,1465,135,41,384,431.90555555555557
15709.0,2,327.85,169,26,284,305,163.925
15710.0,1,898.87,641,110,417,0,898.87
15711.0,2,420.25,199,25,557,128,210.125
15712.0,12,3472.41,1277,86,9,729,289.3675
15713.0,4,839.64,451,48,143,580,209.91
15714.0,5,783.96,361,45,12,543,156.792
15715.0,5,658.02,246,33,556,63,131.60399999999998
15716.0,11,2485.26,1379,188,146,586,225.9327272727273
15717.0,5,607.0,224,17,234,358,121.4
15718.0,1,293.79,95,18,540,0,293.79
15719.0,31,10195.97,5356,449,33,705,328.9022580645161
15720.0,2,739.22,327,152,24,525,369.61
15721.0,1,471.40000000000003,388,80,12,0,471.40000000000003
15722.0,11,5234.0,2279,91,36,604,475.8181818181818
15723.0,4,930.7,427,108,365,209,232.675
15724.0,3,310.85,117,17,201,199,103.61666666666667
15725.0,1,415.25,221,32,15,0,415.25
15726.0,1,321.91,123,23,390,0,321.91
15727.0,15,9371.71,5908,426,17,668,624.7806666666667
15728.0,2,544.6,132,10,380,64,272.3
15729.0,3,192.55,47,10,213,190,64.18333333333334
15730.0,5,1726.58,1061,102,66,365,345.316
15731.0,1,125.3,122,8,554,0,125.3
15732.0,10,1543.97,1264,53,212,461,154.397
15733.0,1,162.3,62,10,283,0,162.3
15734.0,4,2263.3,516,36,115,432,565.825
15735.0,1,327.68,206,19,421,0,327.68
15736.0,2,1767.12,1208,95,435,0,883.56
15737.0,8,1188.12,597,60,15,228,148.515
15738.0,41,13043.32,9030,70,19,710,318.12975609756097
15739.0,1,449.12,472,8,66,0,449.12
15740.0,1,154.88,152,9,49,0,154.88
15741.0,2,208.62,70,11,458,160,104.31
15742.0,1,156.87,51,41,619,0,156.87
15743.0,4,775.96,214,59,16,168,193.99
15744.0,1,34.8,120,3,78,0,34.8
15745.0,4,1094.59,421,57,19,217,273.6475
15746.0,1,196.88,178,28,134,0,196.88
15747.0,9,2499.81,1344,116,13,678,277.75666666666666
15748.0,3,609.81,261,34,40,408,203.26999999999998
15749.0,3,44534.3,18028,5,235,97,14844.766666666668
15750.0,18,6452.991,4281,389,3,735,358.4995
15751.0,11,1380.44,443,90,461,272,125.49454545454546
15752.0,9,3924.91,2792,359,40,417,436.1011111111111
15753.0,1,79.2,144,1,305,0,79.2
15754.0,9,3037.61,1762,114,51,604,337.51222222222225
15755.0,17,5993.12,4034,281,10,725,352.53647058823526
15756.0,4,528.01,241,160,61,187,132.0025
15757.0,6,2940.36,1757,162,66,481,490.06
15758.0,1,205.25,47,9,25,0,205.25
15759.0,7,830.9300000000001,523,10,218,519,118.70428571428572
15760.0,2,13916.34,2,1,631,0,6958.17
15761.0,1,143.05,31,5,443,0,143.05
15762.0,2,583.75,251,37,65,12,291.875
15763.0,2,1086.92,271,58,32,45,543.46
15764.0,8,4503.08,2945,187,88,390,562.885
15765.0,1,370.63,335,25,667,0,370.63
15766.0,3,831.0600000000001,334,21,64,618,277.02000000000004
15768.0,34,15308.89,4215,437,116,620,450.2614705882353
15769.0,46,88612.52,49068,26,7,721,1926.3591304347826
15770.0,1,321.45,67,18,613,0,321.45
15771.0,3,1006.54,512,26,604,89,335.5133333333333
15772.0,1,280.88,110,16,418,0,280.88
15773.0,2,774.52,410,46,6,403,387.26
15774.0,6,1288.34,465,88,69,587,214.72333333333333
15775.0,2,150.5,260,9,245,386,75.25
15776.0,1,241.62,138,18,133,0,241.62
15777.0,7,1762.61,599,29,241,327,251.80142857142854
15778.0,1,307.95,101,17,431,0,307.95
15779.0,2,124.08000000000001,20,8,463,69,62.040000000000006
15780.0,3,475.28000000000003,220,26,184,174,158.42666666666668
15781.0,3,345.46,180,20,25,280,115.15333333333332
15782.0,4,4014.1,1844,51,10,420,1003.525
15783.0,1,246.3,212,14,11,0,246.3
15784.0,2,848.33,381,33,468,204,424.165
15785.0,16,5969.93,4479,102,33,691,373.120625
15786.0,5,8501.62,5957,358,46,490,1700.324
15787.0,3,933.26,534,156,26,35,311.08666666666664
15788.0,1,221.83,115,14,509,0,221.83
15789.0,6,1962.01,2499,110,358,265,327.00166666666667
15790.0,1,218.75,113,34,10,0,218.75
15791.0,5,3608.34,1970,121,44,598,721.668
15792.0,2,933.84,606,57,400,218,466.92
15793.0,8,2399.57,1685,12,15,723,299.94625
15794.0,2,777.0,288,15,736,0,388.5
15795.0,8,1979.8700000000001,1411,111,150,540,247.48375000000001
15796.0,17,5171.63,1733,138,1,617,304.21352941176474
15797.0,6,2821.08,1281,12,113,568,470.18
15798.0,3,1535.37,915,73,493,188,511.78999999999996
15799.0,4,1421.34,1341,143,76,342,355.335
15800.0,7,1227.07,575,198,107,511,175.29571428571427
15801.0,3,1063.95,570,61,46,63,354.65000000000003
15802.0,1,451.42,1,1,143,0,451.42
15803.0,4,1929.66,1030,48,51,624,482.415
15804.0,13,4206.39,2565,170,1,198,323.5684615384616
15805.0,30,10148.93,6205,337,23,706,338.29766666666666
15806.0,3,784.58,602,24,46,230,261.5266666666667
15807.0,5,1817.52,1532,85,50,615,363.504
15808.0,21,17180.25,6753,348,306,431,818.1071428571429
15809.0,7,1274.44,700,51,36,499,182.06285714285715
15810.0,8,2999.04,1653,89,79,594,374.88
15811.0,7,3486.15,1781,205,22,365,498.0214285714286
15812.0,12,5201.47,3450,87,107,617,433.4558333333334
15813.0,2,1303.9099999999999,603,40,208,31,651.9549999999999
15814.0,6,2634.44,1728,83,17,586,439.0733333333333
15815.0,5,2100.6,1856,33,64,196,420.12
15816.0,2,144.14999999999998,54,11,542,0,72.07499999999999
15817.0,3,2766.4,1596,133,421,122,922.1333333333333
15818.0,1,340.5,284,11,588,0,340.5
15819.0,10,3934.79,2928,182,49,582,393.479
15820.0,1,206.98,128,17,320,0,206.98
15821.0,2,570.96,202,57,44,17,285.48
15822.0,6,1840.06,950,46,3,729,306.6766666666667
15823.0,3,3882.17,1774,155,372,358,1294.0566666666666
15824.0,2,890.94,478,24,453,78,445.47
15825.0,1,532.94,220,20,172,0,532.94
15826.0,4,2598.28,1824,100,56,511,649.57
15827.0,28,3603.14,1715,124,73,627,128.6835714285714
15828.0,1,1108.82,367,74,375,0,1108.82
15829.0,2,636.14,996,44,99,41,318.07
15830.0,1,576.0,415,39,38,0,576.0
15831.0,3,794.64,1092,63,58,265,264.88
15832.0,1,836.79,465,54,254,0,836.79
15833.0,1,80.4,24,5,738,0,80.4
15834.0,7,3764.39,1815,333,70,354,537.77
15835.0,4,954.09,439,47,44,286,238.5225
15836.0,1,137.37,26,10,50,0,137.37
15837.0,2,777.01,405,52,65,420,388.505
15838.0,34,73205.5,64114,61,11,713,2153.1029411764707
15839.0,3,1048.49,675,56,33,114,349.49666666666667
15840.0,2,355.56,396,26,59,113,177.78
15841.0,9,2742.41,2391,60,73,657,304.7122222222222
15842.0,2,548.8,296,24,393,134,274.4
15843.0,1,118.95,27,8,304,0,118.95
15844.0,1,130.73999999999998,134,11,46,0,130.73999999999998
15845.0,11,4426.28,2128,129,18,664,402.3890909090909
15846.0,1,107.01,79,27,385,0,107.01
15847.0,5,822.57,643,39,38,603,164.514
15848.0,1,137.99,45,34,622,0,137.99
15850.0,6,1006.75,1334,269,19,707,167.79166666666666
15851.0,1,109.73,67,8,527,0,109.73
15852.0,3,257.26,60,31,187,340,85.75333333333333
15853.0,1,110.8,135,29,52,0,110.8
15854.0,21,5578.28,1691,168,4,725,265.6323809523809
15855.0,6,1052.72,712,72,137,339,175.45333333333335
15856.0,52,32275.95,19550,384,4,732,620.6913461538462
15857.0,2,570.48,584,21,19,411,285.24
15858.0,13,3552.41,2715,273,16,714,273.2623076923077
15859.0,1,438.46,174,22,432,0,438.46
15860.0,17,2361.3,1259,249,41,692,138.9
15861.0,12,4369.2,3837,452,12,667,364.09999999999997
15862.0,13,2512.29,1520,417,8,714,193.25307692307692
15863.0,5,355.1,162,74,26,697,71.02000000000001
15864.0,7,2180.76,1486,18,22,358,311.5371428571429
15865.0,5,2241.42,1141,119,41,662,448.284
15866.0,1,211.89,124,43,101,0,211.89
15867.0,31,8923.3,5067,547,5,719,287.84838709677416
15868.0,1,94.53,57,4,583,0,94.53
15869.0,3,321.11,273,29,277,349,107.03666666666668
15870.0,4,857.46,504,127,33,413,214.365
15871.0,1,33.099999999999994,5,5,437,0,33.099999999999994
15872.0,4,729.25,467,164,15,535,182.3125
15873.0,4,313.91999999999996,1152,3,500,1,78.47999999999999
15874.0,21,11284.76,5102,262,64,637,537.3695238095238
15875.0,1,108.52,74,18,646,0,108.52
15876.0,2,1449.14,886,11,409,39,724.57
15877.0,2,490.33,368,122,2,16,245.165
15878.0,2,330.77,243,47,562,171,165.385
15879.0,4,1137.8,639,171,404,317,284.45
15880.0,1,329.03000000000003,202,95,369,0,329.03000000000003
15881.0,5,501.39,260,26,312,52,100.27799999999999
15882.0,8,1124.66,650,49,199,530,140.5825
15883.0,2,396.48,223,42,2,31,198.24
15884.0,2,244.60000000000002,152,14,432,303,122.30000000000001
15885.0,15,1951.82,622,83,93,594,130.12133333333333
15886.0,4,1052.8700000000001,667,58,60,537,263.21750000000003
15887.0,3,1027.15,605,27,407,148,342.3833333333334
15888.0,3,429.16,139,33,81,446,143.05333333333334
15889.0,8,1427.6,800,256,157,572,178.45
15890.0,5,535.65,119,10,395,210,107.13
15891.0,1,511.68,418,60,227,0,511.68
15892.0,1,128.2,46,38,669,0,128.2
15893.0,1,305.28000000000003,288,1,482,0,305.28000000000003
15894.0,2,258.25,164,35,253,115,129.125
15895.0,1,179.17,94,11,150,0,179.17
15897.0,2,208.59,223,17,194,0,104.295
15898.0,25,4996.45,2160,281,1,726,199.858
15899.0,1,56.25,39,4,369,0,56.25
15900.0,4,886.57,656,100,24,539,221.6425
15901.0,7,687.72,695,145,17,527,98.24571428571429
15902.0,1,145.01,124,18,380,0,145.01
15903.0,12,8939.84,3926,58,10,684,744.9866666666667
15904.0,1,164.68,84,30,8,0,164.68
15905.0,1,114.69,82,22,543,0,114.69
15906.0,10,2530.19,749,143,20,431,253.019
15907.0,3,882.72,478,175,4,206,294.24
15908.0,2,758.62,173,37,491,21,379.31
15909.0,1,191.94,98,7,174,0,191.94
15910.0,15,2661.17,2158,394,1,686,177.41133333333335
15911.0,8,1700.24,810,162,624,106,212.53
15912.0,9,1074.7,759,83,178,551,119.41111111111111
15913.0,1,6.300000000000001,3,1,534,0,6.300000000000001
15914.0,2,205.99,149,13,378,0,102.995
15915.0,1,364.45,414,105,402,0,364.45
15916.0,13,3145.2400000000002,1618,227,16,712,241.94153846153847
15917.0,5,530.17,248,127,248,489,106.03399999999999
15918.0,3,582.88,240,49,191,441,194.29333333333332
15919.0,2,525.69,385,103,20,349,262.845
15920.0,9,569.14,238,93,154,571,63.23777777777778
15921.0,4,775.26,335,69,173,468,193.815
15922.0,1,369.5,138,11,373,0,369.5
15923.0,1,127.08,122,21,373,0,127.08
15924.0,1,102.82,103,14,731,0,102.82
15925.0,1,207.15,93,12,194,0,207.15
15926.0,1,134.44,155,7,542,0,134.44
15927.0,1,106.54,66,13,647,0,106.54
15928.0,1,293.53,164,11,656,0,293.53
15929.0,1,594.0,120,1,644,0,594.0
15930.0,1,426.63,139,21,67,0,426.63
15931.0,1,239.9,118,14,428,0,239.9
15932.0,8,2495.87,2325,93,4,285,311.98375
15933.0,3,1107.46,885,63,21,65,369.15333333333336
15934.0,2,2190.66,2166,29,418,11,1095.33
15935.0,2,416.86,115,12,239,2,208.43
15936.0,2,282.79,211,16,379,88,141.395
15937.0,1,145.35,73,7,64,0,145.35
15938.0,9,734.81,449,27,112,444,81.64555555555555
15939.0,16,9060.39,6260,52,90,284,566.274375
15940.0,1,35.8,4,1,311,0,35.8
15941.0,1,405.0,60,6,637,0,405.0
15942.0,1,337.44,232,14,134,0,337.44
15943.0,2,271.28999999999996,183,12,650,28,135.64499999999998
15944.0,4,2164.24,859,25,277,449,541.06
15945.0,4,646.27,345,24,365,372,161.5675
15946.0,3,2304.18,1614,25,503,131,768.06
15947.0,1,1708.24,898,29,83,0,1708.24
15948.0,3,1509.09,852,63,8,416,503.03
15949.0,2,364.72,284,12,17,54,182.36
15950.0,10,7120.91,3354,225,32,650,712.091
15951.0,3,1013.1700000000001,420,44,9,372,337.72333333333336
15952.0,4,781.91,391,65,34,191,195.4775
15953.0,18,3440.34,1741,102,15,721,191.13
15954.0,1,190.75,119,20,589,0,190.75
15955.0,22,8085.9800000000005,3967,222,24,629,367.54454545454547
15956.0,2,617.6,278,18,551,175,308.8
15957.0,3,921.25,453,121,32,389,307.0833333333333
15958.0,4,462.12,154,50,74,476,115.53
15959.0,3,542.89,269,58,682,0,180.96333333333334
15960.0,4,410.95,258,24,374,61,102.7375
15961.0,1,451.28999999999996,154,42,379,0,451.28999999999996
15962.0,1,289.48,228,43,449,0,289.48
15963.0,2,470.76,298,26,20,25,235.38
15964.0,1,269.21000000000004,93,20,663,0,269.21000000000004
15965.0,13,2771.94,1313,202,17,719,213.22615384615386
15966.0,1,426.53,275,27,451,0,426.53
15967.0,12,2966.0,1183,316,23,715,247.16666666666666
15968.0,1,404.55,247,70,388,0,404.55
15969.0,5,1127.05,223,31,3,519,225.41
15970.0,2,1017.3199999999999,498,19,304,295,508.65999999999997
15971.0,18,5902.83,2251,12,18,714,327.935
15972.0,5,1769.33,468,104,456,143,353.866
15973.0,3,680.62,195,8,367,62,226.87333333333333
15974.0,7,3442.15,2262,141,39,249,491.7357142857143
15975.0,1,371.01,243,24,84,0,371.01
15976.0,6,1694.41,1053,265,165,385,282.4016666666667
15977.0,2,1054.73,1016,48,17,21,527.365
15978.0,3,3279.42,2444,107,77,567,1093.14
15979.0,1,329.21999999999997,450,22,603,0,329.21999999999997
15980.0,7,6543.68,4822,101,89,467,934.8114285714286
15981.0,21,9362.77,4827,151,25,595,445.8461904761905
15982.0,1,324.51,131,45,605,0,324.51
15983.0,8,3110.37,1872,137,22,711,388.79625
15984.0,30,8393.02,5730,458,3,735,279.76733333333334
15985.0,7,2715.28,2750,50,123,438,387.8971428571429
15986.0,2,354.42,368,25,30,351,177.21
15987.0,8,1535.99,1599,143,12,367,191.99875
15988.0,3,738.89,476,114,19,637,246.29666666666665
15989.0,2,368.31,169,81,376,361,184.155
15990.0,7,1997.75,1086,117,44,605,285.39285714285717
15991.0,1,150.55,41,6,534,0,150.55
15992.0,3,896.6,514,53,4,449,298.8666666666667
15993.0,7,2777.67,2037,335,9,35,396.81
15994.0,3,1175.68,462,93,55,581,391.8933333333334
15995.0,1,694.54,352,108,414,0,694.54
15996.0,7,1386.4,643,140,88,308,198.05714285714288
15998.0,16,8274.14,5350,682,37,702,517.13375
15999.0,1,20.4,24,1,736,0,20.4
16000.0,3,12393.7,5110,9,3,0,4131.233333333334
16001.0,1,583.39,337,29,381,0,583.39
16002.0,1,169.21,70,42,625,0,169.21
16003.0,10,5613.83,2210,146,30,706,561.383
16004.0,5,2146.39,1076,63,475,208,429.27799999999996
16005.0,10,2365.4900000000002,1269,315,12,438,236.54900000000004
16006.0,2,332.82,205,75,211,176,166.41
16007.0,7,3053.06,2631,337,48,495,436.15142857142854
16008.0,15,5339.13,3237,63,24,606,355.942
16009.0,4,972.11,366,68,22,137,243.0275
16010.0,11,1694.86,919,122,246,165,154.0781818181818
16011.0,29,5601.01,3323,181,8,730,193.13827586206898
16012.0,5,2978.59,1760,207,35,494,595.7180000000001
16013.0,84,56078.44,25520,54,4,728,667.6004761904762
16014.0,5,1100.28,462,219,38,639,220.05599999999998
16015.0,3,704.55,907,146,4,45,234.85
16016.0,11,2083.4,881,181,3,399,189.4
16017.0,5,1545.58,635,99,47,656,309.116
16018.0,4,698.13,503,48,39,693,174.5325
16019.0,27,17329.16,6959,256,47,678,641.8207407407407
16020.0,3,851.01,487,42,17,48,283.67
16021.0,2,487.03,276,117,395,149,243.515
16022.0,1,602.63,255,68,260,0,602.63
16023.0,3,719.8100000000001,358,90,46,220,239.9366666666667
16024.0,3,483.99,504,78,12,399,161.33
16025.0,1,439.65999999999997,338,28,30,0,439.65999999999997
16026.0,1,236.09,243,30,43,0,236.09
16027.0,15,2048.36,2099,20,92,608,136.55733333333333
16028.0,1,82.2,18,5,596,0,82.2
16029.0,107,117763.62,54450,57,39,692,1100.5945794392524
16030.0,1,331.24,283,28,310,0,331.24
16031.0,2,547.9,421,91,92,154,273.95
16032.0,6,1965.72,1467,130,456,67,327.62
16033.0,27,10608.81,4200,605,6,479,392.9188888888889
16034.0,6,911.3199999999999,585,43,196,213,151.88666666666666
16035.0,1,217.73,33,21,560,0,217.73
16036.0,4,2556.84,1369,120,87,533,639.21
16037.0,5,1509.3400000000001,766,62,270,378,301.86800000000005
16038.0,3,471.78,244,24,8,194,157.26
16039.0,2,456.4,409,27,424,204,228.2
16040.0,7,2416.9,1185,95,65,544,345.2714285714286
16041.0,3,3166.4,1584,6,31,110,1055.4666666666667
16042.0,8,2245.32,1430,88,22,431,280.665
16043.0,8,1856.5900000000001,1011,56,38,444,232.07375000000002
16044.0,1,340.84000000000003,170,19,435,0,340.84000000000003
16045.0,8,3434.93,2108,111,120,378,429.36625
16046.0,1,235.78,248,22,562,0,235.78
16047.0,1,107.14,1,1,682,0,107.14
16048.0,4,818.7900000000001,425,30,373,176,204.69750000000002
16049.0,6,1852.15,1132,383,40,475,308.69166666666666
16050.0,3,300.7,388,19,174,227,100.23333333333333
16051.0,1,188.44,80,12,682,0,188.44
16052.0,1,362.06,282,34,54,0,362.06
16053.0,6,3634.84,3067,169,33,578,605.8066666666667
16054.0,4,2111.88,791,109,145,471,527.97
16055.0,1,134.8,22,8,221,0,134.8
16056.0,1,650.75,345,66,45,0,650.75
16057.0,10,3854.85,1691,175,16,684,385.485
16058.0,1,62.7,18,2,406,0,62.7
16059.0,12,3053.57,1431,233,66,503,254.46416666666667
16060.0,3,541.95,243,22,401,93,180.65
16061.0,1,89.65,19,3,431,0,89.65
16062.0,8,2863.45,2035,134,10,526,357.93125
16063.0,1,335.32,262,23,260,0,335.32
16064.0,1,109.31,55,17,725,0,109.31
16065.0,8,1992.13,1207,214,365,97,249.01625
16066.0,5,1521.04,935,77,17,107,304.20799999999997
16067.0,3,3269.11,1236,60,563,112,1089.7033333333334
16068.0,1,115.73,48,34,594,0,115.73
16069.0,1,457.7,138,25,418,0,457.7
16070.0,2,852.15,457,32,22,9,426.075
16071.0,4,1076.8,697,62,45,610,269.2
16072.0,4,4180.09,1580,414,288,260,1045.0225
16073.0,1,122.4,48,1,297,0,122.4
16074.0,1,252.5,38,23,390,0,252.5
16075.0,2,736.9300000000001,271,41,503,61,368.46500000000003
16076.0,10,2234.73,1435,71,3,205,223.473
16077.0,1,2300.4,840,8,626,0,2300.4
16078.0,2,362.99,200,39,284,385,181.495
16079.0,3,1352.0,864,18,17,23,450.6666666666667
16080.0,4,602.5600000000001,298,29,82,368,150.64000000000001
16081.0,8,4278.96,2177,235,56,618,534.87
16082.0,1,106.75,39,16,670,0,106.75
16083.0,4,2351.42,1514,61,101,287,587.855
16084.0,1,436.18,216,38,299,0,436.18
16085.0,12,2341.03,1382,259,23,664,195.08583333333334
16086.0,10,2687.73,1450,66,59,677,268.773
16087.0,5,1739.92,664,6,389,300,347.98400000000004
16088.0,2,1437.43,373,3,576,15,718.715
16089.0,2,263.49,119,42,386,122,131.745
16090.0,1,180.56,58,18,624,0,180.56
16091.0,2,315.06,154,16,155,43,157.53
16092.0,6,1587.94,1188,60,115,464,264.6566666666667
16093.0,1,17.0,20,1,107,0,17.0
16094.0,11,3695.56,2020,101,12,590,335.96
16095.0,1,447.05,265,30,456,0,447.05
16096.0,4,1584.97,700,58,264,380,396.2425
16097.0,1,185.04999999999998,87,10,240,0,185.04999999999998
16098.0,14,4010.7,2008,83,88,637,286.4785714285714
16099.0,7,1573.2,960,44,50,596,224.74285714285716
16100.0,1,582.64,438,37,463,0,582.64
16101.0,4,3229.16,1844,153,71,490,807.29
16102.0,3,1842.14,942,41,42,86,614.0466666666667
16103.0,22,6191.71,2639,111,7,693,281.44136363636363
16104.0,9,2774.46,1047,187,62,671,308.2733333333333
16105.0,5,2386.19,2125,92,249,355,477.238
16106.0,1,108.38,74,6,66,0,108.38
16107.0,7,3204.1600000000003,1176,16,18,165,457.7371428571429
16108.0,4,2235.92,1473,124,85,546,558.98
16109.0,3,939.48,1092,30,219,479,313.16
16110.0,4,1781.59,880,343,45,477,445.3975
16111.0,1,549.33,233,72,428,0,549.33
16112.0,4,195.74,574,15,143,195,48.935
16113.0,1,161.38,176,30,183,0,161.38
16114.0,1,135.75000000000003,43,8,171,0,135.75000000000003
16115.0,12,2553.8,1589,230,10,564,212.8166666666667
16116.0,1,612.78,248,34,212,0,612.78
16117.0,3,654.4,321,64,190,401,218.13333333333333
16118.0,1,4376.25,2851,41,653,0,4376.25
16119.0,8,1720.81,811,37,8,715,215.10125
16120.0,6,2967.5099999999998,2161,84,59,362,494.585
16121.0,5,1450.04,879,256,57,508,290.008
16122.0,6,895.62,1280,28,73,352,149.27
16123.0,1,307.78,170,16,52,0,307.78
16124.0,4,1772.49,797,63,317,415,443.1225
16125.0,14,4292.35,1819,168,367,358,306.5964285714286
16126.0,15,14644.6,6140,144,29,708,976.3066666666667
16127.0,2,801.3100000000001,391,75,39,687,400.65500000000003
16128.0,11,3801.05,2445,155,18,493,345.55
16129.0,3,1396.05,1261,91,407,100,465.34999999999997
16130.0,4,987.48,296,53,422,195,246.87
16131.0,12,9957.42,4768,131,52,686,829.785
16132.0,2,664.1999999999999,280,14,544,83,332.09999999999997
16133.0,56,22992.26,13653,303,4,614,410.5760714285714
16134.0,5,2145.34,1637,85,22,519,429.06800000000004
16135.0,2,819.4499999999999,395,35,263,321,409.72499999999997
16136.0,4,946.8000000000001,674,44,60,603,236.70000000000002
16137.0,1,422.7,210,28,680,0,422.7
16138.0,3,910.35,774,35,379,212,303.45
16139.0,5,1111.15,602,47,19,717,222.23000000000002
16140.0,3,1433.46,1272,50,66,376,477.82
16141.0,2,955.94,410,47,88,328,477.97
16142.0,1,535.34,422,37,250,0,535.34
16143.0,12,4555.08,1866,107,3,726,379.59
16144.0,1,175.2,16,1,247,0,175.2
16145.0,19,6805.4400000000005,5270,217,9,575,358.18105263157895
16146.0,4,946.38,544,34,157,291,236.595
16147.0,5,2398.91,1395,113,134,538,479.782
16148.0,2,386.62,250,9,296,140,193.31
16149.0,3,422.21999999999997,598,30,5,424,140.73999999999998
16150.0,10,4002.17,1990,143,43,679,400.217
16152.0,1,1829.04,642,29,269,0,1829.04
16153.0,11,5133.49,3693,161,50,512,466.6809090909091
16155.0,5,796.9,495,45,382,158,159.38
16156.0,20,6188.18,3205,199,9,728,309.409
16157.0,3,656.69,347,12,16,56,218.89666666666668
16158.0,9,628.32,182,29,522,211,69.81333333333333
16159.0,4,1232.79,635,31,282,455,308.1975
16160.0,2,1025.44,1162,20,65,20,512.72
16161.0,43,12580.06,6255,458,2,668,292.5595348837209
16162.0,1,37.4,4,2,252,0,37.4
16163.0,6,2407.98,676,59,232,505,401.33
16164.0,3,822.48,433,27,17,25,274.16
16165.0,1,79.9,2,1,505,0,79.9
16166.0,2,435.83,173,18,428,263,217.915
16167.0,5,1386.12,1494,51,414,324,277.224
16168.0,66,10360.67,4975,131,11,726,156.97984848484847
16169.0,4,1822.97,1325,71,8,67,455.7425
16170.0,20,6869.0,6056,254,51,608,343.45
16171.0,1,73.19999999999999,24,3,59,0,73.19999999999999
16172.0,8,1884.55,1419,81,95,417,235.56875
16173.0,6,1418.32,575,70,16,82,236.38666666666666
16174.0,7,2246.75,1431,28,126,476,320.9642857142857
16175.0,7,1836.44,932,59,94,469,262.34857142857146
16176.0,4,2052.69,952,53,421,198,513.1725
16177.0,8,2247.31,1021,79,50,596,280.91375
16178.0,2,612.6,304,24,138,263,306.3
16179.0,1,215.83,99,11,61,0,215.83
16180.0,13,16249.87,9813,171,100,434,1249.99
16181.0,1,305.54,152,11,73,0,305.54
16182.0,9,9971.65,5887,20,72,568,1107.961111111111
16183.0,4,1077.81,351,32,67,340,269.4525
16184.0,6,1158.79,561,26,64,147,193.13166666666666
16185.0,3,644.72,321,39,17,547,214.90666666666667
16186.0,26,8718.43,6594,172,23,707,335.3242307692308
16187.0,15,6911.4400000000005,5048,160,32,252,460.7626666666667
16188.0,5,1087.66,838,72,45,364,217.532
16189.0,2,215.48,134,9,16,69,107.74
16190.0,8,2723.55,1231,89,40,685,340.44375
16191.0,24,15677.82,9348,113,3,725,653.2425
16192.0,1,351.3,208,11,736,0,351.3
16193.0,2,630.43,379,38,237,174,315.215
16194.0,1,308.6,140,8,375,0,308.6
16195.0,1,323.25,123,16,723,0,323.25
16196.0,1,93.3,26,4,489,0,93.3
16197.0,9,2016.71,1420,52,469,254,224.07888888888888
16198.0,2,1030.0410000000002,384,31,75,362,515.0205000000001
16199.0,7,942.75,321,2,392,238,134.67857142857142
16200.0,12,5608.1,3068,361,4,732,467.3416666666667
16201.0,5,2112.12,1421,86,3,412,422.424
16202.0,9,2501.99,1307,105,361,376,277.99888888888887
16203.0,6,943.84,537,56,59,445,157.30666666666667
16204.0,3,918.71,671,86,23,707,306.2366666666667
16205.0,7,1820.11,1452,147,31,511,260.0157142857143
16206.0,13,2589.87,1379,187,55,629,199.22076923076924
16207.0,1,394.38,140,19,25,0,394.38
16208.0,10,3440.4500000000003,1541,180,45,608,344.045
16209.0,9,4146.78,1895,51,89,458,460.75333333333333
16210.0,35,33750.97,12397,145,2,735,964.3134285714286
16211.0,3,1090.59,519,35,89,349,363.53
16212.0,4,1293.71,571,71,19,650,323.4275
16213.0,1,159.0,48,6,79,0,159.0
16214.0,4,2038.25,1308,84,171,264,509.5625
16215.0,1,242.35,104,14,81,0,242.35
16216.0,1,914.9300000000001,254,37,267,0,914.9300000000001
16217.0,2,304.25,91,13,235,46,152.125
16218.0,13,3968.67,2799,82,30,531,305.2823076923077
16219.0,1,40.8,48,1,501,0,40.8
16221.0,9,2019.92,1449,177,37,449,224.43555555555557
16222.0,2,1272.05,463,133,318,402,636.025
16223.0,2,1087.05,643,101,375,20,543.525
16224.0,5,1616.54,1555,107,57,330,323.308
16225.0,15,2859.31,1281,189,45,625,190.62066666666666
16226.0,5,672.17,521,23,203,210,134.434
16227.0,3,1027.22,436,28,225,310,342.4066666666667
16228.0,3,885.71,555,45,385,14,295.2366666666667
16229.0,6,2867.86,1292,144,87,477,477.9766666666667
16230.0,2,542.03,365,32,190,30,271.015
16231.0,4,1074.47,563,69,379,218,268.6175
16232.0,7,2712.97,1849,60,44,506,387.5671428571428
16233.0,9,1818.31,677,49,71,666,202.03444444444443
16234.0,3,333.18,170,13,476,85,111.06
16235.0,9,2053.71,788,80,41,429,228.19
16236.0,1,432.2,184,20,78,0,432.2
16237.0,1,136.65,57,7,437,0,136.65
16238.0,1,63.66,85,6,423,0,63.66
16239.0,6,1492.2,692,24,57,406,248.70000000000002
16240.0,2,3718.8,1641,126,24,53,1859.4
16241.0,16,3992.86,2258,500,10,400,249.55375
16242.0,14,7404.650000000001,3921,348,8,625,528.9035714285715
16243.0,2,409.1,110,49,34,21,204.55
16244.0,2,1522.75,855,88,212,160,761.375
16245.0,3,1413.66,1014,80,24,233,471.22
16246.0,2,821.35,336,79,460,209,410.675
16247.0,1,114.56,182,16,170,0,114.56
16248.0,1,152.94,78,7,62,0,152.94
16249.0,5,1800.07,950,67,53,186,360.014
16250.0,3,565.24,268,29,261,125,188.41333333333333
16251.0,1,128.31,44,20,512,0,128.31
16252.0,1,295.09000000000003,158,21,383,0,295.09000000000003
16253.0,7,7272.2,6030,218,67,664,1038.8857142857144
16254.0,3,967.44,543,65,378,253,322.48
16255.0,15,4530.0,2876,231,17,668,302.0
16256.0,3,1629.37,1590,27,267,331,543.1233333333333
16257.0,1,46.95,2,2,177,0,46.95
16258.0,15,11942.52,7200,253,45,593,796.168
16259.0,3,340.94,143,75,410,194,113.64666666666666
16260.0,1,1035.45,311,18,51,0,1035.45
16261.0,6,1041.16,454,118,17,425,173.52666666666667
16262.0,1,755.15,446,46,378,0,755.15
16263.0,1,348.16,197,19,423,0,348.16
16264.0,2,823.53,616,62,438,7,411.765
16265.0,12,6935.17,3214,192,9,398,577.9308333333333
16266.0,14,1757.95,791,73,74,599,125.56785714285715
16267.0,1,186.66,198,7,591,0,186.66
16268.0,2,667.65,533,45,71,0,333.825
16269.0,1,717.57,579,53,438,0,717.57
16270.0,1,1141.24,688,54,353,0,1141.24
16271.0,10,3397.82,2359,176,3,640,339.78200000000004
16272.0,1,411.7,224,25,117,0,411.7
16273.0,2,318.34000000000003,40,15,648,7,159.17000000000002
16274.0,1,351.75,153,64,373,0,351.75
16275.0,3,2151.11,1268,105,197,444,717.0366666666667
16276.0,3,2629.3900000000003,1467,20,177,430,876.4633333333335
16277.0,1,188.69,33,23,734,0,188.69
16278.0,3,1117.84,342,50,100,399,372.6133333333333
16279.0,9,5698.28,3683,243,21,575,633.1422222222222
16280.0,1,238.05,101,16,725,0,238.05
16281.0,3,3424.02,1570,27,72,610,1141.34
16282.0,3,1307.5800000000002,790,31,340,378,435.86000000000007
16283.0,8,4350.32,2867,385,6,643,543.79
16284.0,3,1018.48,674,108,31,362,339.49333333333334
16285.0,1,176.9,60,31,646,0,176.9
16286.0,2,328.95,101,17,477,146,164.475
16287.0,5,1006.98,1426,18,170,519,201.39600000000002
16288.0,1,129.85,19,7,470,0,129.85
16289.0,1,136.31,97,21,462,0,136.31
16290.0,4,1957.7,957,85,465,101,489.425
16291.0,1,117.72,1,1,682,0,117.72
16292.0,5,1253.76,688,51,122,482,250.752
16293.0,15,4279.2,1833,168,22,707,285.28
16294.0,1,126.05000000000001,54,8,477,0,126.05000000000001
16295.0,4,1328.55,841,70,10,54,332.1375
16296.0,4,1313.67,645,56,626,95,328.4175
16297.0,1,301.9,206,20,269,0,301.9
16298.0,7,1085.7,308,32,23,419,155.1
16299.0,1,193.65,107,12,477,0,193.65
16300.0,3,1367.32,643,190,430,245,455.7733333333333
16301.0,1,107.33,41,6,737,0,107.33
16302.0,1,233.22,158,11,127,0,233.22
16303.0,7,7928.27,3859,156,26,605,1132.6100000000001
16304.0,1,381.66,228,25,695,0,381.66
16305.0,1,361.21999999999997,256,22,139,0,361.21999999999997
16306.0,7,1124.72,712,55,214,221,160.67428571428573
16307.0,3,1194.92,1123,69,429,147,398.3066666666667
16308.0,7,5120.0,16000,1,38,686,731.4285714285714
16309.0,2,706.57,467,39,106,134,353.285
16310.0,2,460.08,270,26,414,227,230.04
16311.0,2,616.26,394,35,18,31,308.13
16312.0,1,171.15,53,10,432,0,171.15
16313.0,2,274.15,165,16,3,46,137.075
16314.0,3,1491.4,636,58,390,83,497.1333333333334
16315.0,2,402.71,143,21,331,205,201.355
16316.0,13,5744.91,3057,193,64,428,441.91615384615386
16317.0,5,2192.51,1236,103,120,465,438.50200000000007
16318.0,1,328.15,199,19,35,0,328.15
16319.0,1,404.40000000000003,72,3,218,0,404.40000000000003
16320.0,6,5628.99,3319,193,172,509,938.165
16321.0,7,604.5500000000001,259,15,72,666,86.36428571428573
16322.0,2,326.75,231,28,1,35,163.375
16323.0,2,353.66,146,4,196,381,176.83
16324.0,3,408.59000000000003,270,100,128,48,136.1966666666667
16325.0,12,3597.5,2464,104,47,688,299.7916666666667
16326.0,24,4721.25,1083,243,6,674,196.71875
16327.0,16,10159.64,8124,289,14,711,634.9775
16328.0,1,310.83,141,16,563,0,310.83
16329.0,4,1664.92,797,83,428,311,416.23
16330.0,7,625.38,326,105,18,644,89.34
16331.0,6,2037.7,756,33,432,210,339.6166666666667
16332.0,11,2000.01,1128,158,28,561,181.8190909090909
16333.0,22,26626.8,32184,9,8,302,1210.3090909090909
16334.0,1,263.73,206,54,492,0,263.73
16335.0,7,2753.52,1004,193,552,184,393.36
16336.0,4,3517.69,1473,64,421,211,879.4225
16337.0,1,151.05,87,10,37,0,151.05
16338.0,1,214.8,94,11,157,0,214.8
16339.0,1,94.05,21,17,284,0,94.05
16340.0,3,1496.24,1319,277,107,444,498.74666666666667
16341.0,7,3850.79,3022,103,25,584,550.1128571428571
16342.0,4,322.41,157,10,75,104,80.6025
16343.0,3,614.12,345,54,16,391,204.70666666666668
16344.0,4,842.42,706,43,158,510,210.605
16345.0,2,1178.79,611,95,44,438,589.395
16346.0,1,224.51,289,15,385,0,224.51
16347.0,11,3442.96,1715,209,11,626,312.99636363636364
16348.0,8,1744.42,1164,180,32,398,218.0525
16349.0,1,53.5,9,9,291,0,53.5
16350.0,9,2253.89,1077,72,21,406,250.4322222222222
16351.0,13,3330.0299999999997,2165,124,333,402,256.1561538461538
16352.0,2,494.44,300,28,18,20,247.22
16353.0,38,9795.460000000001,3483,76,4,728,257.77526315789476
16354.0,5,1119.46,592,116,63,528,223.892
16355.0,1,416.35,179,47,375,0,416.35
16356.0,6,415.87,190,27,198,354,69.31166666666667
16357.0,4,868.37,389,43,33,347,217.0925
16358.0,5,2919.65,2065,118,1,393,583.9300000000001
16359.0,16,2697.75,1764,78,7,654,168.609375
16360.0,6,3450.41,2110,365,5,83,575.0683333333333
16361.0,4,891.21,418,87,10,61,222.8025
16362.0,6,922.16,467,67,32,405,153.69333333333333
16363.0,1,109.36000000000001,52,5,53,0,109.36000000000001
16364.0,2,705.79,279,48,12,125,352.895
16365.0,15,3167.34,1034,97,18,710,211.156
16366.0,4,1548.1299999999999,882,74,19,704,387.03249999999997
16367.0,3,1350.48,1103,196,37,345,450.16
16368.0,3,621.44,307,74,2,433,207.14666666666668
16369.0,7,2656.56,1589,115,18,592,379.50857142857143
16370.0,4,1301.91,640,143,82,142,325.4775
16371.0,1,157.2,108,11,449,0,157.2
16372.0,5,1290.31,722,271,33,573,258.062
16373.0,2,309.49,119,25,382,29,154.745
16374.0,5,1723.4,771,276,66,522,344.68
16375.0,2,104.0,74,11,470,0,52.0
16376.0,2,974.96,691,104,9,8,487.48
16377.0,2,1308.48,2928,6,267,350,654.24
16378.0,3,362.95,267,22,247,63,120.98333333333333
16379.0,4,2157.4,1410,87,4,74,539.35
16380.0,1,1743.1499999999999,1428,28,61,0,1743.1499999999999
16381.0,2,247.85,108,60,396,22,123.925
16382.0,2,353.1,167,42,408,142,176.55
16383.0,7,2896.69,1596,239,75,598,413.8128571428571
16384.0,4,1358.95,861,80,90,500,339.7375
16385.0,5,881.35,476,94,60,571,176.27
16386.0,3,1068.16,700,127,29,359,356.05333333333334
16387.0,5,882.46,448,68,323,315,176.49200000000002
16388.0,1,186.05,83,13,654,0,186.05
16389.0,4,1382.07,1242,33,53,229,345.5175
16390.0,3,467.5,122,16,537,142,155.83333333333334
16391.0,4,1052.26,715,261,401,161,263.065
16392.0,3,756.7,604,125,270,292,252.23333333333335
16393.0,23,5297.77,3001,313,2,736,230.33782608695654
16394.0,5,1555.34,2604,61,57,232,311.068
16395.0,14,3518.41,2901,416,61,673,251.315
16396.0,1,137.8,80,8,476,0,137.8
16397.0,1,123.13,43,9,628,0,123.13
16398.0,2,1705.8,758,75,154,99,852.9
16399.0,3,630.22,452,97,19,370,210.07333333333335
16400.0,9,3059.85,2066,214,95,636,339.98333333333335
16401.0,23,6849.15,6035,110,1,554,297.7891304347826
16402.0,2,293.45,146,55,265,104,146.725
16403.0,1,177.5,114,10,312,0,177.5
16404.0,1,443.05,157,23,70,0,443.05
16405.0,2,167.25,187,3,302,7,83.625
16406.0,3,528.36,257,135,19,635,176.12
16407.0,14,2761.65,1448,120,13,419,197.2607142857143
16408.0,1,231.93,227,45,591,0,231.93
16409.0,12,5652.74,3664,335,36,690,471.06166666666667
16410.0,1,130.32,348,5,734,0,130.32
16411.0,4,756.39,461,139,19,408,189.0975
16412.0,5,593.19,288,84,54,619,118.638
16413.0,2,522.03,283,55,57,318,261.015
16414.0,5,551.21,201,58,22,672,110.242
16415.0,3,696.76,508,120,44,632,232.25333333333333
16416.0,9,2957.88,2198,146,27,628,328.65333333333336
16417.0,1,35.7,6,1,493,0,35.7
16418.0,5,1028.74,564,121,45,378,205.748
16419.0,8,1463.7,701,62,113,555,182.9625
16420.0,1,75.0,120,2,396,0,75.0
16421.0,3,526.27,123,35,376,93,175.42333333333332
16422.0,109,61920.87,64225,111,17,679,568.081376146789
16423.0,1,346.12,230,18,25,0,346.12
16424.0,2,443.06,212,10,191,191,221.53
16425.0,1,302.7,199,21,302,0,302.7
16426.0,10,1863.76,1215,211,2,273,186.376
16427.0,2,241.06,156,8,263,21,120.53
16428.0,3,638.49,575,121,414,84,212.83
16429.0,1,284.55,9,2,106,0,284.55
16430.0,7,1117.94,307,19,57,624,159.7057142857143
16431.0,3,623.28,442,51,213,84,207.76
16432.0,1,287.40000000000003,276,8,64,0,287.40000000000003
16433.0,2,384.52,214,33,28,380,192.26
16434.0,12,2673.69,1310,126,29,661,222.8075
16435.0,3,1003.0699999999999,608,119,512,2,334.3566666666666
16436.0,3,319.14,227,37,668,64,106.38
16437.0,2,301.25,197,17,381,48,150.625
16438.0,5,798.35,463,74,6,76,159.67000000000002
16439.0,1,310.70000000000005,74,9,722,0,310.70000000000005
16440.0,6,3856.9700000000003,2108,202,8,486,642.8283333333334
16441.0,5,1019.13,478,67,67,559,203.826
16442.0,5,891.98,580,226,2,725,178.39600000000002
16443.0,1,162.24,96,1,521,0,162.24
16444.0,17,3625.88,1945,217,46,578,213.2870588235294
16445.0,4,583.16,287,143,34,377,145.79
16446.0,2,168472.5,80997,3,1,204,84236.25
16447.0,3,727.1,315,59,136,524,242.36666666666667
16448.0,2,361.12,176,45,198,272,180.56
16449.0,2,707.69,367,40,198,82,353.845
16450.0,3,1505.73,681,36,150,506,501.91
16451.0,3,1013.15,524,61,88,647,337.71666666666664
16452.0,2,332.17,199,14,631,63,166.085
16453.0,2,251.71,139,15,531,17,125.855
16454.0,4,30.950000000000003,9,4,45,566,7.737500000000001
16455.0,11,3995.57,2851,111,64,556,363.2336363636364
16456.0,13,6000.94,3296,226,99,521,461.6107692307692
16457.0,1,208.36,140,9,218,0,208.36
16458.0,30,5690.89,3395,91,3,559,189.69633333333334
16459.0,1,71.78999999999999,59,5,730,0,71.78999999999999
16460.0,3,811.23,876,128,28,53,270.41
16461.0,3,1545.83,933,223,178,468,515.2766666666666
16462.0,3,136.0,16,1,74,210,45.333333333333336
16463.0,4,1422.4,1163,74,21,182,355.6
16464.0,3,1298.66,952,152,20,122,432.8866666666667
16465.0,2,746.24,504,45,421,23,373.12
16466.0,15,3767.09,1777,207,34,608,251.13933333333335
16467.0,7,2869.16,7384,14,509,228,409.88
16468.0,3,787.52,371,38,74,407,262.50666666666666
16469.0,5,803.9,332,167,24,490,160.78
16470.0,11,2416.85,1335,286,52,676,219.71363636363637
16471.0,4,1189.98,670,48,275,377,297.495
16472.0,2,789.6,252,39,434,163,394.8
16473.0,4,470.83,296,26,165,209,117.7075
16474.0,7,1810.65,909,237,7,137,258.6642857142857
16475.0,4,544.3,319,23,88,185,136.075
16476.0,1,350.35,187,24,432,0,350.35
16477.0,11,4094.37,2507,177,64,421,372.2154545454545
16478.0,3,331.0,224,15,25,40,110.33333333333333
16479.0,2,300.83,102,35,10,0,150.415
16480.0,1,769.29,455,51,76,0,769.29
16481.0,1,453.38,201,16,682,0,453.38
16482.0,1,220.62,346,18,16,0,220.62
16483.0,1,139.35,44,19,192,0,139.35
16484.0,2,404.3,200,25,174,17,202.15
16485.0,5,2287.19,1153,126,77,656,457.438
16486.0,1,134.36,24,7,538,0,134.36
16487.0,2,209.4,163,28,577,81,104.7
16488.0,3,498.8,728,28,33,115,166.26666666666668
16489.0,2,303.7,38,4,380,55,151.85
16490.0,1,205.41000000000003,113,13,436,0,205.41000000000003
16491.0,2,1533.16,1060,86,47,366,766.58
16492.0,1,385.56,235,23,541,0,385.56
16493.0,7,2132.09,1988,77,80,543,304.5842857142857
16494.0,1,826.53,675,47,297,0,826.53
16495.0,3,648.26,328,78,3,272,216.08666666666667
16496.0,6,2330.77,1764,120,9,500,388.46166666666664
16497.0,23,6695.28,3050,239,50,686,291.0991304347826
16498.0,2,100.97,45,15,161,0,50.485
16499.0,8,2578.34,1364,104,360,186,322.2925
16500.0,9,843.9100000000001,386,24,5,538,93.76777777777778
16501.0,1,1191.23,628,181,383,0,1191.23
16502.0,2,258.55,220,41,620,0,129.275
16503.0,11,3614.34,1535,161,107,429,328.5763636363636
16504.0,1,465.88,510,76,25,0,465.88
16505.0,1,777.6,576,4,32,0,777.6
16506.0,2,90.30000000000001,42,3,20,20,45.150000000000006
16507.0,1,142.71,111,37,572,0,142.71
16508.0,1,240.95,103,42,630,0,240.95
16509.0,1,363.70000000000005,64,13,297,0,363.70000000000005
16510.0,6,1777.5,930,94,372,319,296.25
16511.0,6,1760.49,769,235,22,626,293.415
16513.0,4,874.59,407,33,5,38,218.6475
16515.0,10,3179.06,1573,184,52,488,317.906
16516.0,1,101.69999999999999,58,6,30,0,101.69999999999999
16517.0,1,162.7,96,17,277,0,162.7
16518.0,4,959.37,524,61,61,495,239.8425
16519.0,4,439.06,150,32,25,623,109.765
16520.0,6,2148.38,1045,251,186,460,358.06333333333333
16521.0,3,1140.11,1014,212,415,232,380.03666666666663
16522.0,2,433.36,212,16,436,14,216.68
16523.0,28,11916.33,4979,180,2,682,425.5832142857143
16524.0,2,306.19,259,50,446,245,153.095
16525.0,48,24151.3,14430,115,2,735,503.15208333333334
16526.0,2,717.21,279,30,172,412,358.605
16527.0,2,1232.94,708,66,81,343,616.47
16528.0,1,244.41,171,17,4,0,244.41
16529.0,4,1986.8,739,87,190,340,496.7
16530.0,1,48.35,17,3,668,0,48.35
16531.0,11,2298.33,1863,109,22,419,208.9390909090909
16532.0,5,8756.64,2544,2,18,603,1751.328
16533.0,3,1082.81,611,112,19,48,360.93666666666667
16534.0,1,635.9,168,36,642,0,635.9
16535.0,3,972.04,664,67,5,674,324.0133333333333
16536.0,1,548.12,250,49,110,0,548.12
16537.0,1,23.35,59,3,641,0,23.35
16538.0,3,395.07,254,35,541,54,131.69
16539.0,10,3289.66,1014,83,3,529,328.966
16540.0,1,205.75,105,25,414,0,205.75
16541.0,1,424.03,173,38,735,0,424.03
16542.0,2,257.32,142,13,54,347,128.66
16543.0,1,292.21,317,18,592,0,292.21
16544.0,4,376.70000000000005,150,8,520,142,94.17500000000001
16545.0,2,689.8199999999999,322,6,165,210,344.90999999999997
16546.0,5,5307.07,4211,75,291,151,1061.414
16547.0,1,104.25999999999999,108,25,546,0,104.25999999999999
16548.0,1,30.15,6,6,599,0,30.15
16549.0,34,12781.8,7087,836,10,610,375.93529411764706
16550.0,18,8813.58,5405,274,109,628,489.6433333333333
16551.0,7,2237.12,2076,67,96,630,319.5885714285714
16552.0,2,379.73,219,17,243,130,189.865
16553.0,33,16584.01,16427,195,163,502,502.54575757575753
16554.0,8,2841.72,1346,108,42,682,355.215
16555.0,6,1915.68,1816,59,35,470,319.28000000000003
16556.0,17,8012.58,4353,280,67,666,471.32823529411763
16557.0,2,281.85,111,11,24,113,140.925
16558.0,38,13304.11,7813,383,1,735,350.10815789473685
16559.0,1,175.0,61,17,397,0,175.0
16560.0,8,3048.38,1603,140,27,704,381.0475
16561.0,2,511.12,244,29,6,54,255.56
16562.0,1,223.86,264,34,477,0,223.86
16563.0,6,4412.56,2584,55,54,684,735.4266666666667
16564.0,1,87.8,40,5,569,0,87.8
16565.0,4,773.05,211,7,364,191,193.2625
16566.0,5,614.66,362,14,15,277,122.93199999999999
16567.0,2,865.6,996,34,194,142,432.8
16568.0,2,1020.9,366,5,428,213,510.45
16569.0,5,1455.23,988,27,3,720,291.046
16570.0,20,7434.31,4292,114,15,604,371.7155
16571.0,10,4248.74,3703,151,27,605,424.87399999999997
16572.0,3,1009.6,532,40,127,148,336.53333333333336
16573.0,2,663.61,360,40,85,205,331.805
16574.0,3,1301.78,1002,86,71,587,433.9266666666667
16576.0,2,540.87,323,32,420,101,270.435
16577.0,1,380.0,142,23,667,0,380.0
16578.0,1,156.6,108,9,626,0,156.6
16579.0,1,295.05,119,14,426,0,295.05
16581.0,1,105.84,134,9,183,0,105.84
16582.0,1,313.62,164,6,113,0,313.62
16583.0,2,297.95,153,18,374,299,148.975
16584.0,5,3156.17,1913,61,80,581,631.234
16585.0,2,341.59,151,16,594,101,170.795
16586.0,3,1462.78,348,27,249,386,487.5933333333333
16587.0,1,225.15,71,13,232,0,225.15
16588.0,4,1361.28,882,64,386,188,340.32
16589.0,4,612.36,536,39,71,378,153.09
16590.0,2,605.9,240,26,401,13,302.95
16591.0,1,213.5,41,10,69,0,213.5
16592.0,28,7807.91,5504,221,4,716,278.8539285714286
16593.0,8,1071.14,377,57,51,684,133.8925
16594.0,1,181.09,64,53,75,0,181.09
16595.0,5,1757.75,1331,337,61,630,351.55
16596.0,4,458.98,180,23,16,713,114.745
16597.0,1,90.04,184,7,4,0,90.04
16598.0,1,145.05,73,10,286,0,145.05
16599.0,1,172.8,159,12,386,0,172.8
16600.0,13,2153.41,2420,106,4,717,165.64692307692306
16601.0,3,677.0,391,60,41,582,225.66666666666666
16602.0,2,763.33,429,37,36,352,381.665
16603.0,2,482.47,480,34,75,16,241.235
16604.0,2,432.45,175,10,563,5,216.225
16605.0,1,60.48,144,1,724,0,60.48
16606.0,2,357.66,148,16,404,30,178.83
16607.0,25,5706.87,4436,212,18,571,228.2748
16608.0,2,1286.6200000000001,612,94,454,209,643.3100000000001
16609.0,7,5493.46,2420,155,15,237,784.78
16610.0,1,75.66,66,6,219,0,75.66
16611.0,6,1785.13,874,86,186,452,297.5216666666667
16612.0,9,3245.4300000000003,1419,105,33,703,360.60333333333335
16613.0,1,618.59,293,30,70,0,618.59
16614.0,3,1179.79,349,37,183,395,393.2633333333333
16615.0,1,291.5,211,19,626,0,291.5
16616.0,2,500.42,370,31,15,142,250.21
16617.0,1,151.85,91,5,236,0,151.85
16618.0,5,2647.59,1363,79,31,291,529.518
16619.0,4,1938.33,1055,103,264,391,484.5825
16620.0,6,1758.93,1146,78,4,734,293.15500000000003
16621.0,4,813.48,302,22,52,226,203.37
16622.0,1,225.4,44,12,544,0,225.4
16623.0,4,1015.24,442,44,246,346,253.81
16624.0,2,810.57,488,44,81,116,405.285
16625.0,5,1654.03,1057,82,275,269,330.806
16626.0,17,4413.1,2690,86,1,265,259.59411764705885
16627.0,1,322.8,162,20,79,0,322.8
16628.0,7,2318.1,1260,84,30,612,331.15714285714284
16629.0,2,408.63,489,58,74,22,204.315
16630.0,1,106.80000000000001,72,4,407,0,106.80000000000001
16631.0,7,1892.52,775,46,482,170,270.36
16632.0,2,406.4,256,22,486,95,203.2
16633.0,6,2883.1,1138,115,17,216,480.51666666666665
16634.0,6,1649.81,1257,72,223,465,274.9683333333333
16635.0,1,473.0,277,25,407,0,473.0
16636.0,4,3802.04,2186,62,438,207,950.51
16637.0,4,1154.47,927,66,32,193,288.6175
16638.0,15,2380.13,1627,130,23,455,158.67533333333333
16639.0,4,1747.98,751,76,31,377,436.995
16640.0,1,179.4,146,13,398,0,179.4
16641.0,2,554.5,454,36,106,596,277.25
16642.0,3,1077.45,775,50,5,410,359.15000000000003
16643.0,2,923.11,553,48,246,176,461.555
16644.0,2,833.78,826,62,178,34,416.89
16645.0,1,160.39,117,14,736,0,160.39
16646.0,1,678.8,1072,29,449,0,678.8
16647.0,4,541.9,396,28,170,374,135.475
16648.0,3,672.8,503,37,43,547,224.26666666666665
16649.0,1,306.58,82,20,520,0,306.58
16650.0,7,1916.11,1511,71,72,447,273.72999999999996
16651.0,1,136.2,60,6,587,0,136.2
16652.0,16,17550.39,7477,124,59,573,1096.899375
16653.0,2,1212.66,733,67,16,55,606.33
16654.0,8,1484.07,640,64,141,471,185.50875
16655.0,13,6423.26,3938,408,18,659,494.0969230769231
16656.0,30,16833.170000000002,15433,22,22,713,561.1056666666667
16657.0,4,874.43,1130,158,10,244,218.6075
16658.0,6,690.83,277,49,368,250,115.13833333333334
16659.0,1,39.12,72,2,189,0,39.12
16660.0,7,1879.55,991,20,16,678,268.50714285714287
16661.0,4,932.76,364,50,540,181,233.19
16662.0,1,151.05,35,28,394,0,151.05
16663.0,1,165.0,100,1,729,0,165.0
16664.0,1,109.2,24,8,569,0,109.2
16665.0,1,135.4,59,9,362,0,135.4
16666.0,2,217.71,354,42,19,601,108.855
16667.0,2,567.18,236,52,68,216,283.59
16668.0,13,862.42,773,28,15,615,66.34
16669.0,3,1348.88,881,141,24,54,449.6266666666667
16670.0,20,8030.150000000001,4534,258,17,712,401.50750000000005
16671.0,3,1692.27,875,3,28,136,564.09
16672.0,20,8134.9400000000005,2832,22,2,264,406.747
16673.0,1,171.13,95,19,679,0,171.13
16674.0,2,304.24,181,89,55,43,152.12
16675.0,2,608.86,296,21,442,36,304.43
16676.0,6,2361.9,927,106,34,384,393.65000000000003
16677.0,2,880.62,457,45,411,240,440.31
16678.0,12,3109.99,2397,92,3,280,259.1658333333333
16679.0,3,663.31,247,15,366,180,221.10333333333332
16680.0,3,821.45,377,24,43,491,273.81666666666666
16681.0,7,1921.8400000000001,1492,22,73,568,274.54857142857145
16682.0,5,1028.0,1040,15,5,183,205.6
16683.0,1,320.25,190,18,534,0,320.25
16684.0,55,147142.77,104810,184,4,728,2675.3230909090908
16685.0,2,324.24,396,60,61,0,162.12
16686.0,16,4881.07,3419,549,47,685,305.066875
16687.0,1,157.63,141,8,391,0,157.63
16688.0,4,1260.86,804,52,1,59,315.215
16689.0,2,422.6,330,12,76,6,211.3
16690.0,4,353.03000000000003,209,12,72,379,88.25750000000001
16691.0,2,178.83,92,11,418,143,89.415
16692.0,4,1914.6999999999998,878,3,256,185,478.67499999999995
16693.0,5,1179.48,658,149,69,587,235.89600000000002
16694.0,1,98.30000000000001,26,3,723,0,98.30000000000001
16695.0,2,191.9,184,30,562,0,95.95
16696.0,4,657.9,146,7,135,112,164.475
16697.0,1,112.75,27,20,241,0,112.75
16698.0,2,1998.0,840,4,227,26,999.0
16699.0,7,994.6,640,51,380,355,142.0857142857143
16700.0,25,8830.77,6644,263,9,729,353.23080000000004
16701.0,26,9916.73,11046,154,9,729,381.4126923076923
16702.0,4,1110.83,692,84,415,316,277.7075
16704.0,2,664.16,433,50,618,53,332.08
16705.0,42,43515.051,22302,400,1,729,1036.072642857143
16706.0,3,531.35,249,108,37,76,177.11666666666667
16707.0,4,533.41,396,64,400,239,133.3525
16708.0,1,656.63,285,27,46,0,656.63
16709.0,14,9056.01,3261,220,85,645,646.8578571428571
16710.0,22,5921.35,4174,541,19,716,269.15227272727276
16711.0,9,2868.48,1212,26,3,734,318.72
16712.0,13,4232.87,2074,301,9,391,325.6053846153846
16713.0,32,14115.56,8482,541,19,705,441.11125
16714.0,4,1497.33,828,95,219,451,374.3325
16715.0,2,625.52,1174,27,78,484,312.76
16716.0,3,2149.6800000000003,912,7,267,363,716.5600000000001
16717.0,14,6663.68,3145,274,24,708,475.9771428571429
16718.0,5,3006.08,1924,123,369,363,601.216
16719.0,14,3513.62,2356,204,15,711,250.97285714285712
16720.0,3,758.74,460,130,26,695,252.91333333333333
16721.0,1,292.47,172,37,262,0,292.47
16722.0,22,8189.56,7986,145,17,718,372.25272727272727
16723.0,4,1231.36,958,108,91,643,307.84
16724.0,1,147.35,69,17,405,0,147.35
16725.0,14,1688.26,700,242,302,424,120.59
16726.0,7,2063.88,1323,150,26,384,294.84000000000003
16727.0,4,1377.77,1066,158,364,324,344.4425
16728.0,4,1048.28,671,218,46,218,262.07
16729.0,21,7205.33,5722,234,38,203,343.11095238095237
16730.0,3,743.11,994,75,52,267,247.70333333333335
16731.0,1,170.3,124,40,648,0,170.3
16732.0,4,4387.64,2414,199,32,699,1096.91
16733.0,1,259.68,112,12,530,0,259.68
16734.0,3,646.76,345,44,52,61,215.58666666666667
16735.0,14,6217.41,4240,178,79,653,444.1007142857143
16736.0,5,2956.56,1050,116,506,230,591.312
16737.0,2,835.2,576,1,53,524,417.6
16738.0,1,3.75,3,1,298,0,3.75
16739.0,2,786.43,391,33,177,359,393.215
16740.0,1,226.91,110,30,395,0,226.91
16741.0,1,173.06,81,11,625,0,173.06
16742.0,14,2799.87,2558,51,47,676,199.9907142857143
16743.0,14,4212.15,3707,118,29,566,300.86785714285713
16744.0,7,1291.91,798,198,11,161,184.55857142857144
16745.0,17,7180.7,6719,148,87,225,422.3941176470588
16746.0,42,18046.75,11900,390,5,730,429.6845238095238
16747.0,2,836.0600000000001,583,34,38,30,418.03000000000003
16748.0,14,3637.33,2127,55,18,711,259.8092857142857
16749.0,2,4157.88,1910,53,591,132,2078.94
16750.0,5,623.93,214,74,45,187,124.78599999999999
16751.0,1,1764.72,1031,24,31,0,1764.72
16752.0,1,207.5,54,9,373,0,207.5
16753.0,1,223.92000000000002,189,34,58,0,223.92000000000002
16754.0,29,65500.07,63551,38,372,269,2258.6231034482757
16755.0,7,2864.68,1985,219,114,615,409.23999999999995
16756.0,7,1312.3700000000001,707,64,215,425,187.48142857142858
16757.0,2,270.48,180,13,319,90,135.24
16758.0,1,369.34000000000003,203,22,65,0,369.34000000000003
16759.0,3,789.79,609,40,8,23,263.2633333333333
16760.0,1,228.0,168,17,430,0,228.0
16761.0,1,316.62,341,13,97,0,316.62
16762.0,3,1207.24,480,51,20,124,402.41333333333336
16763.0,2,964.6999999999999,492,44,199,539,482.34999999999997
16764.0,13,2790.9500000000003,1253,209,4,139,214.68846153846155
16765.0,2,454.75,311,52,294,88,227.375
16766.0,2,1145.6,536,17,273,0,572.8
16767.0,15,8056.76,7102,209,31,559,537.1173333333334
16768.0,9,1698.57,774,108,48,684,188.73
16769.0,4,1117.05,295,76,260,465,279.2625
16770.0,9,1778.93,1052,202,58,416,197.6588888888889
16771.0,10,3949.6,2308,303,33,697,394.96
16772.0,3,3698.05,687,54,423,298,1232.6833333333334
16773.0,3,421.24,252,53,57,675,140.41333333333333
16774.0,8,1567.48,774,89,68,593,195.935
16775.0,16,2820.84,957,132,10,431,176.3025
16776.0,2,592.51,435,105,60,355,296.255
16777.0,5,1292.18,470,125,80,552,258.43600000000004
16778.0,2,245.94,194,16,74,199,122.97
16779.0,53,32809.03,19411,293,2,734,619.0383018867924
16780.0,3,596.4,352,73,100,306,198.79999999999998
16781.0,2,623.0,192,36,372,297,311.5
16782.0,38,9636.12,4027,575,10,720,253.58210526315793
16783.0,1,391.95,163,25,437,0,391.95
16784.0,5,892.33,494,138,20,601,178.466
16785.0,1,533.78,313,35,410,0,533.78
16786.0,1,51.84,72,1,394,0,51.84
16787.0,4,1017.53,472,102,398,300,254.3825
16788.0,5,1928.93,965,348,123,547,385.786
16789.0,1,80.8,32,5,8,0,80.8
16790.0,6,1545.62,898,88,4,34,257.6033333333333
16791.0,15,3957.63,1854,393,29,707,263.842
16792.0,5,623.46,324,90,282,422,124.69200000000001
16793.0,1,243.84,146,16,57,0,243.84
16794.0,15,2052.7,1576,245,1,623,136.84666666666666
16795.0,3,2062.41,1214,306,365,318,687.4699999999999
16796.0,1,305.62,186,18,89,0,305.62
16797.0,5,1802.02,898,289,393,344,360.404
16798.0,3,841.16,205,141,554,174,280.38666666666666
16799.0,2,452.78000000000003,162,81,432,21,226.39000000000001
16800.0,1,1162.65,524,148,11,0,1162.65
16801.0,4,1594.23,493,72,163,110,398.5575
16802.0,2,582.61,369,48,679,51,291.305
16803.0,1,332.3,245,24,65,0,332.3
16804.0,3,536.99,246,59,23,247,178.99666666666667
16805.0,5,1091.34,1120,213,174,557,218.26799999999997
16806.0,4,762.16,356,68,103,135,190.54
16807.0,6,2123.88,1433,107,143,480,353.98
16808.0,2,288.42,196,21,99,175,144.21
16809.0,9,1727.43,1093,113,23,582,191.93666666666667
16810.0,2,842.04,372,34,192,228,421.02
16811.0,2,547.07,477,26,5,12,273.535
16812.0,4,2392.0,1116,98,361,21,598.0
16813.0,10,1652.18,1501,248,8,196,165.21800000000002
16814.0,36,11924.85,4844,247,14,593,331.24583333333334
16815.0,2,406.02,237,66,454,82,203.01
16816.0,4,417.06,274,28,103,254,104.265
16817.0,13,2560.7,1401,107,3,429,196.97692307692307
16818.0,11,3349.57,2164,172,11,194,304.50636363636363
16819.0,2,182.59,253,17,465,0,91.295
16820.0,1,497.61,307,26,96,0,497.61
16821.0,1,113.35,13,7,382,0,113.35
16822.0,1,181.39,171,11,686,0,181.39
16823.0,7,2243.09,1166,149,227,510,320.4414285714286
16824.0,3,686.24,390,34,16,378,228.74666666666667
16825.0,5,1826.8899999999999,1297,48,39,495,365.378
16826.0,1,341.7,158,22,51,0,341.7
16827.0,5,392.13,125,10,393,195,78.426
16828.0,2,128.5,59,8,93,19,64.25
16829.0,2,513.32,215,25,157,231,256.66
16830.0,4,1207.5,699,65,39,687,301.875
16831.0,1,91.8,48,6,565,0,91.8
16832.0,5,417.61,179,19,184,274,83.522
16833.0,6,2409.04,878,87,1,621,401.50666666666666
16834.0,2,898.9599999999999,760,43,228,446,449.47999999999996
16835.0,6,1456.66,496,58,128,441,242.77666666666667
16836.0,4,782.37,539,42,40,534,195.5925
16837.0,11,3170.98,1563,123,31,214,288.2709090909091
16838.0,4,1159.61,509,53,197,465,289.9025
16839.0,44,21758.25,11295,132,9,657,494.5056818181818
16840.0,2,139.85,117,9,603,71,69.925
16841.0,12,4006.06,3478,187,37,660,333.8383333333333
16842.0,3,1264.19,693,45,101,201,421.3966666666667
16843.0,35,19571.43,18502,317,43,686,559.1837142857142
16844.0,2,614.34,281,26,563,20,307.17
16845.0,1,253.88,167,20,618,0,253.88
16846.0,3,842.41,517,47,50,589,280.80333333333334
16847.0,2,614.89,255,37,43,574,307.445
16848.0,4,1411.62,780,75,53,379,352.905
16849.0,1,124.57,33,8,187,0,124.57
16850.0,1,332.41,249,19,334,0,332.41
16851.0,3,342.45,271,17,4,47,114.14999999999999
16852.0,2,144.91,56,9,10,165,72.455
16854.0,2,1408.96,997,72,417,223,704.48
16855.0,2,328.4,164,19,24,19,164.2
16856.0,3,358.49,171,16,15,427,119.49666666666667
16857.0,1,352.8,168,11,443,0,352.8
16858.0,10,4292.59,1423,75,369,355,429.259
16859.0,7,1932.41,1899,87,145,500,276.05857142857144
16860.0,3,1610.62,625,35,453,209,536.8733333333333
16861.0,5,946.59,616,39,60,448,189.318
16862.0,4,662.33,513,34,547,154,165.5825
16863.0,3,834.27,640,43,31,378,278.09
16864.0,2,409.25,283,17,434,164,204.625
16865.0,1,130.95,157,15,402,0,130.95
16866.0,3,207.74,60,10,141,20,69.24666666666667
16867.0,1,76.74000000000001,58,6,690,0,76.74000000000001
16868.0,3,384.56,112,47,394,199,128.18666666666667
16869.0,4,817.12,583,113,23,152,204.28
16870.0,1,450.15999999999997,278,28,469,0,450.15999999999997
16871.0,6,2812.34,1253,131,22,248,468.72333333333336
16872.0,6,1213.13,1079,12,77,385,202.18833333333336
16873.0,12,14617.39,8601,252,5,663,1218.1158333333333
16874.0,1,209.89000000000001,78,31,379,0,209.89000000000001
16875.0,11,4234.53,2099,161,67,636,384.9572727272727
16876.0,1,136.01,181,32,404,0,136.01
16877.0,6,846.62,458,111,12,195,141.10333333333332
16878.0,1,13.3,12,3,84,0,13.3
16880.0,8,1813.21,904,130,31,462,226.65125
16881.0,1,432.0,600,1,67,0,432.0
16882.0,3,705.12,424,39,67,250,235.04
16883.0,19,2246.06,1016,159,187,548,118.21368421052631
16884.0,4,1070.97,520,64,38,532,267.7425
16885.0,4,684.6,358,121,15,370,171.15
16886.0,1,134.0,48,8,456,0,134.0
16887.0,3,658.17,423,94,35,703,219.39
16888.0,3,434.2,145,44,401,300,144.73333333333332
16889.0,6,2526.65,1611,163,195,371,421.10833333333335
16890.0,3,285.41,243,17,477,105,95.13666666666667
16891.0,11,1727.94,652,335,2,733,157.08545454545455
16892.0,7,754.75,367,119,1,729,107.82142857142857
16893.0,2,249.89000000000001,117,80,367,9,124.94500000000001
16894.0,3,1306.96,503,186,502,33,435.65333333333336
16895.0,5,1102.9,421,135,65,601,220.58
16896.0,1,103.95,18,18,555,0,103.95
16897.0,2,289.78,73,37,299,14,144.89
16898.0,5,885.21,695,223,26,550,177.042
16899.0,8,1695.77,811,101,8,389,211.97125
16900.0,3,887.11,833,78,17,46,295.7033333333333
16901.0,1,204.26,42,23,729,0,204.26
16902.0,1,1706.88,629,43,116,0,1706.88
16903.0,3,1041.75,717,148,29,386,347.25
16904.0,21,4675.36,2607,484,4,406,222.63619047619045
16905.0,17,4706.77,1913,171,5,723,276.86882352941177
16906.0,7,1410.92,590,180,82,493,201.56
16907.0,9,1470.89,451,109,29,497,163.43222222222224
16908.0,1,252.59,61,20,722,0,252.59
16909.0,1,379.14,436,18,72,0,379.14
16910.0,8,1508.96,884,318,4,86,188.62
16911.0,2,255.25,161,30,636,25,127.625
16912.0,15,4460.51,1689,130,29,701,297.36733333333336
16913.0,3,423.91,229,18,290,361,141.30333333333334
16914.0,1,183.76,112,25,36,0,183.76
16915.0,11,1543.18,190,54,9,560,140.2890909090909
16916.0,4,902.02,649,180,24,391,225.505
16917.0,2,1851.88,792,45,277,355,925.94
16918.0,16,3206.54,2066,280,50,687,200.40875
16919.0,24,4909.66,2333,230,156,320,204.56916666666666
16920.0,1,355.45,81,23,411,0,355.45
16921.0,3,409.21,275,78,61,539,136.40333333333334
16922.0,1,611.08,281,122,573,0,611.08
16923.0,32,13157.130000000001,6190,431,12,665,411.16031250000003
16924.0,3,829.89,467,69,21,62,276.63
16925.0,1,125.65,123,18,540,0,125.65
16926.0,5,1169.6100000000001,197,63,371,155,233.92200000000003
16927.0,3,543.05,993,5,116,245,181.01666666666665
16928.0,29,3897.5299999999997,2587,135,80,594,134.39758620689653
16929.0,7,1295.39,929,51,4,151,185.0557142857143
16930.0,3,378.89,339,47,26,42,126.29666666666667
16931.0,23,5032.22,3357,466,5,391,218.79217391304348
16932.0,3,412.55,217,116,53,517,137.51666666666668
16933.0,9,3099.3,1533,213,1,728,344.3666666666667
16934.0,6,2083.14,936,128,55,566,347.19
16935.0,3,530.86,273,55,382,39,176.95333333333335
16936.0,2,548.29,339,122,26,359,274.145
16937.0,1,196.25,123,49,499,0,196.25
16938.0,9,6995.360000000001,5041,547,9,651,777.2622222222222
16939.0,3,433.84999999999997,229,38,489,160,144.61666666666665
16940.0,8,6427.66,4503,360,52,679,803.4575
16941.0,1,33.0,12,2,612,0,33.0
16942.0,9,1904.99,805,159,13,215,211.66555555555556
16943.0,5,1299.49,147,24,212,412,259.898
16944.0,1,101.36,27,7,610,0,101.36
16945.0,33,8548.16,5889,231,22,709,259.0351515151515
16946.0,5,1222.04,509,69,383,264,244.408
16947.0,5,955.21,655,50,236,410,191.042
16948.0,7,868.77,2091,20,139,517,124.11
16949.0,6,1286.27,791,57,4,312,214.37833333333333
16950.0,10,3541.77,2432,111,57,627,354.177
16951.0,3,1277.75,1318,73,135,169,425.9166666666667
16952.0,5,795.83,343,76,109,618,159.166
16953.0,1,20.8,10,1,30,0,20.8
16954.0,20,6081.88,4086,83,1,689,304.094
16955.0,6,1120.31,723,33,185,492,186.71833333333333
16956.0,1,308.74,114,16,18,0,308.74
16957.0,2,416.64,172,15,239,42,208.32
16958.0,1,778.49,514,69,435,0,778.49
16959.0,1,117.35000000000001,49,7,87,0,117.35000000000001
16960.0,8,1990.88,1492,334,39,608,248.86
16961.0,3,794.56,482,52,116,415,264.8533333333333
16962.0,1,251.04,158,15,410,0,251.04
16963.0,1,110.55000000000001,35,7,187,0,110.55000000000001
16964.0,2,207.85,49,6,733,0,103.925
16965.0,1,201.19,291,26,227,0,201.19
16966.0,7,2154.97,1981,8,8,231,307.8528571428571
16967.0,1,319.02,333,21,189,0,319.02
16968.0,2,439.43,326,31,4,103,219.715
16969.0,3,650.41,816,42,39,152,216.8033333333333
16970.0,1,71.4,12,2,626,0,71.4
16971.0,1,357.21,72,40,38,0,357.21
16972.0,2,749.0,183,54,383,73,374.5
16973.0,1,127.0,60,6,386,0,127.0
16974.0,2,365.5,70,5,523,41,182.75
16975.0,3,926.12,586,44,423,82,308.70666666666665
16976.0,1,251.51999999999998,88,2,267,0,251.51999999999998
16977.0,4,496.0,142,25,395,236,124.0
16978.0,3,768.88,285,65,78,588,256.29333333333335
16979.0,9,2859.74,1451,82,4,446,317.74888888888887
16980.0,3,1422.83,990,91,255,173,474.27666666666664
16982.0,1,384.06,182,22,61,0,384.06
16983.0,11,3490.53,2315,151,13,433,317.3209090909091
16984.0,9,10350.53,5127,669,88,553,1150.058888888889
16985.0,23,10923.16,3103,130,17,711,474.92
16986.0,11,4888.75,2539,65,30,643,444.4318181818182
16987.0,11,2521.4,671,155,3,734,229.21818181818182
16988.0,2,382.67,158,20,5,374,191.335
16989.0,6,1133.25,1233,7,7,143,188.875
16990.0,2,344.0,200,1,219,203,172.0
16991.0,1,1041.21,793,74,421,0,1041.21
16992.0,13,5476.5,2061,212,11,655,421.2692307692308
16993.0,2,1950.9499999999998,285,19,464,112,975.4749999999999
16996.0,9,2123.61,919,32,30,387,235.95666666666668
16997.0,3,702.0,360,7,288,37,234.0
16998.0,5,402.0,104,2,150,294,80.4
16999.0,2,484.82,294,21,23,50,242.41
17000.0,2,406.3,305,26,396,11,203.15
17001.0,19,6640.8,3782,108,1,623,349.5157894736842
17002.0,7,2571.55,1265,64,86,555,367.36428571428576
17003.0,4,828.21,494,90,402,176,207.0525
17004.0,4,2324.36,1233,48,46,377,581.09
17005.0,2,622.36,691,14,471,118,311.18
17006.0,8,1635.27,572,103,5,639,204.40875
17007.0,7,1120.1,717,63,51,386,160.0142857142857
17008.0,1,81.36,24,1,429,0,81.36
17009.0,1,242.06,336,10,551,0,242.06
17010.0,1,195.36,118,11,18,0,195.36
17011.0,3,671.7,792,27,30,621,223.9
17012.0,1,360.61,251,34,725,0,360.61
17014.0,3,583.4300000000001,243,63,8,58,194.4766666666667
17015.0,3,1838.61,1978,182,29,156,612.87
17016.0,1,552.4,309,41,577,0,552.4
17017.0,29,12576.99,9397,120,3,733,433.68931034482756
17018.0,6,2287.7,456,26,41,694,381.2833333333333
17019.0,11,3602.29,2396,344,11,726,327.4809090909091
17020.0,2,935.62,860,64,542,104,467.81
17021.0,6,1182.22,992,35,442,146,197.03666666666666
17022.0,2,260.0,180,16,31,401,130.0
17023.0,3,800.1800000000001,530,48,417,280,266.7266666666667
17024.0,3,95.85,69,2,45,112,31.95
17025.0,5,1349.67,885,31,61,580,269.934
17026.0,3,175.83,107,4,185,231,58.61000000000001
17027.0,9,1310.63,645,126,79,651,145.62555555555556
17028.0,3,1593.83,856,85,581,140,531.2766666666666
17029.0,7,2137.3,1265,19,111,553,305.3285714285715
17030.0,1,146.87,146,11,64,0,146.87
17031.0,6,2773.85,1595,34,12,569,462.30833333333334
17032.0,8,2984.32,1667,183,548,181,373.04
17033.0,4,1332.79,871,33,86,311,333.1975
17034.0,5,1276.42,694,49,16,497,255.28400000000002
17035.0,4,613.59,327,29,246,491,153.3975
17036.0,1,176.89999999999998,76,12,383,0,176.89999999999998
17037.0,1,1267.32,656,75,88,0,1267.32
17038.0,2,743.17,535,61,30,384,371.585
17039.0,1,1954.99,689,44,604,0,1954.99
17040.0,2,463.25,189,15,138,412,231.625
17041.0,6,1655.2,1303,93,27,573,275.8666666666667
17042.0,5,1036.58,990,74,3,244,207.31599999999997
17043.0,8,2593.65,1616,175,32,698,324.20625
17044.0,12,11962.300000000001,5722,92,25,707,996.8583333333335
17045.0,5,827.6800000000001,294,44,113,316,165.536
17046.0,5,1906.07,1636,76,157,463,381.214
17047.0,6,2289.23,1184,114,85,646,381.53833333333336
17048.0,7,2071.68,1068,88,118,572,295.9542857142857
17049.0,19,9942.53,4273,316,3,643,523.291052631579
17050.0,11,4648.59,2432,193,96,585,422.59909090909093
17051.0,4,706.49,507,107,194,433,176.6225
17052.0,1,399.09,251,72,28,0,399.09
17053.0,1,498.48,122,13,131,0,498.48
17054.0,5,1356.33,804,64,28,216,271.26599999999996
17055.0,1,232.85000000000002,83,24,446,0,232.85000000000002
17056.0,1,128.60000000000002,26,8,738,0,128.60000000000002
17057.0,1,294.74,129,48,596,0,294.74
17058.0,3,1179.89,592,51,82,158,393.2966666666667
17059.0,9,4864.57,3107,349,30,652,540.5077777777777
17060.0,1,234.24,216,5,266,0,234.24
17061.0,11,5232.2300000000005,1526,57,74,158,475.65727272727275
17062.0,6,889.75,644,82,314,125,148.29166666666666
17063.0,13,3638.53,1899,150,21,717,279.8869230769231
17064.0,3,855.45,316,53,59,268,285.15000000000003
17065.0,2,194.7,82,6,638,0,97.35
17066.0,1,228.34,93,17,726,0,228.34
17067.0,3,454.54,322,8,725,6,151.51333333333335
17068.0,47,8987.68,4351,250,12,608,191.2272340425532
17069.0,14,5517.2300000000005,3230,202,28,708,394.08785714285716
17070.0,2,437.42,232,102,114,296,218.71
17071.0,13,3793.71,1934,141,28,656,291.82384615384615
17072.0,1,273.35,212,20,625,0,273.35
17073.0,4,1446.09,759,142,18,91,361.5225
17074.0,1,203.05,19,4,563,0,203.05
17075.0,10,2236.63,785,153,18,708,223.663
17076.0,6,1242.75,514,31,36,699,207.125
17077.0,1,306.0,36,1,578,0,306.0
17078.0,2,378.2,788,28,36,0,189.1
17079.0,1,118.80000000000001,24,2,78,0,118.80000000000001
17080.0,7,957.53,569,26,22,503,136.79
17081.0,6,949.39,381,166,25,629,158.23166666666665
17082.0,6,4732.03,2526,117,33,691,788.6716666666666
17083.0,9,4049.79,1955,30,109,559,449.9766666666667
17084.0,3,5001.21,3178,263,35,361,1667.07
17085.0,28,7847.67,3583,411,123,610,280.2739285714286
17086.0,6,2050.08,1859,76,7,56,341.68
17087.0,1,221.53,113,12,738,0,221.53
17088.0,4,1991.01,868,96,28,225,497.7525
17089.0,1,128.45,35,4,386,0,128.45
17090.0,13,3080.1800000000003,1344,54,4,503,236.9369230769231
17091.0,19,7495.75,3732,242,3,720,394.5131578947368
17092.0,11,5511.41,3768,273,50,625,501.0372727272727
17093.0,1,235.88,114,13,593,0,235.88
17094.0,2,402.20000000000005,212,18,322,101,201.10000000000002
17095.0,7,2572.25,1695,110,23,701,367.4642857142857
17096.0,11,3697.9300000000003,1559,162,15,540,336.17545454545456
17097.0,9,1143.36,582,182,2,428,127.03999999999999
17098.0,3,591.07,125,10,382,159,197.02333333333334
17099.0,1,582.17,317,40,533,0,582.17
17100.0,2,971.74,800,65,18,0,485.87
17101.0,7,2507.05,1175,54,10,539,358.15000000000003
17102.0,1,25.5,2,1,262,0,25.5
17103.0,1,424.3,471,32,722,0,424.3
17104.0,1,474.03000000000003,149,19,424,0,474.03000000000003
17105.0,2,665.78,693,80,159,147,332.89
17106.0,1,481.58000000000004,153,51,389,0,481.58000000000004
17107.0,10,16052.72,7530,377,33,643,1605.272
17108.0,1,174.95,31,9,664,0,174.95
17109.0,8,1291.71,788,124,29,468,161.46375
17110.0,3,499.9,136,38,165,444,166.63333333333333
17111.0,2,459.58,581,44,47,378,229.79
17112.0,1,197.57,130,44,503,0,197.57
17113.0,6,2305.59,913,122,574,123,384.26500000000004
17114.0,8,801.12,215,85,6,329,100.14
17115.0,7,2761.4900000000002,885,102,8,726,394.49857142857144
17116.0,1,389.78,392,47,648,0,389.78
17117.0,1,116.19999999999999,68,9,288,0,116.19999999999999
17118.0,1,157.02,154,10,318,0,157.02
17119.0,2,606.91,334,35,3,56,303.455
17120.0,1,307.46,120,18,233,0,307.46
17121.0,1,314.74,106,12,403,0,314.74
17122.0,4,570.5,368,23,119,380,142.625
17123.0,3,977.17,676,37,162,410,325.7233333333333
17124.0,1,294.24,129,31,185,0,294.24
17125.0,1,230.5,281,34,50,0,230.5
17126.0,9,2016.43,1426,295,152,313,224.04777777777778
17127.0,5,1155.0300000000002,340,27,429,306,231.00600000000003
17128.0,1,157.09,76,14,335,0,157.09
17129.0,1,31.85,5,2,520,0,31.85
17131.0,5,2463.17,983,78,5,70,492.634
17132.0,2,1220.91,963,62,452,36,610.455
17133.0,12,14622.33,10107,22,16,612,1218.5275
17134.0,3,625.3,144,31,107,335,208.4333333333333
17135.0,10,1722.18,1686,98,16,563,172.21800000000002
17136.0,1,231.68,256,14,662,0,231.68
17137.0,6,1099.81,680,125,416,261,183.30166666666665
17138.0,7,4417.27,2024,234,276,397,631.0385714285715
17139.0,25,19566.76,9853,447,16,681,782.6704
17140.0,1,454.12,296,16,247,0,454.12
17141.0,4,727.58,423,138,418,266,181.895
17142.0,4,1275.25,322,78,239,445,318.8125
17143.0,2,880.97,314,82,417,98,440.485
17144.0,2,984.57,483,42,1,83,492.285
17145.0,4,3120.91,2591,168,513,145,780.2275
17146.0,13,5852.64,2188,164,106,570,450.20307692307694
17147.0,9,3199.95,1308,99,23,675,355.54999999999995
17148.0,1,124.88,82,9,52,0,124.88
17149.0,1,143.10000000000002,18,6,451,0,143.10000000000002
17150.0,6,1357.95,397,64,377,357,226.32500000000002
17151.0,1,231.90000000000003,42,4,735,0,231.90000000000003
17152.0,4,2016.5,577,9,195,230,504.125
17153.0,1,213.78,104,14,24,0,213.78
17154.0,1,329.34,490,23,75,0,329.34
17155.0,7,892.46,987,43,18,719,127.49428571428572
17156.0,1,591.87,391,39,492,0,591.87
17157.0,19,5151.900000000001,2092,78,8,727,271.1526315789474
17158.0,5,1980.0,1147,74,32,609,396.0
17159.0,5,2099.59,1348,115,22,623,419.918
17160.0,17,10209.16,8390,215,31,704,600.5388235294117
17161.0,1,856.01,537,52,444,0,856.01
17162.0,10,1715.46,1001,81,29,276,171.546
17163.0,4,699.78,531,27,22,653,174.945
17164.0,7,2467.35,1501,92,33,240,352.4785714285714
17165.0,6,1794.32,788,77,284,444,299.05333333333334
17166.0,2,206.34,78,11,39,165,103.17
17167.0,3,867.11,429,64,380,65,289.0366666666667
17168.0,1,400.2,220,21,499,0,400.2
17169.0,3,1156.73,671,64,58,520,385.57666666666665
17170.0,2,178.68,152,8,374,14,89.34
17171.0,2,384.59,225,25,289,372,192.295
17172.0,3,956.5699999999999,1215,39,79,647,318.8566666666666
17173.0,8,3766.6,1122,36,5,125,470.825
17174.0,1,59.9,41,4,218,0,59.9
17175.0,4,1443.69,866,42,44,252,360.9225
17176.0,3,902.3199999999999,576,37,202,475,300.7733333333333
17177.0,1,119.5,40,29,505,0,119.5
17178.0,1,432.96000000000004,100,31,731,0,432.96000000000004
17179.0,6,1507.26,625,75,178,384,251.21
17180.0,11,2236.77,1809,189,56,630,203.34272727272727
17181.0,3,309.85,268,28,57,538,103.28333333333335
17182.0,2,321.3,54,4,423,295,160.65
17183.0,6,3347.31,1296,42,8,97,557.885
17184.0,2,198.41000000000003,73,14,569,161,99.20500000000001
17185.0,3,229.46,119,38,592,6,76.48666666666666
17186.0,2,144.0,200,1,47,13,72.0
17187.0,2,467.71,426,21,227,299,233.855
17188.0,13,4592.93,2569,136,11,719,353.3023076923077
17189.0,5,953.63,601,101,106,631,190.726
17190.0,7,1726.57,2218,160,59,585,246.65285714285713
17191.0,15,4310.34,2208,269,28,710,287.356
17192.0,1,75.28,45,20,536,0,75.28
17193.0,9,2310.04,1668,28,36,702,256.6711111111111
17194.0,3,812.5,420,57,274,256,270.8333333333333
17195.0,1,562.98,486,31,655,0,562.98
17196.0,1,327.75,154,84,428,0,327.75
17197.0,1,1013.01,191,29,30,0,1013.01
17198.0,3,692.22,357,89,24,347,230.74
17199.0,1,135.04000000000002,232,8,582,0,135.04000000000002
17200.0,4,356.71,367,25,387,264,89.1775
17201.0,4,1143.1,1004,154,54,613,285.775
17202.0,1,160.65,55,8,421,0,160.65
17203.0,10,5564.09,4597,195,36,352,556.409
17204.0,9,5504.6900000000005,2651,110,175,372,611.6322222222223
17205.0,3,999.35,2214,27,54,510,333.1166666666667
17206.0,1,204.24,76,7,53,0,204.24
17207.0,1,292.62,233,55,652,0,292.62
17208.0,1,111.15,101,21,396,0,111.15
17209.0,3,595.7,723,36,649,87,198.5666666666667
17210.0,1,251.72,242,47,393,0,251.72
17211.0,13,3773.35,2141,217,27,699,290.2576923076923
17212.0,3,794.41,727,29,253,233,264.80333333333334
17213.0,13,4869.400000000001,2087,130,40,684,374.5692307692308
17214.0,6,1059.1200000000001,272,79,60,298,176.52
17215.0,1,186.15,104,11,464,0,186.15
17216.0,1,63.6,21,13,554,0,63.6
17217.0,2,210.1,93,27,234,385,105.05
17218.0,18,3891.39,2066,248,4,678,216.18833333333333
17219.0,2,259.13,188,43,32,384,129.565
17220.0,21,4457.31,2663,408,24,664,212.25285714285715
17221.0,5,976.62,713,115,7,599,195.324
17222.0,6,1579.51,857,94,65,632,263.25166666666667
17223.0,3,558.04,155,62,310,64,186.01333333333332
17224.0,1,100.86000000000001,65,8,501,0,100.86000000000001
17225.0,1,131.15,36,5,582,0,131.15
17226.0,3,895.47,853,51,309,356,298.49
17227.0,12,1878.93,1681,58,19,674,156.57750000000001
17228.0,13,2820.03,2354,199,16,621,216.92538461538464
17229.0,2,318.76,185,39,96,46,159.38
17230.0,18,9388.49,3753,141,264,467,521.5827777777778
17231.0,25,7064.8,3681,509,12,719,282.592
17232.0,2,417.77,202,30,3,11,208.885
17233.0,3,560.86,298,56,35,689,186.95333333333335
17234.0,1,149.89,55,14,183,0,149.89
17235.0,8,1562.98,845,52,25,527,195.3725
17236.0,12,1929.26,804,123,13,629,160.77166666666668
17237.0,4,994.13,414,76,11,370,248.5325
17238.0,32,7331.67,3555,486,3,736,229.1146875
17239.0,4,1189.45,515,18,313,213,297.3625
17240.0,1,130.6,108,7,596,0,130.6
17241.0,12,2736.64,859,116,385,276,228.0533333333333
17242.0,5,2889.2799999999997,1459,44,108,576,577.856
17243.0,69,20203.58,7932,359,1,736,292.80550724637686
17244.0,5,1826.04,1419,109,53,680,365.20799999999997
17245.0,2,371.63,307,24,205,484,185.815
17246.0,2,38.92,36,6,547,191,19.46
17247.0,1,280.09000000000003,105,53,15,0,280.09000000000003
17248.0,2,500.54,276,85,120,361,250.27
17249.0,1,68.03,79,27,429,0,68.03
17250.0,2,381.97,167,55,4,257,190.985
17251.0,3,798.98,377,65,363,362,266.32666666666665
17252.0,2,348.90999999999997,192,86,117,69,174.45499999999998
17253.0,1,178.26,43,18,18,0,178.26
17254.0,3,469.48,397,129,5,396,156.49333333333334
17255.0,4,781.7,583,163,41,405,195.425
17256.0,5,498.93,299,20,107,492,99.786
17257.0,2,189.78,187,14,436,0,94.89
17258.0,2,417.3,188,46,397,268,208.65
17259.0,6,1452.39,844,179,148,507,242.06500000000003
17260.0,1,120.95,23,6,411,0,120.95
17261.0,1,221.59,95,43,510,0,221.59
17262.0,11,2488.76,635,12,52,672,226.25090909090912
17263.0,1,63.440000000000005,36,23,208,0,63.440000000000005
17264.0,1,268.28,217,70,424,0,268.28
17265.0,2,550.01,389,106,139,41,275.005
17266.0,5,501.72,243,95,2,638,100.34400000000001
17267.0,2,317.2,158,37,127,0,158.6
17268.0,11,1733.8899999999999,1395,26,108,623,157.62636363636364
17269.0,1,491.81,314,110,386,0,491.81
17270.0,2,601.45,420,45,469,262,300.725
17271.0,1,204.3,113,46,736,0,204.3
17272.0,4,2148.63,1778,70,42,220,537.1575
17273.0,1,141.12,133,12,424,0,141.12
17274.0,2,573.22,271,76,35,360,286.61
17275.0,1,114.1,71,23,383,0,114.1
17276.0,1,502.49,187,50,402,0,502.49
17277.0,2,1065.3500000000001,430,67,228,95,532.6750000000001
17278.0,2,271.24,195,17,241,323,135.62
17279.0,1,187.82999999999998,48,8,58,0,187.82999999999998
17280.0,1,118.86,74,6,438,0,118.86
17281.0,6,797.8499999999999,295,2,374,299,132.975
17282.0,5,2308.54,2332,168,130,418,461.70799999999997
17283.0,1,188.46,179,15,379,0,188.46
17284.0,8,2788.06,2069,285,60,384,348.5075
17285.0,2,407.94,134,41,628,34,203.97
17286.0,3,389.18,368,89,22,378,129.72666666666666
17287.0,21,3826.86,1955,279,26,710,182.23142857142858
17288.0,11,2468.43,1699,233,9,385,224.40272727272725
17289.0,9,2041.8,1237,202,32,609,226.86666666666667
17290.0,8,1487.96,1139,184,4,722,185.995
17291.0,1,550.8000000000001,72,1,308,0,550.8000000000001
17292.0,2,271.75,131,14,472,107,135.875
17293.0,17,3750.63,2228,148,8,727,220.62529411764706
17294.0,2,467.79,297,17,669,0,233.895
17295.0,3,547.0,293,53,29,35,182.33333333333334
17296.0,1,338.13,216,32,730,0,338.13
17297.0,1,128.18,65,49,17,0,128.18
17298.0,5,954.26,852,61,101,540,190.852
17299.0,6,993.23,919,96,12,469,165.53833333333333
17300.0,2,393.64,467,37,391,90,196.82
17301.0,2,294.39,216,107,21,603,147.195
17302.0,5,1135.63,575,68,15,290,227.12600000000003
17303.0,1,250.04,144,53,361,0,250.04
17304.0,1,111.5,73,5,534,0,111.5
17305.0,1,2135.46,1006,9,649,0,2135.46
17306.0,21,9782.35,13747,17,11,393,465.8261904761905
17307.0,11,3999.8900000000003,3667,22,395,293,363.6263636363637
17308.0,2,4511.76,5148,5,393,59,2255.88
17309.0,3,320.39,181,33,95,577,106.79666666666667
17310.0,2,1025.1,402,1,387,147,512.55
17311.0,6,3566.56,2755,124,78,596,594.4266666666666
17312.0,3,644.3,372,11,139,20,214.76666666666665
17313.0,1,2328.84,1402,24,31,0,2328.84
17314.0,17,4904.43,3663,200,25,711,288.4958823529412
17315.0,43,9599.58,5088,385,2,436,223.2460465116279
17316.0,1,124.45,44,35,420,0,124.45
17317.0,3,2600.34,1146,8,46,43,866.7800000000001
17318.0,1,157.32999999999998,59,17,725,0,157.32999999999998
17319.0,1,29.099999999999998,14,3,669,0,29.099999999999998
17320.0,6,2444.85,1182,86,100,586,407.47499999999997
17321.0,6,1665.21,790,241,8,569,277.535
17322.0,5,922.59,631,115,376,360,184.518
17323.0,12,1551.04,1426,168,15,683,129.25333333333333
17324.0,12,2171.07,1485,111,18,703,180.9225
17325.0,3,609.5699999999999,465,39,280,361,203.18999999999997
17326.0,2,312.35,136,82,408,121,156.175
17327.0,2,152.35,59,3,410,152,76.175
17328.0,1,104.7,86,6,673,0,104.7
17329.0,5,998.53,430,80,14,721,199.706
17330.0,4,423.8,122,7,23,624,105.95
17331.0,1,175.2,16,1,124,0,175.2
17332.0,5,838.27,794,82,528,128,167.654
17333.0,1,494.25,375,28,86,0,494.25
17334.0,3,635.15,566,20,302,104,211.71666666666667
17335.0,2,497.04,210,34,384,300,248.52
17336.0,1,81.12,48,1,472,0,81.12
17337.0,4,1981.06,1247,421,151,158,495.265
17338.0,17,11889.33,5780,590,17,621,699.3723529411765
17339.0,3,302.36,172,10,94,415,100.78666666666668
17340.0,18,19617.95,9497,322,30,633,1089.8861111111112
17341.0,5,1272.21,831,200,157,383,254.442
17342.0,4,1227.54,521,31,380,290,306.885
17343.0,6,1259.94,454,61,355,380,209.99
17344.0,2,457.36,200,64,46,682,228.68
17345.0,10,1586.63,2008,174,15,722,158.663
17346.0,26,4998.61,3439,517,4,597,192.25423076923076
17347.0,1,228.96,216,1,86,0,228.96
17348.0,9,2442.29,2766,326,15,624,271.36555555555555
17349.0,5,772.41,772,74,179,452,154.482
17350.0,7,1893.701,1178,124,8,668,270.5287142857143
17351.0,12,1988.23,383,45,36,693,165.68583333333333
17352.0,1,36.25,15,5,696,0,36.25
17353.0,4,3242.0,2168,7,129,495,810.5
17354.0,4,3133.96,2531,85,51,377,783.49
17355.0,1,273.31,249,28,386,0,273.31
17356.0,5,946.47,925,73,312,376,189.294
17357.0,2,384.39,152,41,24,0,192.195
17358.0,5,861.01,430,126,303,350,172.202
17359.0,2,284.46,237,36,11,636,142.23
17360.0,6,1200.51,624,189,17,417,200.085
17361.0,5,871.7900000000001,380,51,49,627,174.358
17362.0,7,1024.04,549,99,239,463,146.29142857142855
17363.0,3,920.46,499,34,395,6,306.82
17364.0,28,11972.92,7464,513,1,731,427.6042857142857
17365.0,15,8184.49,8015,395,13,664,545.6326666666666
17366.0,2,1077.24,504,120,432,23,538.62
17367.0,1,167.55,149,33,238,0,167.55
17368.0,14,2758.29,2319,195,23,700,197.0207142857143
17369.0,1,979.2,1152,1,456,0,979.2
17370.0,4,446.18,540,31,73,96,111.545
17371.0,6,655.37,281,135,17,714,109.22833333333334
17372.0,28,4347.31,1863,412,41,695,155.26107142857146
17373.0,7,1167.5,738,65,40,609,166.78571428571428
17374.0,3,727.11,155,34,219,176,242.37
17375.0,4,660.55,480,77,199,232,165.1375
17376.0,4,453.64,244,41,71,452,113.41
17377.0,78,17644.27,7335,505,24,713,226.20858974358976
17378.0,1,10.95,1,1,374,0,10.95
17379.0,1,389.71999999999997,623,71,11,0,389.71999999999997
17380.0,3,645.0,252,5,434,100,215.0
17381.0,38,36398.65,42879,50,9,539,957.8592105263158
17382.0,8,902.28,457,16,65,504,112.785
17383.0,2,304.09000000000003,160,51,4,449,152.04500000000002
17384.0,3,507.55,121,15,19,447,169.18333333333334
17385.0,1,256.11,197,42,15,0,256.11
17386.0,7,2812.77,1955,32,8,377,401.82428571428574
17387.0,2,746.81,522,71,20,13,373.405
17388.0,11,2675.37,2555,41,78,651,243.21545454545455
17389.0,61,57215.33,17880,63,1,734,937.9562295081968
17390.0,1,149.3,49,12,421,0,149.3
17391.0,2,508.8,480,2,164,0,254.4
17392.0,3,585.92,450,66,307,143,195.30666666666664
17393.0,2,381.15000000000003,238,45,411,77,190.57500000000002
17394.0,1,203.86999999999998,241,4,219,0,203.86999999999998
17395.0,1,97.5,66,3,508,0,97.5
17396.0,14,8409.6,2313,29,39,402,600.6857142857143
17397.0,3,1198.28,691,132,22,394,399.4266666666667
17398.0,3,653.38,310,30,115,140,217.79333333333332
17400.0,8,4623.28,2185,345,126,595,577.91
17401.0,1,114.85,34,11,541,0,114.85
17402.0,23,4635.5599999999995,1450,105,5,718,201.54608695652172
17403.0,2,382.87,188,45,36,414,191.435
17404.0,23,47781.12,50679,126,4,697,2077.44
17405.0,3,1031.41,726,77,1,149,343.80333333333334
17406.0,13,4186.95,1847,155,333,400,322.0730769230769
17407.0,1,552.9,426,23,412,0,552.9
17408.0,3,316.09000000000003,163,7,163,350,105.36333333333334
17409.0,10,7793.51,4089,50,185,543,779.351
17410.0,5,1214.72,616,57,16,199,242.94400000000002
17411.0,5,1425.38,608,69,12,724,285.076
17412.0,16,4220.22,2554,161,3,734,263.76375
17413.0,2,560.14,302,10,405,165,280.07
17414.0,6,2249.52,6256,6,44,692,374.92
17415.0,1,507.84,114,14,80,0,507.84
17416.0,22,17298.45,8769,324,30,695,786.2931818181819
17417.0,1,164.18,76,16,549,0,164.18
17418.0,3,670.0600000000001,521,40,42,344,223.35333333333335
17419.0,18,6126.25,2884,203,11,672,340.34722222222223
17420.0,6,953.58,446,43,50,351,158.93
17421.0,3,1059.41,807,46,386,349,353.1366666666667
17422.0,11,3594.76,3538,149,16,518,326.79636363636365
17423.0,3,1118.95,790,39,46,347,372.98333333333335
17425.0,2,759.17,407,42,19,41,379.585
17426.0,13,8077.77,5187,248,8,652,621.3669230769231
17427.0,1,100.8,34,2,72,0,100.8
17428.0,45,31466.760000000002,17356,422,1,737,699.2613333333334
17429.0,5,1357.46,1286,80,128,301,271.492
17430.0,4,622.57,455,30,33,446,155.6425
17431.0,1,403.3,292,41,313,0,403.3
17432.0,9,1728.99,1008,213,18,717,192.11
17433.0,2,569.96,305,81,88,297,284.98
17434.0,7,2373.82,1693,100,2,82,339.1171428571429
17435.0,1,331.35,195,15,411,0,331.35
17436.0,5,534.0600000000001,178,8,2,730,106.81200000000001
17437.0,1,369.68,283,52,530,0,369.68
17438.0,5,1422.77,553,49,254,387,284.554
17439.0,1,325.74,370,8,656,0,325.74
17440.0,4,323.58,282,4,157,392,80.895
17441.0,1,293.35,245,21,732,0,293.35
17442.0,15,4620.3,3134,188,37,625,308.02000000000004
17443.0,1,534.24,504,1,220,0,534.24
17444.0,3,2940.04,2119,132,148,25,980.0133333333333
17446.0,2,120.89999999999999,198,6,177,133,60.449999999999996
17447.0,2,541.53,443,33,40,31,270.765
17448.0,46,14523.67,11534,569,497,147,315.7319565217391
17449.0,13,4868.15,2483,292,2,728,374.4730769230769
17450.0,51,244784.25,83914,144,8,429,4799.691176470588
17451.0,7,1721.4,1203,83,1,104,245.91428571428574
17453.0,2,486.71999999999997,219,19,18,46,243.35999999999999
17454.0,10,1547.94,727,98,192,500,154.794
17455.0,1,131.7,66,8,204,0,131.7
17456.0,2,975.5600000000001,508,59,365,90,487.78000000000003
17457.0,14,5984.81,2695,30,127,605,427.4864285714286
17458.0,2,529.58,282,81,15,366,264.79
17459.0,2,657.3,537,88,43,16,328.65
17460.0,16,2157.9700000000003,954,93,94,592,134.87312500000002
17461.0,3,735.82,770,104,23,6,245.27333333333334
17462.0,2,675.69,227,25,60,223,337.845
17463.0,7,2535.26,1480,234,16,572,362.18
17464.0,3,907.1400000000001,608,35,158,461,302.38000000000005
17465.0,7,2542.79,1477,103,426,310,363.2557142857143
17466.0,2,763.28,306,41,10,68,381.64
17467.0,1,102.6,20,4,395,0,102.6
17468.0,3,194.8,184,8,10,364,64.93333333333334
17469.0,17,5051.25,2304,165,16,706,297.13235294117646
17470.0,11,2626.47,2731,111,45,463,238.76999999999998
17471.0,1,321.65000000000003,153,19,475,0,321.65000000000003
17472.0,4,922.35,551,183,191,437,230.5875
17473.0,2,607.0,270,33,409,47,303.5
17474.0,1,1047.0,200,6,600,0,1047.0
17475.0,1,194.37,178,14,79,0,194.37
17476.0,2,489.86,224,29,396,341,244.93
17477.0,2,1144.3,225,44,613,34,572.15
17478.0,2,1272.8000000000002,516,40,408,225,636.4000000000001
17479.0,1,389.26,266,18,633,0,389.26
17480.0,2,882.23,581,50,78,366,441.115
17481.0,4,1255.59,1061,69,4,90,313.8975
17482.0,2,775.64,240,50,487,91,387.82
17483.0,4,591.73,265,23,65,349,147.9325
17484.0,2,209.57,339,14,576,47,104.785
17486.0,1,396.87,191,24,261,0,396.87
17487.0,1,160.55,37,8,728,0,160.55
17488.0,1,336.5,136,18,641,0,336.5
17489.0,2,376.64,428,28,59,153,188.32
17490.0,9,2750.5,1531,93,1,568,305.6111111111111
17491.0,17,5653.67,3362,105,1,589,332.56882352941176
17492.0,3,1122.42,450,32,248,270,374.14000000000004
17493.0,1,100.91,62,8,385,0,100.91
17494.0,1,54.699999999999996,26,3,502,0,54.699999999999996
17495.0,3,806.72,367,38,8,383,268.9066666666667
17496.0,4,1412.89,675,54,359,335,353.2225
17497.0,2,287.25,59,7,390,220,143.625
17498.0,1,272.21999999999997,394,17,76,0,272.21999999999997
17499.0,2,1341.3899999999999,1086,66,290,271,670.6949999999999
17500.0,3,1138.0,17,3,17,12,379.3333333333333
17501.0,2,288.6,160,18,221,0,144.3
17502.0,4,689.1,376,25,9,19,172.275
17503.0,2,558.96,486,36,3,35,279.48
17504.0,18,9490.17,5420,244,206,463,527.2316666666667
17505.0,5,2435.48,1242,83,162,443,487.096
17506.0,1,302.2,139,14,76,0,302.2
17507.0,2,605.58,359,79,262,47,302.79
17508.0,8,4579.23,2891,199,281,451,572.40375
17509.0,8,6083.64,3512,75,58,5,760.455
17510.0,2,514.56,422,28,25,395,257.28
17511.0,60,172132.87,117174,657,3,734,2868.8811666666666
17512.0,18,5467.820000000001,5434,102,29,700,303.76777777777784
17513.0,3,1158.8,440,18,72,407,386.26666666666665
17514.0,2,522.0,284,72,128,541,261.0
17515.0,9,1602.51,527,91,31,519,178.05666666666667
17516.0,6,947.5,522,150,15,363,157.91666666666666
17517.0,1,153.94,102,11,309,0,153.94
17518.0,2,329.42,267,71,426,195,164.71
17519.0,15,4774.17,3230,142,17,721,318.278
17520.0,1,546.81,365,30,54,0,546.81
17521.0,5,1278.06,806,65,30,404,255.612
17522.0,5,1070.71,1034,59,2,216,214.142
17523.0,4,652.74,872,25,11,7,163.185
17524.0,3,539.14,362,37,361,76,179.71333333333334
17525.0,3,1161.9,338,19,360,69,387.3
17526.0,12,3939.24,1442,67,5,717,328.27
17527.0,4,939.37,488,45,54,164,234.8425
17528.0,8,3628.5,2138,183,1,70,453.5625
17529.0,2,1240.25,790,78,610,87,620.125
17530.0,12,2791.69,1741,359,1,732,232.64083333333335
17531.0,3,1266.82,472,54,190,428,422.2733333333333
17532.0,1,65.34,30,4,386,0,65.34
17533.0,1,34.8,24,1,435,0,34.8
17534.0,5,1668.83,860,76,54,598,333.76599999999996
17535.0,1,164.4,136,13,280,0,164.4
17536.0,3,364.83,201,16,177,505,121.61
17537.0,2,887.67,699,74,30,273,443.835
17538.0,1,98.42,134,9,26,0,98.42
17539.0,4,1176.84,708,132,618,108,294.21
17540.0,6,1590.6000000000001,588,41,25,575,265.1
17541.0,1,119.86,44,31,510,0,119.86
17542.0,3,340.85,323,57,270,371,113.61666666666667
17543.0,1,120.05,62,13,550,0,120.05
17544.0,3,944.82,410,80,390,0,314.94
17545.0,6,1409.86,682,204,43,534,234.97666666666666
17547.0,2,727.85,223,22,376,289,363.925
17548.0,4,731.26,494,22,234,162,182.815
17549.0,2,148.86,210,5,24,27,74.43
17550.0,9,2506.64,968,250,197,472,278.5155555555555
17551.0,1,290.34,142,39,359,0,290.34
17552.0,12,2786.77,1951,78,60,567,232.23083333333332
17553.0,4,3757.6,2288,2,130,481,939.4
17554.0,5,1952.45,1763,58,1,146,390.49
17555.0,5,1045.74,739,220,20,566,209.148
17556.0,2,300.67,184,13,206,173,150.335
17557.0,4,575.46,310,28,14,718,143.865
17558.0,1,259.17,54,28,393,0,259.17
17559.0,1,167.62,270,12,513,0,167.62
17560.0,8,1895.8,1588,37,95,565,236.975
17561.0,4,703.02,381,163,19,713,175.755
17562.0,7,1122.38,817,48,14,159,160.34
17563.0,2,392.38,256,27,578,33,196.19
17564.0,3,454.01,146,38,24,55,151.33666666666667
17565.0,1,131.83,67,30,587,0,131.83
17566.0,2,869.77,497,113,8,17,434.885
17567.0,9,4838.08,2908,128,7,434,537.5644444444445
17568.0,1,374.45,275,61,633,0,374.45
17569.0,1,344.14,159,29,332,0,344.14
17570.0,1,100.0,1,1,382,0,100.0
17571.0,5,1630.91,991,290,50,492,326.182
17572.0,10,652.21,327,14,71,653,65.221
17573.0,3,380.6,308,24,29,64,126.86666666666667
17574.0,1,185.65,77,8,243,0,185.65
17575.0,1,171.7,72,5,667,0,171.7
17576.0,41,8711.95,4583,417,8,728,212.48658536585367
17577.0,2,348.75,179,20,645,23,174.375
17578.0,7,1047.33,529,57,218,311,149.6185714285714
17579.0,4,753.28,375,89,5,573,188.32
17580.0,5,541.02,223,78,253,169,108.204
17581.0,43,17951.17,9519,387,1,735,417.4690697674418
17582.0,5,1446.95,603,92,236,387,289.39
17583.0,1,135.95,55,7,560,0,135.95
17584.0,6,5309.42,2464,85,7,676,884.9033333333333
17585.0,7,2064.71,2510,295,109,368,294.9585714285714
17586.0,1,167.4,68,8,619,0,167.4
17587.0,1,176.71,67,42,628,0,176.71
17588.0,7,2939.55,1379,35,100,537,419.9357142857143
17589.0,18,13837.94,8704,601,60,582,768.7744444444445
17590.0,3,1468.02,822,162,2,37,489.34
17591.0,8,2339.32,1028,93,73,617,292.415
17592.0,1,148.3,38,13,739,0,148.3
17593.0,11,8092.32,5595,311,4,731,735.6654545454545
17594.0,4,2497.88,1368,70,85,519,624.47
17595.0,2,386.69,228,68,12,24,193.345
17596.0,13,4491.46,7010,274,23,701,345.49692307692305
17597.0,5,3484.09,2215,109,214,369,696.818
17598.0,1,409.98,126,10,381,0,409.98
17599.0,1,52.05,11,3,478,0,52.05
17600.0,1,161.67000000000002,144,13,18,0,161.67000000000002
17601.0,2,413.08,295,69,239,141,206.54
17602.0,14,7354.43,5880,450,2,616,525.3164285714286
17603.0,4,1788.38,638,104,78,651,447.095
17604.0,6,942.38,614,142,217,464,157.06333333333333
17605.0,1,160.75,71,13,590,0,160.75
17606.0,1,87.30000000000001,42,6,737,0,87.30000000000001
17607.0,1,333.81,269,22,376,0,333.81
17608.0,4,488.06,528,134,33,573,122.015
17609.0,11,1887.8999999999999,1321,317,41,568,171.62727272727273
17610.0,5,1511.94,893,114,540,193,302.38800000000003
17611.0,28,8337.53,5341,722,7,731,297.7689285714286
17612.0,18,5394.86,3521,213,53,669,299.71444444444444
17613.0,14,4544.55,2490,211,23,282,324.6107142857143
17614.0,1,386.32,235,97,57,0,386.32
17615.0,6,721.8,378,47,130,355,120.3
17616.0,4,734.4,288,1,174,277,183.6
17617.0,1,385.19,249,18,559,0,385.19
17618.0,11,4001.64,1798,202,6,679,363.7854545454545
17619.0,1,214.37,124,71,312,0,214.37
17620.0,1,81.44,60,4,60,0,81.44
17621.0,6,3175.12,1110,61,21,410,529.1866666666666
17622.0,2,1130.21,379,19,598,0,565.105
17623.0,7,2365.77,799,130,33,692,337.96714285714285
17624.0,4,1568.63,958,91,15,704,392.1575
17625.0,8,5978.9,3505,429,18,706,747.3625
17626.0,1,254.0,202,18,603,0,254.0
17627.0,1,296.36,676,10,479,0,296.36
17628.0,1,75.75,79,5,81,0,75.75
17629.0,10,2455.52,1903,129,6,415,245.552
17630.0,2,503.59999999999997,158,24,170,62,251.79999999999998
17631.0,7,998.49,591,66,2,728,142.64142857142858
17633.0,7,2057.39,899,84,31,357,293.91285714285715
17634.0,9,2358.59,838,209,36,301,262.0655555555556
17635.0,3,1265.58,770,60,424,166,421.85999999999996
17636.0,1,285.56,182,20,19,0,285.56
17637.0,2,547.0600000000001,280,35,31,83,273.53000000000003
17638.0,2,842.4,432,2,647,74,421.2
17639.0,6,615.17,576,59,276,207,102.52833333333332
17640.0,6,3168.94,1692,48,87,539,528.1566666666666
17642.0,5,1824.49,1475,88,120,614,364.898
17643.0,2,439.7,226,30,373,132,219.85
17644.0,20,6028.6,3469,160,1,660,301.43
17646.0,12,3898.79,1308,124,219,504,324.89916666666664
17647.0,3,331.65999999999997,82,12,65,604,110.55333333333333
17648.0,5,2216.37,954,114,61,324,443.274
17649.0,3,1578.89,723,88,138,334,526.2966666666667
17650.0,1,166.07999999999998,150,8,21,0,166.07999999999998
17651.0,16,5703.5199999999995,4086,198,12,514,356.46999999999997
17652.0,12,4867.72,2509,118,25,255,405.6433333333334
17653.0,4,1207.56,1409,44,37,83,301.89
17654.0,1,117.55,41,22,277,0,117.55
17655.0,9,2976.38,1268,75,11,406,330.7088888888889
17656.0,5,1674.69,1399,67,73,55,334.938
17657.0,1,126.0,60,7,430,0,126.0
17658.0,2,595.42,616,17,26,185,297.71
17659.0,14,3586.9900000000002,1752,150,17,368,256.21357142857147
17660.0,2,342.22,259,75,141,595,171.11
17662.0,2,412.92,184,14,662,60,206.46
17663.0,17,5175.83,2297,153,26,619,304.4605882352941
17664.0,4,1166.23,1058,68,19,601,291.5575
17665.0,1,563.1,690,19,493,0,563.1
17666.0,5,2047.8,1552,30,4,523,409.56
17667.0,9,3950.7,2192,140,66,588,438.96666666666664
17668.0,2,347.75,93,14,1,36,173.875
17669.0,10,6142.35,3505,85,43,574,614.235
17670.0,1,205.7,110,11,228,0,205.7
17671.0,5,2009.16,987,54,16,360,401.832
17672.0,7,5778.63,2758,179,50,631,825.5185714285715
17673.0,13,4173.88,3284,195,2,628,321.0676923076923
17674.0,2,551.04,672,19,74,294,275.52
17675.0,70,37642.48,16180,345,1,728,537.7497142857143
17676.0,10,2448.64,1764,85,4,615,244.86399999999998
17677.0,54,35058.46,20921,346,2,721,649.2307407407408
17678.0,2,599.76,368,27,264,339,299.88
17679.0,7,3577.61,1755,70,53,683,511.08714285714285
17680.0,3,497.45,155,20,24,487,165.81666666666666
17681.0,5,731.2,450,12,597,96,146.24
17682.0,11,4065.28,2281,85,10,631,369.5709090909091
17683.0,3,819.01,781,41,386,168,273.00333333333333
17684.0,1,239.41,145,15,44,0,239.41
17685.0,12,5454.95,3474,124,17,649,454.57916666666665
17686.0,9,8296.81,3583,283,7,526,921.8677777777777
17687.0,1,432.68,210,26,421,0,432.68
17688.0,1,304.2,114,19,394,0,304.2
17689.0,2,317.08,300,17,388,85,158.54
17690.0,20,6963.8,2939,237,30,644,348.19
17691.0,4,637.55,315,37,358,188,159.3875
17692.0,12,2975.8,2338,90,127,413,247.98333333333335
17693.0,1,200.47,231,16,137,0,200.47
17694.0,3,1695.97,1493,54,142,421,565.3233333333334
17695.0,5,1746.04,1809,46,132,549,349.20799999999997
17696.0,27,7679.59,5891,191,38,690,284.42925925925925
17697.0,1,338.95,93,19,236,0,338.95
17698.0,1,154.95,93,8,261,0,154.95
17699.0,2,442.0,208,17,477,84,221.0
17700.0,14,6679.97,3469,259,17,722,477.1407142857143
17701.0,1,417.95,109,24,253,0,417.95
17702.0,6,3144.04,2153,120,30,370,524.0066666666667
17703.0,4,1094.84,897,63,35,382,273.71
17704.0,2,885.19,343,27,169,71,442.595
17705.0,11,2083.9,1301,74,3,573,189.44545454545457
17706.0,31,20272.15,7824,408,4,685,653.9403225806452
17707.0,8,609.3,546,9,185,547,76.1625
17708.0,4,884.1800000000001,387,57,188,235,221.04500000000002
17709.0,5,671.01,295,37,170,433,134.202
17710.0,1,293.5,158,20,424,0,293.5
17711.0,2,385.1,246,22,11,279,192.55
17712.0,1,522.91,215,29,45,0,522.91
17713.0,4,1198.09,989,55,382,166,299.5225
17714.0,5,1410.18,608,69,321,192,282.036
17715.0,2,489.59999999999997,576,1,201,392,244.79999999999998
17716.0,24,15956.97,8819,334,23,714,664.87375
17717.0,1,376.92,344,26,421,0,376.92
17718.0,2,439.18,274,22,232,412,219.59
17719.0,15,5396.04,2466,111,38,217,359.736
17720.0,10,2666.91,1589,81,26,552,266.691
17721.0,1,307.21000000000004,107,11,659,0,307.21000000000004
17722.0,5,3520.2200000000003,2412,163,96,279,704.0440000000001
17723.0,7,3378.4000000000005,912,6,127,248,482.6285714285715
17724.0,3,1033.0,300,38,71,67,344.3333333333333
17725.0,11,3439.08,2162,115,16,250,312.64363636363635
17726.0,7,1092.06,444,52,395,286,156.00857142857143
17727.0,1,1060.25,645,66,15,0,1060.25
17728.0,5,4238.76,2146,196,4,449,847.7520000000001
17729.0,1,438.65000000000003,247,23,596,0,438.65000000000003
17730.0,20,7773.8,5300,177,3,586,388.69
17731.0,6,1708.99,707,82,79,589,284.83166666666665
17732.0,8,2166.42,1058,90,373,115,270.8025
17733.0,2,692.19,463,33,39,222,346.095
17734.0,6,1442.32,741,76,54,588,240.38666666666666
17735.0,26,16790.33,10683,391,2,495,645.7819230769231
17736.0,3,377.44,238,24,9,104,125.81333333333333
17737.0,2,168.24,108,8,9,49,84.12
17738.0,13,4183.56,2776,173,19,611,321.81230769230774
17739.0,18,7730.59,2335,56,12,720,429.4772222222222
17740.0,6,426.90000000000003,222,5,389,308,71.15
17741.0,2,101.1,114,6,407,153,50.55
17742.0,11,2098.48,653,52,113,625,190.7709090909091
17743.0,1,229.2,96,3,448,0,229.2
17744.0,7,2649.14,3826,121,4,377,378.4485714285714
17745.0,2,600.34,164,27,478,78,300.17
17746.0,4,904.1800000000001,688,32,240,370,226.04500000000002
17747.0,1,71.4,12,1,113,0,71.4
17748.0,1,358.15,111,17,527,0,358.15
17749.0,3,1026.18,446,52,178,368,342.06
17750.0,9,1710.45,3747,101,5,158,190.05
17751.0,1,157.85999999999999,147,31,421,0,157.85999999999999
17752.0,1,80.64,192,1,359,0,80.64
17753.0,4,382.06,124,63,464,238,95.515
17754.0,13,4451.22,4366,185,1,727,342.4015384615385
17756.0,3,728.75,399,54,376,18,242.91666666666666
17757.0,56,9074.05,5011,362,1,693,162.03660714285712
17758.0,12,4964.03,3199,403,19,549,413.6691666666666
17759.0,5,1261.88,965,114,17,566,252.37600000000003
17760.0,6,746.39,531,58,22,627,124.39833333333333
17761.0,1,712.78,398,19,33,0,712.78
17762.0,1,129.75,129,16,456,0,129.75
17763.0,4,86.15,41,11,263,395,21.5375
17764.0,5,1513.57,674,126,51,685,302.714
17765.0,4,524.0,195,71,159,289,131.0
17766.0,2,299.61,155,21,381,0,149.805
17767.0,2,413.05,198,35,15,394,206.525
17768.0,7,3292.73,2339,134,8,729,470.39
17769.0,17,7053.38,3157,330,13,676,414.90470588235297
17770.0,5,1143.27,365,33,199,83,228.654
17771.0,4,387.41,373,63,57,532,96.8525
17772.0,3,360.75,113,94,11,381,120.25
17773.0,2,575.37,254,48,514,175,287.685
17774.0,9,3273.83,1585,286,97,572,363.75888888888886
17775.0,1,56.4,72,3,255,0,56.4
17776.0,2,330.56,273,74,387,336,165.28
17777.0,3,647.56,501,141,25,75,215.85333333333332
17778.0,1,197.70000000000002,214,10,662,0,197.70000000000002
17779.0,3,650.32,396,73,21,122,216.77333333333334
17780.0,3,346.56,156,76,667,17,115.52
17781.0,2,188.02,34,12,159,93,94.01
17782.0,2,679.02,538,29,383,0,339.51
17783.0,3,376.96,438,91,72,440,125.65333333333332
17784.0,1,112.86,72,19,550,0,112.86
17785.0,3,403.38,227,48,53,512,134.46
17786.0,2,266.85,195,57,85,231,133.425
17787.0,4,1817.54,896,94,153,218,454.385
17788.0,2,1117.9,211,3,74,55,558.95
17789.0,2,397.15,199,27,281,379,198.575
17790.0,20,2779.41,1387,188,27,517,138.9705
17791.0,1,106.1,46,10,30,0,106.1
17792.0,2,368.35,149,45,467,11,184.175
17793.0,1,300.34,226,49,25,0,300.34
17794.0,2,147.3,46,7,687,1,73.65
17795.0,2,342.83,305,43,180,85,171.415
17796.0,7,1236.39,347,149,40,381,176.62714285714287
17797.0,8,1971.8700000000001,1086,222,22,701,246.48375000000001
17798.0,1,178.07,138,43,582,0,178.07
17799.0,20,6246.93,3674,478,22,703,312.3465
17800.0,9,1187.21,732,51,37,296,131.91222222222223
17801.0,3,770.03,820,66,451,240,256.6766666666667
17802.0,10,4946.22,2705,283,82,644,494.622
17803.0,1,184.66,98,27,392,0,184.66
17804.0,3,383.78000000000003,194,82,376,362,127.92666666666668
17805.0,2,927.03,1126,10,74,536,463.515
17806.0,1,546.04,727,43,11,0,546.04
17807.0,3,437.87,262,88,395,309,145.95666666666668
17808.0,4,262.64,143,29,549,32,65.66
17809.0,20,10085.89,2995,59,16,720,504.29449999999997
17810.0,2,373.16,118,51,669,15,186.58
17811.0,47,9519.8,5278,538,4,441,202.54893617021276
17812.0,7,911.99,444,162,13,517,130.28428571428572
17813.0,5,1698.07,752,297,14,57,339.614
17814.0,2,1609.37,1435,112,375,47,804.685
17815.0,1,591.96,612,13,393,0,591.96
17816.0,6,96.11,80,41,37,687,16.018333333333334
17817.0,6,788.15,353,115,4,417,131.35833333333332
17818.0,1,124.78,86,42,738,0,124.78
17819.0,12,6021.05,1610,66,72,654,501.75416666666666
17820.0,1,180.60999999999999,111,39,374,0,180.60999999999999
17821.0,1,334.62,162,6,406,0,334.62
17822.0,5,2162.93,1375,152,420,140,432.58599999999996
17823.0,2,449.25,252,88,421,0,224.625
17824.0,1,298.4,408,13,51,0,298.4
17825.0,4,701.96,516,24,599,126,175.49
17826.0,1,133.34,84,33,374,0,133.34
17827.0,6,2376.17,1582,240,5,616,396.02833333333336
17828.0,4,1820.09,667,54,23,162,455.0225
17829.0,5,4756.74,3009,121,299,356,951.348
17830.0,3,398.7,92,18,2,287,132.9
17831.0,1,35.400000000000006,12,2,33,0,35.400000000000006
17832.0,1,155.37,208,61,50,0,155.37
17833.0,1,338.46000000000004,143,28,723,0,338.46000000000004
17834.0,2,689.6700000000001,639,54,415,30,344.83500000000004
17835.0,3,342.24,344,45,3,20,114.08
17836.0,1,110.21000000000001,88,23,47,0,110.21000000000001
17837.0,8,1541.23,510,110,42,120,192.65375
17838.0,13,5604.64,3491,141,27,604,431.1261538461539
17839.0,1,318.15,257,50,42,0,318.15
17840.0,1,175.9,128,44,444,0,175.9
17841.0,211,68545.25,36584,2116,2,735,324.8590047393365
17842.0,1,430.69,89,18,602,0,430.69
17843.0,2,320.4,251,58,303,108,160.2
17844.0,1,51.559999999999995,52,5,107,0,51.559999999999995
17845.0,4,596.09,195,42,555,21,149.0225
17846.0,1,2033.1,1,1,85,0,2033.1
17847.0,2,129.69,29,9,516,129,64.845
17848.0,30,3559.11,1404,105,81,652,118.637
17849.0,8,1063.76,224,24,218,416,132.97
17850.0,155,51208.87,21052,100,372,362,330.3798064516129
17851.0,6,1552.35,933,185,422,313,258.72499999999997
17852.0,5,657.8100000000001,372,82,12,719,131.562
17853.0,3,1596.29,625,84,407,329,532.0966666666667
17854.0,6,1068.5,607,113,185,546,178.08333333333334
17855.0,1,208.97,197,17,373,0,208.97
17856.0,4,1418.03,842,12,2,279,354.5075
17857.0,24,27347.04,19906,21,4,637,1139.46
17858.0,30,12518.65,5383,173,6,727,417.2883333333333
17859.0,1,141.92,102,23,305,0,141.92
17860.0,4,717.39,696,127,369,359,179.3475
17861.0,18,5088.29,4541,329,3,726,282.6827777777778
17862.0,4,1254.89,440,90,324,239,313.7225
17863.0,12,5360.48,4676,154,59,593,446.70666666666665
17864.0,5,876.57,1015,93,13,414,175.31400000000002
17865.0,46,26312.190000000002,12950,391,31,708,572.0041304347826
17866.0,3,1134.95,535,20,143,582,378.31666666666666
17867.0,15,1582.0500000000002,638,119,30,707,105.47000000000001
17868.0,1,227.15,85,18,386,0,227.15
17869.0,7,813.64,491,72,107,440,116.23428571428572
17870.0,13,2753.29,1699,215,2,379,211.79153846153847
17871.0,5,1068.95,665,64,205,488,213.79000000000002
17872.0,1,235.87,176,15,382,0,235.87
17873.0,18,6265.33,4159,65,80,643,348.07388888888886
17874.0,6,683.46,221,37,185,70,113.91000000000001
17875.0,1,167.1,98,25,688,0,167.1
17876.0,3,3424.02,1958,3,400,275,1141.34
17877.0,1,237.61,98,12,170,0,237.61
17878.0,3,1378.93,1014,82,44,351,459.6433333333334
17879.0,1,178.52,45,6,174,0,178.52
17880.0,3,824.9200000000001,466,43,365,365,274.97333333333336
17881.0,1,133.35,32,8,304,0,133.35
17882.0,2,291.56,130,47,379,0,145.78
17883.0,7,988.42,476,155,3,648,141.20285714285714
17884.0,20,2698.47,2749,305,4,731,134.9235
17885.0,1,156.34,110,50,12,0,156.34
17886.0,6,1572.55,711,138,32,557,262.09166666666664
17887.0,1,111.35,30,10,129,0,111.35
17888.0,25,1807.44,1536,145,21,696,72.2976
17889.0,7,746.42,403,97,212,406,106.63142857142857
17890.0,2,586.89,402,88,323,38,293.445
17891.0,1,203.85999999999999,393,34,162,0,203.85999999999999
17892.0,3,244.1,109,27,56,99,81.36666666666666
17893.0,1,107.21,149,15,225,0,107.21
17894.0,18,2304.58,938,215,72,397,128.03222222222223
17895.0,1,95.45,127,15,44,0,95.45
17896.0,1,256.32,288,2,23,0,256.32
17897.0,9,2099.89,864,211,173,403,233.3211111111111
17898.0,4,299.18,251,48,85,481,74.795
17899.0,1,154.55,170,29,159,0,154.55
17900.0,2,112.19999999999999,73,4,190,0,56.099999999999994
17901.0,3,260.08,38,22,29,492,86.69333333333333
17902.0,1,216.39999999999998,526,24,547,0,216.39999999999998
17903.0,1,381.09000000000003,142,44,394,0,381.09000000000003
17904.0,1,181.07,59,33,21,0,181.07
17905.0,13,2178.87,1299,129,71,608,167.6053846153846
17906.0,1,72.9,26,12,247,0,72.9
17907.0,1,291.76,1046,13,641,0,291.76
17908.0,5,1142.47,670,178,374,351,228.494
17909.0,1,110.05,35,8,737,0,110.05
17910.0,1,261.7,121,25,726,0,261.7
17911.0,1,366.23,223,39,9,0,366.23
17912.0,6,374.55,215,48,310,65,62.425000000000004
17913.0,14,3429.29,1725,224,59,677,244.9492857142857
17914.0,1,329.36,457,72,4,0,329.36
17915.0,1,225.78,184,27,551,0,225.78
17916.0,2,43.87,90,15,629,104,21.935
17917.0,3,335.03,184,77,45,317,111.67666666666666
17918.0,3,396.39,352,34,501,4,132.13
17919.0,2,1840.3200000000002,1452,37,88,350,920.1600000000001
17920.0,54,23581.78,12265,715,4,729,436.6996296296296
17921.0,10,2394.36,991,230,64,447,239.436
17922.0,1,170.4,49,8,543,0,170.4
17923.0,3,497.0,140,2,282,262,165.66666666666666
17924.0,8,3257.7000000000003,1208,27,12,402,407.21250000000003
17925.0,1,244.08,72,1,373,0,244.08
17926.0,5,1035.49,572,27,133,446,207.098
17927.0,1,294.0,108,10,722,0,294.0
17928.0,3,341.24,222,27,45,525,113.74666666666667
17929.0,12,3082.1,434,6,11,719,256.84166666666664
17930.0,13,4275.22,3795,39,36,609,328.86307692307696
17931.0,14,3402.2400000000002,1919,274,134,527,243.0171428571429
17932.0,3,1331.57,789,84,29,182,443.8566666666666
17933.0,1,114.69,63,12,632,0,114.69
17934.0,3,1049.15,628,36,52,354,349.7166666666667
17935.0,7,686.14,244,60,138,596,98.02
17936.0,1,380.13,257,68,5,0,380.13
17937.0,7,4301.22,1754,19,9,353,614.46
17938.0,1,144.29,53,29,420,0,144.29
17939.0,1,99.14,40,12,160,0,99.14
17940.0,16,30306.79,85148,11,49,687,1894.174375
17941.0,4,1433.28,1108,5,131,571,358.32
17942.0,1,77.50000000000001,38,2,8,0,77.50000000000001
17944.0,1,74.99,84,24,423,0,74.99
17945.0,3,360.35,244,66,697,0,120.11666666666667
17946.0,2,149.57999999999998,75,18,233,26,74.78999999999999
17947.0,1,176.68,168,9,37,0,176.68
17948.0,1,358.56000000000006,144,1,147,0,358.56000000000006
17949.0,118,117314.08,60538,58,1,736,994.1871186440678
17950.0,7,1166.29,659,133,72,631,166.61285714285714
17951.0,4,1340.5800000000002,780,24,40,364,335.14500000000004
17952.0,4,788.46,477,85,378,163,197.115
17953.0,1,159.17000000000002,98,20,540,0,159.17000000000002
17954.0,19,3804.38,3180,479,5,725,200.2305263157895
17955.0,6,949.9,681,16,199,466,158.31666666666666
17956.0,1,12.75,1,1,249,0,12.75
17957.0,1,111.68,287,31,66,0,111.68
17958.0,2,973.8799999999999,284,35,117,611,486.93999999999994
17959.0,1,140.75,49,2,592,0,140.75
17960.0,3,135.08,60,37,171,470,45.02666666666667
17961.0,100,2866.7400000000002,1491,486,21,717,28.6674
17962.0,4,666.96,633,146,142,552,166.74
17963.0,4,643.16,341,98,471,217,160.79
17964.0,2,463.21,294,84,32,340,231.605
17965.0,29,7006.65,4383,588,38,687,241.60862068965517
17966.0,10,1963.92,3918,82,38,652,196.392
17967.0,2,223.42,111,59,372,44,111.71
17968.0,4,590.44,352,106,374,138,147.61
17969.0,20,2354.29,1014,113,166,566,117.7145
17970.0,1,562.79,513,27,211,0,562.79
17971.0,1,161.94,62,21,548,0,161.94
17972.0,1,135.19,36,30,242,0,135.19
17973.0,1,337.04,176,15,52,0,337.04
17974.0,6,1739.09,1189,279,25,382,289.8483333333333
17975.0,24,6696.33,2179,243,15,475,279.01375
17976.0,1,321.79,93,56,372,0,321.79
17977.0,2,1511.45,1948,94,29,370,755.725
17978.0,4,1159.99,1297,62,365,366,289.9975
17979.0,4,732.41,383,116,36,224,183.1025
17980.0,4,1012.72,771,41,166,227,253.18
17981.0,1,239.12,260,17,411,0,239.12
17982.0,1,138.18,117,13,681,0,138.18
17983.0,1,171.71,108,23,395,0,171.71
17984.0,5,1152.19,939,209,145,593,230.43800000000002
17985.0,1,631.35,171,20,22,0,631.35
17986.0,1,20.8,10,1,56,0,20.8
17987.0,5,965.4399999999999,981,139,185,365,193.088
17988.0,14,489.54,186,115,12,720,34.96714285714286
17989.0,1,207.32999999999998,300,26,379,0,207.32999999999998
17990.0,6,1527.6100000000001,777,40,237,495,254.6016666666667
17991.0,3,300.3,93,37,225,366,100.10000000000001
17992.0,1,252.88,130,49,389,0,252.88
17993.0,1,225.99,108,60,617,0,225.99
17994.0,11,2270.0299999999997,2181,227,122,499,206.36636363636362
17995.0,3,495.48,263,28,282,105,165.16
17996.0,3,482.33,587,63,380,166,160.77666666666667
17997.0,8,1962.46,2273,133,74,89,245.3075
17998.0,3,639.24,561,57,380,358,213.08
17999.0,3,528.46,286,125,37,341,176.15333333333334
18000.0,1,124.25,109,6,564,0,124.25
18001.0,6,924.14,874,120,12,725,154.02333333333334
18002.0,4,244.37,71,52,376,355,61.0925
18003.0,1,353.51,297,23,376,0,353.51
18004.0,1,157.92,75,32,362,0,157.92
18005.0,2,226.47,86,52,4,43,113.235
18006.0,4,969.51,395,57,23,699,242.3775
18007.0,1,215.22,246,46,393,0,215.22
18008.0,23,19759.079999999998,7825,77,70,632,859.0904347826087
18009.0,8,2144.23,651,145,235,417,268.02875
18010.0,1,174.8,60,14,257,0,174.8
18011.0,2,410.79,125,63,373,194,205.395
18012.0,1,115.3,63,13,723,0,115.3
18013.0,2,187.29,285,31,155,0,93.645
18014.0,1,162.22,66,29,28,0,162.22
18015.0,1,120.03,157,46,4,0,120.03
18016.0,7,1954.56,1207,115,32,648,279.22285714285715
18017.0,4,688.0,400,1,81,350,172.0
18018.0,4,297.99,186,43,108,312,74.4975
18019.0,1,38.45,7,5,52,0,38.45
18020.0,1,190.48000000000002,67,12,544,0,190.48000000000002
18021.0,2,216.41,168,32,510,2,108.205
18022.0,5,1507.25,1311,306,36,510,301.45
18024.0,2,389.78,184,21,153,0,194.89
18025.0,6,1177.72,1053,83,380,239,196.28666666666666
18026.0,2,2074.07,530,12,501,4,1037.035
18027.0,1,115.31,78,21,99,0,115.31
18028.0,1,192.05,133,4,583,0,192.05
18029.0,1,433.77,253,18,642,0,433.77
18030.0,2,230.64999999999998,67,8,4,38,115.32499999999999
18031.0,1,451.3,298,49,379,0,451.3
18032.0,1,73.5,42,5,334,0,73.5
18033.0,1,93.82000000000001,252,32,65,0,93.82000000000001
18034.0,3,754.2,951,182,22,353,251.4
18035.0,5,1260.23,1134,52,36,349,252.046
18036.0,11,1545.49,741,221,32,689,140.4990909090909
18037.0,15,167.42,37,31,154,583,11.161333333333333
18038.0,1,141.48,80,25,556,0,141.48
18039.0,4,548.22,555,137,374,266,137.055
18040.0,2,357.20000000000005,148,18,19,226,178.60000000000002
18041.0,38,8018.7699999999995,7316,464,12,683,211.02026315789473
18042.0,2,281.15,69,13,54,488,140.575
18043.0,3,529.29,265,106,25,342,176.42999999999998
18044.0,18,3505.61,1598,128,4,555,194.75611111111112
18045.0,1,178.34,138,43,45,0,178.34
18046.0,1,189.63,44,26,650,0,189.63
18047.0,2,326.09,130,74,381,0,163.045
18048.0,3,394.93,256,56,203,290,131.64333333333335
18049.0,2,500.92,402,82,437,153,250.46
18050.0,2,412.06,250,22,359,33,206.03
18051.0,7,2282.28,1661,41,634,96,326.04
18052.0,1,10877.18,17766,16,565,0,10877.18
18053.0,3,571.07,409,29,71,456,190.35666666666668
18054.0,1,176.5,96,11,393,0,176.5
18055.0,14,10142.64,3534,320,7,406,724.4742857142857
18056.0,2,554.6,334,28,288,330,277.3
18057.0,3,1188.46,970,121,393,297,396.15333333333336
18058.0,3,774.06,394,12,10,657,258.02
18059.0,3,306.46,258,17,23,44,102.15333333333332
18060.0,2,1185.46,902,74,408,156,592.73
18061.0,28,6083.81,3359,30,22,713,217.2789285714286
18062.0,6,1632.67,831,46,173,424,272.1116666666667
18063.0,2,186.60000000000002,48,2,391,242,93.30000000000001
18064.0,11,4481.83,2685,53,133,543,407.4390909090909
18065.0,29,5866.63,2265,193,6,724,202.29758620689657
18066.0,3,1440.4,535,37,75,340,480.1333333333334
18067.0,1,396.33,189,36,40,0,396.33
18068.0,1,101.7,6,1,289,0,101.7
18069.0,11,4464.92,3168,602,26,622,405.9018181818182
18070.0,1,314.1,86,9,669,0,314.1
18071.0,6,1169.68,678,52,258,477,194.9466666666667
18072.0,1,247.44,288,18,186,0,247.44
18073.0,12,3859.82,3102,23,114,82,321.6516666666667
18074.0,2,1019.44,361,37,374,131,509.72
18075.0,20,5783.29,3281,180,23,475,289.1645
18076.0,1,151.49,164,8,380,0,151.49
18077.0,18,4078.79,3020,141,8,724,226.59944444444443
18078.0,4,725.53,370,65,217,410,181.3825
18079.0,5,4203.93,8730,107,45,446,840.7860000000001
18080.0,2,1231.5,642,2,19,223,615.75
18081.0,3,343.45,195,14,36,97,114.48333333333333
18082.0,1,680.84,608,62,26,0,680.84
18083.0,1,463.53,268,36,398,0,463.53
18084.0,3,795.2299999999999,755,7,16,372,265.07666666666665
18085.0,4,1341.8500000000001,507,42,330,298,335.46250000000003
18086.0,1,101.34,106,7,274,0,101.34
18087.0,17,14761.52,7775,44,98,640,868.324705882353
18088.0,1,166.03,107,35,61,0,166.03
18089.0,1,428.45,95,9,447,0,428.45
18090.0,1,321.9,307,47,422,0,321.9
18091.0,1,360.85,539,25,593,0,360.85
18092.0,18,14693.72,8298,42,2,733,816.3177777777778
18093.0,8,4452.71,3429,43,93,525,556.58875
18094.0,13,6391.52,4164,55,82,619,491.65538461538466
18095.0,5,2303.09,1623,37,313,286,460.61800000000005
18096.0,6,1657.87,1409,299,12,501,276.31166666666667
18097.0,11,4627.92,2716,86,8,715,420.72
18098.0,1,527.94,215,85,396,0,527.94
18099.0,1,168.31,149,19,127,0,168.31
18100.0,1,451.56,440,30,550,0,451.56
18101.0,5,622.01,247,89,11,662,124.402
18102.0,145,580987.04,181645,382,1,738,4006.8071724137935
18103.0,1,105.8,23,10,549,0,105.8
18104.0,1,754.64,362,38,37,0,754.64
18105.0,1,113.48000000000002,46,18,38,0,113.48000000000002
18106.0,6,1441.06,506,126,330,364,240.17666666666665
18107.0,1,165.88,65,38,442,0,165.88
18108.0,3,848.8100000000001,261,43,254,483,282.93666666666667
18109.0,38,9555.71,4822,203,2,524,251.46605263157892
18110.0,2,392.28000000000003,169,58,20,391,196.14000000000001
18111.0,1,405.85,232,27,589,0,405.85
18112.0,4,773.36,443,59,12,539,193.34
18113.0,1,76.32000000000001,72,1,369,0,76.32000000000001
18114.0,1,220.1,55,28,290,0,220.1
18115.0,1,9.700000000000001,3,3,698,0,9.700000000000001
18116.0,13,2134.4900000000002,1267,311,68,343,164.19153846153847
18117.0,1,315.65,605,68,26,0,315.65
18118.0,29,6221.02,3184,444,11,370,214.51793103448279
18119.0,1,180.7,124,29,368,0,180.7
18120.0,1,111.15,31,17,214,0,111.15
18121.0,2,653.3,438,28,149,5,326.65
18122.0,6,1793.06,1225,239,8,142,298.8433333333333
18123.0,3,666.64,616,53,24,489,222.21333333333334
18124.0,1,102.65,47,20,472,0,102.65
18125.0,4,1131.75,800,164,30,286,282.9375
18126.0,1,200.92000000000002,135,52,61,0,200.92000000000002
18127.0,4,556.13,250,56,19,384,139.0325
18128.0,1,399.29,216,42,537,0,399.29
18129.0,1,112.55000000000001,48,13,243,0,112.55000000000001
18130.0,3,1059.39,824,58,15,41,353.13000000000005
18131.0,1,222.95999999999998,552,4,632,0,222.95999999999998
18132.0,1,220.13,212,60,504,0,220.13
18133.0,1,931.5,1350,1,212,0,931.5
18134.0,2,445.0,128,27,598,96,222.5
18135.0,10,1249.6200000000001,753,23,29,605,124.96200000000002
18136.0,5,1631.3600000000001,860,77,63,387,326.27200000000005
18137.0,2,145.99,59,26,551,0,72.995
18138.0,1,152.65,38,8,295,0,152.65
18139.0,6,8438.34,5557,35,18,0,1406.39
18140.0,1,536.41,395,49,474,0,536.41
18141.0,2,882.47,433,38,402,187,441.235
18142.0,2,1019.52,1276,9,157,58,509.76
18143.0,2,1000.16,570,59,117,25,500.08
18144.0,19,4892.95,2144,51,8,715,257.5236842105263
18145.0,11,5609.74,5104,250,13,718,509.9763636363636
18146.0,2,160.35,153,10,141,79,80.175
18147.0,2,179.34,203,7,46,62,89.67
18148.0,1,112.85000000000001,63,9,647,0,112.85000000000001
18149.0,7,1553.96,869,54,51,584,221.99428571428572
18150.0,3,566.58,332,29,32,169,188.86
18151.0,6,1879.44,986,99,135,511,313.24
18152.0,1,426.69,75,10,646,0,426.69
18153.0,1,246.22,200,17,659,0,246.22
18154.0,5,932.6,626,34,3,487,186.52
18155.0,3,371.62,266,19,75,216,123.87333333333333
18156.0,2,675.64,283,100,13,356,337.82
18157.0,1,213.9,145,25,571,0,213.9
18158.0,2,453.4,354,24,9,79,226.7
18159.0,1,530.15,139,23,301,0,530.15
18160.0,3,1003.88,519,56,57,328,334.62666666666667
18161.0,6,1803.1000000000001,965,57,15,364,300.5166666666667
18162.0,1,371.51,332,45,732,0,371.51
18163.0,1,728.84,452,33,584,0,728.84
18164.0,1,399.65,184,24,37,0,399.65
18165.0,1,302.46,254,10,177,0,302.46
18166.0,1,175.5,90,10,624,0,175.5
18167.0,3,1384.8600000000001,382,24,23,82,461.62000000000006
18168.0,16,3435.5,1995,209,176,560,214.71875
18169.0,1,202.65,61,9,61,0,202.65
18170.0,9,2878.0,1184,59,33,667,319.77777777777777
18171.0,9,2437.31,991,76,59,644,270.8122222222222
18172.0,52,17467.24,7407,176,15,714,335.90846153846155
18173.0,5,2696.36,1730,34,87,526,539.272
18174.0,2,162.5,80,1,7,596,81.25
18175.0,1,176.1,70,7,676,0,176.1
18176.0,1,476.35,283,30,358,0,476.35
18177.0,9,2216.32,1238,66,31,692,246.2577777777778
18178.0,11,6103.74,3850,204,129,530,554.8854545454545
18179.0,8,2547.55,1811,101,9,654,318.44375
18180.0,6,1843.75,1721,108,5,137,307.2916666666667
18181.0,5,1188.34,510,139,24,710,237.66799999999998
18182.0,1,291.13,167,10,463,0,291.13
18183.0,2,632.07,371,36,227,47,316.035
18184.0,1,49.8,60,1,15,0,49.8
18185.0,1,304.25,183,17,249,0,304.25
18186.0,1,329.58000000000004,338,11,723,0,329.58000000000004
18187.0,1,724.89,310,48,632,0,724.89
18188.0,6,3280.59,1888,95,15,608,546.765
18189.0,3,1403.73,836,79,78,548,467.91
18190.0,5,745.62,490,34,192,525,149.124
18191.0,2,529.4,332,15,262,215,264.7
18192.0,1,957.97,339,45,72,0,957.97
18193.0,3,1207.35,926,66,165,277,402.45
18194.0,6,4162.04,1774,23,82,597,693.6733333333333
18195.0,1,101.16,60,5,387,0,101.16
18196.0,4,1457.19,1038,210,95,537,364.2975
18197.0,1,230.1,166,9,576,0,230.1
18198.0,17,5425.56,4074,81,4,332,319.15058823529415
18199.0,1,344.75,99,20,684,0,344.75
18200.0,1,150.35,104,29,106,0,150.35
18201.0,1,447.53000000000003,191,27,723,0,447.53000000000003
18202.0,3,1396.99,581,55,200,111,465.66333333333336
18203.0,4,492.52,111,40,157,573,123.13
18204.0,3,1975.35,1190,159,71,121,658.4499999999999
18205.0,2,517.36,192,30,36,38,258.68
18206.0,1,314.65999999999997,246,19,553,0,314.65999999999997
18207.0,1,544.47,325,31,499,0,544.47
18208.0,1,360.08,82,17,566,0,360.08
18209.0,1,139.10000000000002,58,8,29,0,139.10000000000002
18210.0,7,2768.83,1499,116,2,381,395.54714285714283
18211.0,5,600.07,359,37,26,252,120.01400000000001
18212.0,2,514.37,158,40,326,351,257.185
18213.0,1,232.48000000000002,232,15,237,0,232.48000000000002
18214.0,4,1780.34,989,38,531,23,445.085
18215.0,5,2232.4900000000002,1131,53,89,534,446.49800000000005
18216.0,1,481.75,200,26,31,0,481.75
18217.0,4,945.04,740,33,29,496,236.26
18218.0,4,1121.84,1028,25,211,448,280.46
18219.0,17,3352.7000000000003,1586,87,3,729,197.21764705882356
18220.0,6,1921.76,1352,17,227,497,320.29333333333335
18221.0,6,1424.94,1000,71,22,367,237.49
18222.0,1,443.0,335,19,93,0,443.0
18223.0,26,14000.85,6644,192,5,730,538.4942307692307
18224.0,1,158.95000000000002,69,10,264,0,158.95000000000002
18225.0,26,13014.8,7282,266,3,731,500.5692307692307
18226.0,26,11878.88,7883,299,44,600,456.88
18227.0,2,388.75,22,6,218,266,194.375
18228.0,2,779.9,238,23,57,22,389.95
18229.0,28,10150.51,3071,73,12,724,362.5182142857143
18230.0,9,4291.06,1996,42,9,516,476.7844444444445
18231.0,28,6854.17,2915,218,192,506,244.7917857142857
18232.0,4,592.97,302,31,82,115,148.2425
18233.0,1,440.0,4,1,326,0,440.0
18234.0,1,179.6,80,30,552,0,179.6
18235.0,3,1796.48,1578,100,72,145,598.8266666666667
18236.0,12,1795.3500000000001,696,80,30,573,149.6125
18237.0,5,987.1,622,40,3,131,197.42000000000002
18238.0,1,270.92,114,14,515,0,270.92
18239.0,6,1712.26,844,85,219,204,285.37666666666667
18240.0,1,422.58,126,6,46,0,422.58
18241.0,21,2986.9900000000002,1471,101,10,608,142.23761904761906
18242.0,8,3605.21,2021,113,72,625,450.65125
18243.0,1,515.78,221,26,414,0,515.78
18244.0,2,568.64,856,19,431,72,284.32
18245.0,20,6324.9800000000005,5098,336,7,633,316.249
18246.0,3,758.8199999999999,214,3,24,586,252.93999999999997
18247.0,3,839.73,335,28,415,216,279.91
18248.0,2,804.02,511,39,123,63,402.01
18249.0,1,95.34,128,8,17,0,95.34
18250.0,1,349.27,199,21,310,0,349.27
18251.0,9,26278.86,39639,87,87,630,2919.8733333333334
18252.0,7,1533.69,932,125,51,670,219.09857142857143
18253.0,1,317.88,128,7,643,0,317.88
18254.0,1,267.9,188,16,581,0,267.9
18255.0,2,303.15,201,16,89,366,151.575
18256.0,1,110.69999999999999,180,10,388,0,110.69999999999999
18257.0,12,4600.15,2369,219,39,619,383.3458333333333
18258.0,6,2059.67,1981,30,464,108,343.27833333333336
18259.0,7,3941.9,1274,51,25,707,563.1285714285715
18260.0,23,9947.26,5244,212,173,551,432.4895652173913
18261.0,2,324.24,146,19,43,52,162.12
18262.0,3,577.54,552,40,140,462,192.51333333333332
18263.0,3,1213.16,1468,59,26,226,404.3866666666667
18264.0,1,603.25,241,36,499,0,603.25
18265.0,2,801.51,311,44,72,85,400.755
18266.0,1,251.1,138,14,434,0,251.1
18267.0,1,269.37,135,17,673,0,269.37
18268.0,6,1490.23,711,36,134,594,248.37166666666667
18269.0,1,168.6,76,7,366,0,168.6
18270.0,3,444.55,209,17,38,394,148.18333333333334
18271.0,2,680.85,319,19,610,121,340.425
18272.0,9,4385.9800000000005,2880,145,3,642,487.33111111111117
18273.0,4,357.0,140,1,2,588,89.25
18274.0,1,175.92,88,11,30,0,175.92
18275.0,2,741.85,417,19,578,152,370.925
18276.0,6,1656.52,1246,81,44,685,276.08666666666664
18277.0,5,1180.05,449,53,58,436,236.01
18278.0,2,414.20000000000005,140,22,74,330,207.10000000000002
18279.0,1,231.34,630,13,519,0,231.34
18280.0,2,488.15000000000003,194,28,278,116,244.07500000000002
18281.0,2,201.14,146,17,181,397,100.57
18282.0,2,178.05,103,12,8,118,89.025
18283.0,22,2664.9,1679,352,4,654,121.13181818181819
18284.0,1,461.68,494,28,432,0,461.68
18285.0,1,427.0,145,12,661,0,427.0
18286.0,2,1296.43,608,67,477,247,648.215
18287.0,7,4182.99,3013,120,43,528,597.5699999999999
