CustomerID,Number_of_Orders,Total_Spend,Days_Since_Last_Purchase,cluster,cluster_name
12346.0,12,77556.46,326,1,Revenue Drivers
12347.0,8,4921.53,2,1,Revenue Drivers
12348.0,5,2019.4,75,0,Retention Risk Customers
12349.0,4,4428.69,19,1,Revenue Drivers
12350.0,1,334.4,310,2,Inactive
12351.0,1,300.93,375,2,Inactive
12352.0,10,2849.84,36,1,Revenue Drivers
12353.0,2,406.76,204,2,Inactive
12354.0,1,1079.4,232,0,Retention Risk Customers
12355.0,2,947.61,214,0,Retention Risk Customers
12356.0,6,6371.73,23,1,Revenue Drivers
12357.0,3,18287.66,33,1,Revenue Drivers
12358.0,5,3887.07,2,1,Revenue Drivers
12359.0,10,8873.39,58,1,Revenue Drivers
12360.0,8,4252.89,52,1,Revenue Drivers
12361.0,4,511.25,287,0,Retention Risk Customers
12362.0,11,5356.2300000000005,3,1,Revenue Drivers
12363.0,2,552.0,110,3,Growth Segment
12364.0,4,1313.1,8,3,Growth Segment
12365.0,2,641.38,291,0,Retention Risk Customers
12366.0,1,500.24,634,2,Inactive
12367.0,1,168.9,4,3,Growth Segment
12368.0,1,917.7,628,0,Retention Risk Customers
12369.0,3,1791.15,413,0,Retention Risk Customers
12370.0,7,4316.56,51,1,Revenue Drivers
12371.0,5,4067.38,45,1,Revenue Drivers
12372.0,3,1298.04,72,3,Growth Segment
12373.0,3,1127.65,311,0,Retention Risk Customers
12374.0,4,2989.2200000000003,25,1,Revenue Drivers
12375.0,2,457.5,11,3,Growth Segment
12376.0,2,503.15,390,0,Retention Risk Customers
12377.0,4,3426.32,315,0,Retention Risk Customers
12378.0,2,5416.32,130,0,Retention Risk Customers
12379.0,4,1620.22,82,0,Retention Risk Customers
12380.0,11,9676.3,22,1,Revenue Drivers
12381.0,5,1845.31,5,1,Revenue Drivers
12383.0,5,1850.56,185,0,Retention Risk Customers
12384.0,2,585.27,29,3,Growth Segment
12385.0,1,1938.4,379,0,Retention Risk Customers
12386.0,2,401.9,338,2,Inactive
12387.0,1,143.94,415,2,Inactive
12388.0,8,3901.11,16,1,Revenue Drivers
12389.0,3,1433.33,403,0,Retention Risk Customers
12390.0,1,549.84,80,3,Growth Segment
12391.0,6,2724.84,22,1,Revenue Drivers
12392.0,1,234.75000000000003,591,2,Inactive
12393.0,6,2399.45,72,1,Revenue Drivers
12394.0,2,1272.48,64,3,Growth Segment
12395.0,15,4721.17,19,1,Revenue Drivers
12396.0,1,931.43,674,0,Retention Risk Customers
12397.0,2,2409.9,36,3,Growth Segment
12398.0,1,1635.66,46,3,Growth Segment
12399.0,7,1962.3,119,0,Retention Risk Customers
12400.0,1,205.25,414,2,Inactive
12401.0,1,84.3,303,2,Inactive
12402.0,6,1256.9,323,0,Retention Risk Customers
12403.0,2,1019.36,50,3,Growth Segment
12404.0,1,63.24,682,2,Inactive
12405.0,1,1710.39,149,0,Retention Risk Customers
12406.0,5,6390.36,22,1,Revenue Drivers
12407.0,5,1708.12,50,3,Growth Segment
12408.0,8,4340.77,33,1,Revenue Drivers
12409.0,7,23419.29,79,1,Revenue Drivers
12410.0,3,1013.71,309,0,Retention Risk Customers
12411.0,1,346.9,410,2,Inactive
12412.0,6,2596.93,75,1,Revenue Drivers
12413.0,4,999.45,67,3,Growth Segment
12414.0,6,952.41,217,0,Retention Risk Customers
12415.0,28,144458.37,24,1,Revenue Drivers
12416.0,1,202.56,657,2,Inactive
12417.0,20,6797.41,3,1,Revenue Drivers
12418.0,4,2021.2,113,0,Retention Risk Customers
12419.0,2,503.01,386,0,Retention Risk Customers
12420.0,1,600.39,64,3,Growth Segment
12421.0,6,1098.6,16,3,Growth Segment
12422.0,17,5231.8,96,1,Revenue Drivers
12423.0,10,2622.39,1,1,Revenue Drivers
12424.0,4,3340.0299999999997,163,0,Retention Risk Customers
12425.0,2,1741.41,78,3,Growth Segment
12426.0,2,1345.21,195,0,Retention Risk Customers
12427.0,3,825.8,22,3,Growth Segment
12428.0,9,7956.46,26,1,Revenue Drivers
12429.0,8,6204.41,9,1,Revenue Drivers
12430.0,1,256.4,43,3,Growth Segment
12431.0,27,10432.22,36,1,Revenue Drivers
12432.0,5,5059.32,43,1,Revenue Drivers
12433.0,10,16794.14,1,1,Revenue Drivers
12434.0,3,1103.43,85,3,Growth Segment
12435.0,6,13925.93,80,1,Revenue Drivers
12436.0,1,509.01,100,3,Growth Segment
12437.0,39,12683.4,2,1,Revenue Drivers
12438.0,2,2906.85,14,3,Growth Segment
12439.0,2,1142.88,683,0,Retention Risk Customers
12440.0,2,859.2,462,0,Retention Risk Customers
12441.0,1,173.55,367,2,Inactive
12442.0,1,172.06,3,3,Growth Segment
12443.0,1,485.31,732,2,Inactive
12444.0,5,5005.46,21,1,Revenue Drivers
12445.0,2,434.98,22,3,Growth Segment
12446.0,1,1002.31,58,3,Growth Segment
12447.0,1,476.49,243,2,Inactive
12448.0,1,449.45,44,3,Growth Segment
12449.0,6,4835.89,22,1,Revenue Drivers
12450.0,5,688.2,156,0,Retention Risk Customers
12451.0,8,12669.88,11,1,Revenue Drivers
12452.0,2,430.57,17,3,Growth Segment
12453.0,1,707.09,134,3,Growth Segment
12454.0,5,16679.78,56,1,Revenue Drivers
12455.0,10,5879.95,73,1,Revenue Drivers
12456.0,3,3181.04,44,1,Revenue Drivers
12457.0,8,2995.91,66,1,Revenue Drivers
12458.0,4,1777.49,71,0,Retention Risk Customers
12459.0,1,454.36,605,2,Inactive
12460.0,1,326.65,456,2,Inactive
12461.0,2,826.88,94,3,Growth Segment
12462.0,2,1189.59,19,3,Growth Segment
12463.0,4,1344.78,53,3,Growth Segment
12464.0,8,1212.05,10,3,Growth Segment
12465.0,2,742.1899999999999,17,3,Growth Segment
12466.0,1,56.73,682,2,Inactive
12467.0,1,132.8,423,2,Inactive
12468.0,5,3670.74,188,0,Retention Risk Customers
12469.0,2,3070.54,523,0,Retention Risk Customers
12470.0,1,211.95,690,2,Inactive
12471.0,79,39918.19,2,1,Revenue Drivers
12472.0,19,16249.29,32,1,Revenue Drivers
12473.0,5,3928.05,29,1,Revenue Drivers
12474.0,31,12372.75,17,1,Revenue Drivers
12475.0,2,1149.64,54,3,Growth Segment
12476.0,23,14083.91,16,1,Revenue Drivers
12477.0,9,20276.37,23,1,Revenue Drivers
12478.0,1,680.99,4,3,Growth Segment
12479.0,1,527.2,11,3,Growth Segment
12480.0,7,5464.85,28,1,Revenue Drivers
12481.0,15,12185.51,23,1,Revenue Drivers
12482.0,29,23691.4,576,1,Revenue Drivers
12483.0,19,5097.18,17,1,Revenue Drivers
12484.0,12,6354.1,33,1,Revenue Drivers
12485.0,1,708.1,529,0,Retention Risk Customers
12486.0,1,1037.28,432,0,Retention Risk Customers
12487.0,1,285.3,731,2,Inactive
12488.0,3,1298.66,10,3,Growth Segment
12489.0,1,334.93,336,2,Inactive
12490.0,21,9823.64,5,1,Revenue Drivers
12491.0,1,460.4,39,3,Growth Segment
12492.0,3,715.21,63,3,Growth Segment
12493.0,2,433.74,166,0,Retention Risk Customers
12494.0,9,1815.27,16,1,Revenue Drivers
12495.0,1,357.4,641,2,Inactive
12496.0,2,45.34,620,2,Inactive
12497.0,3,6248.5,82,1,Revenue Drivers
12498.0,3,403.7000000000001,21,3,Growth Segment
12499.0,1,393.72,560,2,Inactive
12500.0,19,5955.21,23,1,Revenue Drivers
12501.0,1,2169.39,337,0,Retention Risk Customers
12502.0,5,3723.87,96,1,Revenue Drivers
12503.0,1,1126.0,584,0,Retention Risk Customers
12504.0,4,779.05,18,3,Growth Segment
12505.0,1,955.2,409,0,Retention Risk Customers
12506.0,1,73.5,233,2,Inactive
12507.0,4,1844.06,134,0,Retention Risk Customers
12508.0,2,397.88,26,3,Growth Segment
12509.0,1,176.5,284,2,Inactive
12510.0,9,5178.02,143,1,Revenue Drivers
12511.0,1,3084.02,429,0,Retention Risk Customers
12512.0,2,132.18,66,2,Inactive
12513.0,1,612.29,113,3,Growth Segment
12514.0,2,1597.76,267,0,Retention Risk Customers
12515.0,1,383.7,353,2,Inactive
12516.0,4,2648.62,78,1,Revenue Drivers
12517.0,5,2481.6,28,1,Revenue Drivers
12518.0,5,2056.89,1,1,Revenue Drivers
12519.0,2,716.54,64,3,Growth Segment
12520.0,5,2634.26,79,1,Revenue Drivers
12521.0,1,599.68,143,2,Inactive
12522.0,2,192.72,39,3,Growth Segment
12523.0,23,4352.35,19,1,Revenue Drivers
12524.0,17,11126.11,9,1,Revenue Drivers
12525.0,3,973.73,498,0,Retention Risk Customers
12526.0,3,1316.66,1,3,Growth Segment
12527.0,5,735.51,82,3,Growth Segment
12528.0,6,1933.48,9,1,Revenue Drivers
12529.0,1,316.48,528,2,Inactive
12530.0,9,3759.26,60,1,Revenue Drivers
12531.0,2,1933.2,15,3,Growth Segment
12532.0,1,349.83000000000004,30,3,Growth Segment
12533.0,2,1367.89,628,0,Retention Risk Customers
12534.0,1,1089.18,131,0,Retention Risk Customers
12535.0,2,716.35,92,3,Growth Segment
12536.0,3,12601.830000000002,43,1,Revenue Drivers
12537.0,1,732.94,409,0,Retention Risk Customers
12538.0,2,640.45,29,3,Growth Segment
12539.0,7,11214.75,22,1,Revenue Drivers
12540.0,33,22254.49,20,1,Revenue Drivers
12541.0,3,981.18,30,3,Growth Segment
12542.0,2,481.88,484,0,Retention Risk Customers
12543.0,1,980.25,448,0,Retention Risk Customers
12544.0,1,372.7,36,3,Growth Segment
12545.0,2,1000.39,75,3,Growth Segment
12546.0,2,1161.5,47,3,Growth Segment
12547.0,3,383.58,198,0,Retention Risk Customers
12548.0,1,95.2,166,2,Inactive
12549.0,6,1575.68,576,0,Retention Risk Customers
12550.0,1,964.83,79,3,Growth Segment
12551.0,1,168.0,358,2,Inactive
12552.0,2,437.82,39,3,Growth Segment
12553.0,12,4608.75,8,1,Revenue Drivers
12554.0,1,468.5,449,2,Inactive
12555.0,1,129.23,682,2,Inactive
12556.0,2,599.56,50,3,Growth Segment
12557.0,8,18096.14,16,1,Revenue Drivers
12558.0,1,269.96,8,3,Growth Segment
12559.0,2,561.71,311,0,Retention Risk Customers
12560.0,3,2134.01,5,3,Growth Segment
12561.0,1,238.85,303,2,Inactive
12562.0,9,4966.92,8,1,Revenue Drivers
12563.0,1,249.24,409,2,Inactive
12564.0,1,456.9,261,2,Inactive
12565.0,1,145.92,289,2,Inactive
12566.0,1,351.65,86,2,Inactive
12567.0,15,11767.48,23,1,Revenue Drivers
12568.0,1,70.0,645,2,Inactive
12569.0,32,4124.69,2,1,Revenue Drivers
12570.0,1,77.52,682,2,Inactive
12571.0,2,519.61,40,3,Growth Segment
12572.0,2,1020.42,9,3,Growth Segment
12573.0,5,717.41,227,0,Retention Risk Customers
12574.0,1,218.45,316,2,Inactive
12575.0,2,622.82,457,0,Retention Risk Customers
12576.0,8,2142.72,36,1,Revenue Drivers
12577.0,8,1617.1,35,1,Revenue Drivers
12578.0,4,4642.45,21,1,Revenue Drivers
12579.0,1,440.42,78,3,Growth Segment
12580.0,2,1052.9,247,0,Retention Risk Customers
12581.0,1,197.71,40,2,Inactive
12582.0,4,1980.4,239,0,Retention Risk Customers
12583.0,27,13591.58,3,1,Revenue Drivers
12584.0,9,2338.15,4,1,Revenue Drivers
12585.0,2,2040.1,234,0,Retention Risk Customers
12586.0,4,2062.67,17,1,Revenue Drivers
12587.0,1,144.0,8,3,Growth Segment
12588.0,4,958.78,39,3,Growth Segment
12589.0,8,4695.66,29,1,Revenue Drivers
12590.0,2,9864.26,211,0,Retention Risk Customers
12591.0,3,1338.95,317,0,Retention Risk Customers
12592.0,5,2582.66,92,1,Revenue Drivers
12593.0,3,418.1,109,3,Growth Segment
12594.0,15,5090.11,38,1,Revenue Drivers
12595.0,1,299.02,505,2,Inactive
12596.0,2,618.27,51,3,Growth Segment
12597.0,4,3811.22,19,1,Revenue Drivers
12598.0,11,4534.09,10,1,Revenue Drivers
12599.0,13,2296.72,29,1,Revenue Drivers
12600.0,21,4967.42,29,1,Revenue Drivers
12601.0,6,681.26,190,0,Retention Risk Customers
12602.0,1,153.12,59,2,Inactive
12603.0,1,739.1999999999999,22,3,Growth Segment
12604.0,2,254.18,79,3,Growth Segment
12605.0,4,1232.95,376,0,Retention Risk Customers
12606.0,1,21.0,682,2,Inactive
12607.0,1,1579.51,60,3,Growth Segment
12608.0,1,415.79,405,2,Inactive
12609.0,9,3435.86,78,1,Revenue Drivers
12610.0,5,2099.54,23,1,Revenue Drivers
12611.0,1,1193.32,52,3,Growth Segment
12612.0,1,704.04,74,3,Growth Segment
12613.0,10,6817.37,57,1,Revenue Drivers
12614.0,1,315.6,278,2,Inactive
12615.0,8,5740.98,2,1,Revenue Drivers
12616.0,3,1131.1,95,0,Retention Risk Customers
12617.0,1,352.98,29,3,Growth Segment
12618.0,1,177.31,22,3,Growth Segment
12619.0,10,3781.38,16,1,Revenue Drivers
12620.0,3,1339.41,15,3,Growth Segment
12621.0,35,24311.2,2,1,Revenue Drivers
12622.0,1,180.1,232,2,Inactive
12623.0,7,3747.84,276,0,Retention Risk Customers
12624.0,2,641.13,106,3,Growth Segment
12625.0,4,5164.88,212,0,Retention Risk Customers
12626.0,9,6620.48,23,1,Revenue Drivers
12627.0,7,4478.53,11,1,Revenue Drivers
12628.0,3,786.46,4,3,Growth Segment
12629.0,2,1558.22,386,0,Retention Risk Customers
12630.0,2,1270.88,10,3,Growth Segment
12631.0,6,3481.57,57,1,Revenue Drivers
12632.0,2,804.88,521,0,Retention Risk Customers
12633.0,7,5678.16,59,1,Revenue Drivers
12634.0,2,490.0,536,0,Retention Risk Customers
12635.0,4,2930.41,90,1,Revenue Drivers
12636.0,1,141.0,739,2,Inactive
12637.0,12,8283.81,67,1,Revenue Drivers
12638.0,2,921.49,33,3,Growth Segment
12639.0,3,1312.37,239,0,Retention Risk Customers
12640.0,3,1174.58,24,3,Growth Segment
12641.0,1,185.9,115,2,Inactive
12642.0,3,1013.26,25,3,Growth Segment
12643.0,12,8304.82,128,1,Revenue Drivers
12644.0,4,1918.49,130,0,Retention Risk Customers
12645.0,8,3539.3,34,1,Revenue Drivers
12646.0,2,1346.97,5,3,Growth Segment
12647.0,36,16955.55,22,1,Revenue Drivers
12648.0,4,1112.0,155,0,Retention Risk Customers
12649.0,8,2294.65,107,1,Revenue Drivers
12650.0,1,314.44,3,3,Growth Segment
12651.0,4,377.75,335,0,Retention Risk Customers
12652.0,2,1017.03,331,0,Retention Risk Customers
12653.0,3,4160.83,149,0,Retention Risk Customers
12654.0,5,601.98,11,3,Growth Segment
12655.0,1,261.35,424,2,Inactive
12656.0,8,6407.83,17,1,Revenue Drivers
12657.0,4,1643.18,11,3,Growth Segment
12658.0,1,686.05,19,3,Growth Segment
12659.0,1,91.68,30,2,Inactive
12660.0,1,245.1,11,3,Growth Segment
12661.0,1,162.0,436,2,Inactive
12662.0,20,6726.54,1,1,Revenue Drivers
12663.0,2,239.4,625,2,Inactive
12664.0,11,6070.04,8,1,Revenue Drivers
12665.0,3,313.6,325,2,Inactive
12666.0,1,1248.42,394,0,Retention Risk Customers
12667.0,1,620.13,58,3,Growth Segment
12668.0,10,11383.03,12,1,Revenue Drivers
12669.0,3,2744.0299999999997,151,0,Retention Risk Customers
12670.0,7,3760.29,10,1,Revenue Drivers
12671.0,1,2622.481,606,0,Retention Risk Customers
12672.0,2,437.05,330,2,Inactive
12673.0,3,1230.02,5,3,Growth Segment
12674.0,4,1970.6,39,3,Growth Segment
12675.0,2,957.25,554,0,Retention Risk Customers
12676.0,11,2843.09,25,1,Revenue Drivers
12677.0,2,395.1,555,2,Inactive
12678.0,21,34281.18,42,1,Revenue Drivers
12679.0,4,1113.02,59,3,Growth Segment
12680.0,4,880.81,1,3,Growth Segment
12681.0,45,29834.76,15,1,Revenue Drivers
12682.0,52,22950.22,4,1,Revenue Drivers
12683.0,21,11633.7,4,1,Revenue Drivers
12684.0,7,2283.63,8,1,Revenue Drivers
12685.0,6,2863.08,28,1,Revenue Drivers
12686.0,1,89.14,372,2,Inactive
12687.0,2,2138.91,481,0,Retention Risk Customers
12688.0,1,4873.8099999999995,114,0,Retention Risk Customers
12689.0,2,1247.61,26,3,Growth Segment
12690.0,1,389.01,206,2,Inactive
12691.0,7,1170.4,28,3,Growth Segment
12692.0,1,110.95,637,2,Inactive
12693.0,7,1703.02,127,0,Retention Risk Customers
12694.0,3,1843.35,70,3,Growth Segment
12695.0,7,1407.12,7,3,Growth Segment
12696.0,2,851.91,435,0,Retention Risk Customers
12697.0,3,957.59,29,3,Growth Segment
12698.0,1,339.75,590,2,Inactive
12699.0,1,638.11,418,2,Inactive
12700.0,4,4939.99,8,1,Revenue Drivers
12701.0,6,2446.41,80,1,Revenue Drivers
12702.0,1,219.0,20,3,Growth Segment
12703.0,4,1006.53,71,3,Growth Segment
12704.0,8,2340.84,7,1,Revenue Drivers
12705.0,14,11762.1,15,1,Revenue Drivers
12707.0,1,603.42,292,2,Inactive
12708.0,18,5117.66,30,1,Revenue Drivers
12709.0,34,30291.76,15,1,Revenue Drivers
12710.0,3,1149.02,97,0,Retention Risk Customers
12711.0,2,1339.05,612,0,Retention Risk Customers
12712.0,21,6723.03,29,1,Revenue Drivers
12713.0,1,848.55,1,3,Growth Segment
12714.0,12,14093.71,9,1,Revenue Drivers
12715.0,1,343.36,106,2,Inactive
12716.0,2,1053.49,4,3,Growth Segment
12717.0,3,1308.91,151,0,Retention Risk Customers
12718.0,1,238.25,71,2,Inactive
12719.0,2,644.95,5,3,Growth Segment
12720.0,30,7787.28,3,1,Revenue Drivers
12721.0,8,4013.08,32,1,Revenue Drivers
12722.0,4,997.63,85,3,Growth Segment
12723.0,5,725.07,4,3,Growth Segment
12724.0,7,2317.52,5,1,Revenue Drivers
12725.0,4,2266.76,371,0,Retention Risk Customers
12726.0,11,4014.6,28,1,Revenue Drivers
12727.0,10,5679.53,11,1,Revenue Drivers
12728.0,5,1070.17,71,3,Growth Segment
12729.0,1,453.01,114,2,Inactive
12730.0,1,829.25,522,0,Retention Risk Customers
12731.0,17,25775.71,24,1,Revenue Drivers
12732.0,1,236.26,180,2,Inactive
12733.0,4,2424.87,234,0,Retention Risk Customers
12734.0,3,639.65,353,0,Retention Risk Customers
12735.0,2,779.5699999999999,315,0,Retention Risk Customers
12736.0,1,234.0,333,2,Inactive
12737.0,2,3710.5,499,0,Retention Risk Customers
12738.0,1,155.35,372,2,Inactive
12739.0,4,2726.73,78,1,Revenue Drivers
12740.0,1,427.6,64,3,Growth Segment
12741.0,2,406.07,529,2,Inactive
12742.0,1,1201.52,626,0,Retention Risk Customers
12743.0,2,540.13,134,0,Retention Risk Customers
12744.0,11,25317.06,52,1,Revenue Drivers
12745.0,3,925.41,487,0,Retention Risk Customers
12746.0,1,254.55,541,2,Inactive
12747.0,26,8898.48,2,1,Revenue Drivers
12748.0,336,53539.64,1,1,Revenue Drivers
12749.0,9,6897.36,4,1,Revenue Drivers
12750.0,1,275.88,129,2,Inactive
12751.0,1,268.27,445,2,Inactive
12752.0,1,4366.78,81,0,Retention Risk Customers
12753.0,6,21429.39,23,1,Revenue Drivers
12754.0,3,3010.74,236,0,Retention Risk Customers
12755.0,11,5236.26,281,1,Revenue Drivers
12756.0,1,112.08,87,2,Inactive
12757.0,13,7834.650000000001,16,1,Revenue Drivers
12758.0,7,9903.24,117,1,Revenue Drivers
12759.0,8,5020.74,52,1,Revenue Drivers
12760.0,1,347.8,456,2,Inactive
12761.0,2,782.95,458,0,Retention Risk Customers
12762.0,2,1898.52,8,3,Growth Segment
12763.0,2,494.08,138,0,Retention Risk Customers
12764.0,1,1693.88,317,0,Retention Risk Customers
12765.0,6,1404.58,472,0,Retention Risk Customers
12766.0,9,8918.99,4,1,Revenue Drivers
12767.0,1,949.82,376,0,Retention Risk Customers
12768.0,1,168.69,451,2,Inactive
12769.0,1,1143.6,239,0,Retention Risk Customers
12770.0,2,3246.45,211,0,Retention Risk Customers
12771.0,1,282.3,486,2,Inactive
12772.0,1,892.47,60,3,Growth Segment
12773.0,1,124.25,564,2,Inactive
12774.0,1,98.7,536,2,Inactive
12775.0,7,1686.12,17,1,Revenue Drivers
12776.0,1,55.5,668,2,Inactive
12777.0,1,519.45,458,2,Inactive
12778.0,9,1775.6799999999998,20,1,Revenue Drivers
12779.0,14,6474.11,38,1,Revenue Drivers
12780.0,1,337.4,599,2,Inactive
12781.0,2,826.74,64,3,Growth Segment
12782.0,11,4618.24,5,1,Revenue Drivers
12783.0,6,2225.91,2,1,Revenue Drivers
12784.0,3,1763.15,9,3,Growth Segment
12785.0,3,1100.4,364,0,Retention Risk Customers
12786.0,1,728.5,610,0,Retention Risk Customers
12787.0,4,862.18,10,3,Growth Segment
12788.0,4,444.9,463,0,Retention Risk Customers
12789.0,3,273.35,65,3,Growth Segment
12790.0,2,591.85,192,0,Retention Risk Customers
12791.0,6,863.51,374,0,Retention Risk Customers
12792.0,2,827.01,257,0,Retention Risk Customers
12793.0,3,885.53,335,0,Retention Risk Customers
12794.0,2,860.41,53,3,Growth Segment
12795.0,1,430.48,19,3,Growth Segment
12796.0,1,381.0,628,2,Inactive
12797.0,2,552.08,366,0,Retention Risk Customers
12798.0,4,8510.93,10,1,Revenue Drivers
12799.0,1,219.35,529,2,Inactive
12800.0,3,584.25,470,0,Retention Risk Customers
12801.0,1,1071.82,501,0,Retention Risk Customers
12802.0,7,2416.42,187,0,Retention Risk Customers
12803.0,1,1092.81,393,0,Retention Risk Customers
12804.0,2,325.37,466,2,Inactive
12805.0,4,1434.95,382,0,Retention Risk Customers
12806.0,4,2878.96,435,0,Retention Risk Customers
12807.0,1,330.34999999999997,383,2,Inactive
12808.0,5,776.7,37,3,Growth Segment
12809.0,3,1755.94,178,0,Retention Risk Customers
12810.0,2,534.99,535,0,Retention Risk Customers
12811.0,5,1033.9,261,0,Retention Risk Customers
12812.0,1,229.64,45,2,Inactive
12813.0,3,1687.8,502,0,Retention Risk Customers
12814.0,1,125.92,102,2,Inactive
12815.0,2,1063.46,148,0,Retention Risk Customers
12816.0,2,572.2,96,3,Growth Segment
12817.0,3,690.98,281,0,Retention Risk Customers
12818.0,1,1542.08,262,0,Retention Risk Customers
12819.0,1,540.52,458,2,Inactive
12820.0,11,2689.52,3,1,Revenue Drivers
12821.0,2,220.8,214,2,Inactive
12822.0,2,948.88,71,3,Growth Segment
12823.0,18,6501.5,75,1,Revenue Drivers
12824.0,1,397.12,60,3,Growth Segment
12825.0,2,518.63,521,0,Retention Risk Customers
12826.0,12,2800.75,3,1,Revenue Drivers
12827.0,3,430.15,6,3,Growth Segment
12828.0,6,1018.71,3,3,Growth Segment
12829.0,3,385.3,337,0,Retention Risk Customers
12830.0,6,6814.64,38,1,Revenue Drivers
12831.0,3,451.11,262,0,Retention Risk Customers
12832.0,2,383.03,32,3,Growth Segment
12833.0,1,417.38,145,2,Inactive
12834.0,1,312.38,283,2,Inactive
12835.0,41,5996.83,428,1,Revenue Drivers
12836.0,15,6559.7300000000005,59,1,Revenue Drivers
12837.0,2,662.66,173,0,Retention Risk Customers
12838.0,10,2975.91,34,1,Revenue Drivers
12839.0,26,9669.12,3,1,Revenue Drivers
12840.0,7,4041.97,144,1,Revenue Drivers
12841.0,40,6958.2,5,1,Revenue Drivers
12842.0,4,1917.99,70,0,Retention Risk Customers
12843.0,30,6583.36,66,1,Revenue Drivers
12844.0,4,648.6,29,3,Growth Segment
12845.0,4,354.09000000000003,267,0,Retention Risk Customers
12846.0,1,15.58,682,2,Inactive
12847.0,2,1609.0,22,3,Growth Segment
12848.0,1,208.0,676,2,Inactive
12849.0,6,3042.4700000000003,31,1,Revenue Drivers
12850.0,1,330.0,446,2,Inactive
12851.0,2,280.76,97,2,Inactive
12852.0,1,311.55,295,2,Inactive
12853.0,11,3907.5,135,1,Revenue Drivers
12854.0,7,2970.9700000000003,79,1,Revenue Drivers
12855.0,4,612.84,373,0,Retention Risk Customers
12856.0,6,2170.78,8,1,Revenue Drivers
12857.0,6,3688.0,211,0,Retention Risk Customers
12858.0,1,147.27,383,2,Inactive
12859.0,1,575.1,459,2,Inactive
12860.0,1,54.22,693,2,Inactive
12861.0,1,68.25,620,2,Inactive
12862.0,2,984.62,426,0,Retention Risk Customers
12863.0,6,2792.55,52,1,Revenue Drivers
12864.0,2,299.57,138,2,Inactive
12865.0,4,3323.47,26,1,Revenue Drivers
12866.0,3,1227.35,283,0,Retention Risk Customers
12867.0,13,7829.26,26,1,Revenue Drivers
12868.0,8,2043.76,186,0,Retention Risk Customers
12869.0,1,337.66999999999996,682,2,Inactive
12870.0,3,1676.95,375,0,Retention Risk Customers
12871.0,3,744.02,84,3,Growth Segment
12872.0,12,3283.96,327,0,Retention Risk Customers
12873.0,3,2027.3,282,0,Retention Risk Customers
12874.0,2,948.42,385,0,Retention Risk Customers
12875.0,5,1356.9900000000002,143,0,Retention Risk Customers
12876.0,4,4081.79,58,1,Revenue Drivers
12877.0,20,2942.14,4,1,Revenue Drivers
12878.0,2,854.99,236,0,Retention Risk Customers
12879.0,3,573.22,45,3,Growth Segment
12880.0,2,640.13,382,0,Retention Risk Customers
12881.0,1,298.0,276,2,Inactive
12882.0,2,1463.04,9,3,Growth Segment
12883.0,4,703.47,25,3,Growth Segment
12884.0,1,309.05,88,2,Inactive
12885.0,3,1175.22,63,3,Growth Segment
12886.0,2,1378.4,68,3,Growth Segment
12887.0,1,222.4,384,2,Inactive
12888.0,2,354.12,214,2,Inactive
12889.0,4,385.46,381,0,Retention Risk Customers
12890.0,2,706.02,24,3,Growth Segment
12891.0,11,840.5,186,0,Retention Risk Customers
12892.0,1,263.38,397,2,Inactive
12893.0,1,176.55,31,2,Inactive
12894.0,1,157.35,575,2,Inactive
12895.0,2,372.8,42,3,Growth Segment
12897.0,4,514.25,205,0,Retention Risk Customers
12898.0,2,296.21,464,2,Inactive
12899.0,1,366.4,414,2,Inactive
12900.0,1,340.33000000000004,422,2,Inactive
12901.0,28,17654.54,9,1,Revenue Drivers
12902.0,1,138.68,265,2,Inactive
12903.0,1,833.5300000000001,429,0,Retention Risk Customers
12904.0,2,496.06,18,3,Growth Segment
12905.0,2,1018.42,577,0,Retention Risk Customers
12906.0,5,2919.81,12,1,Revenue Drivers
12907.0,2,508.91,396,0,Retention Risk Customers
12908.0,5,1776.0,176,0,Retention Risk Customers
12909.0,8,3103.19,40,1,Revenue Drivers
12910.0,13,5796.52,23,1,Revenue Drivers
12911.0,1,1651.72,552,0,Retention Risk Customers
12912.0,5,1662.3,3,3,Growth Segment
12913.0,13,6283.24,5,1,Revenue Drivers
12914.0,1,223.98,401,2,Inactive
12915.0,4,975.1,149,0,Retention Risk Customers
12916.0,7,4479.73,139,1,Revenue Drivers
12917.0,6,4359.2,128,1,Revenue Drivers
12918.0,1,10953.5,626,0,Retention Risk Customers
12919.0,6,1335.19,8,3,Growth Segment
12920.0,4,486.64,17,3,Growth Segment
12921.0,74,35233.24,9,1,Revenue Drivers
12922.0,1,405.38,161,2,Inactive
12923.0,3,770.42,64,3,Growth Segment
12924.0,12,2469.4,88,1,Revenue Drivers
12925.0,3,729.3299999999999,5,3,Growth Segment
12926.0,4,1523.97,411,0,Retention Risk Customers
12927.0,1,197.31,395,2,Inactive
12928.0,12,4304.89,35,1,Revenue Drivers
12929.0,1,117.85,312,2,Inactive
12930.0,2,415.8,78,3,Growth Segment
12931.0,57,92347.34,22,1,Revenue Drivers
12932.0,8,1698.56,539,0,Retention Risk Customers
12933.0,8,1636.63,24,1,Revenue Drivers
12934.0,1,181.65,737,2,Inactive
12935.0,15,4243.86,2,1,Revenue Drivers
12936.0,4,1063.9,17,3,Growth Segment
12937.0,9,3097.61,15,1,Revenue Drivers
12938.0,1,114.14,26,2,Inactive
12939.0,20,25264.8,64,1,Revenue Drivers
12940.0,2,899.69,55,3,Growth Segment
12941.0,1,377.49,724,2,Inactive
12942.0,3,675.6,131,0,Retention Risk Customers
12943.0,2,496.5,558,0,Retention Risk Customers
12944.0,2,604.51,36,3,Growth Segment
12945.0,2,900.11,288,0,Retention Risk Customers
12946.0,1,324.45,437,2,Inactive
12947.0,6,1603.99,144,0,Retention Risk Customers
12948.0,9,2317.43,16,1,Revenue Drivers
12949.0,22,15526.7,31,1,Revenue Drivers
12950.0,3,1843.0,2,3,Growth Segment
12951.0,15,3213.7200000000003,9,1,Revenue Drivers
12952.0,4,1387.79,6,3,Growth Segment
12953.0,2,828.8100000000001,10,3,Growth Segment
12954.0,1,162.45,639,2,Inactive
12955.0,11,4757.16,1,1,Revenue Drivers
12956.0,4,521.89,306,0,Retention Risk Customers
12957.0,13,8706.97,10,1,Revenue Drivers
12958.0,2,467.34,400,0,Retention Risk Customers
12959.0,1,150.95,484,2,Inactive
12960.0,4,1322.0700000000002,414,0,Retention Risk Customers
12961.0,1,211.99,379,2,Inactive
12962.0,2,266.39,7,3,Growth Segment
12963.0,12,3235.79,8,1,Revenue Drivers
12964.0,1,132.24,437,2,Inactive
12965.0,1,769.8100000000001,89,3,Growth Segment
12966.0,1,160.18,10,3,Growth Segment
12967.0,3,2938.52,358,0,Retention Risk Customers
12968.0,1,135.95,112,2,Inactive
12969.0,1,122.45,603,2,Inactive
12970.0,10,1453.6,7,1,Revenue Drivers
12971.0,116,15704.6,4,1,Revenue Drivers
12972.0,4,1161.2,414,0,Retention Risk Customers
12973.0,1,385.55,414,2,Inactive
12974.0,2,408.95,198,2,Inactive
12975.0,6,2100.09,437,0,Retention Risk Customers
12976.0,8,3156.38,212,0,Retention Risk Customers
12977.0,4,513.88,156,0,Retention Risk Customers
12978.0,5,2502.82,385,0,Retention Risk Customers
12979.0,1,517.7,729,2,Inactive
12980.0,21,16245.78,158,1,Revenue Drivers
12981.0,2,372.22,30,3,Growth Segment
12982.0,8,2744.81,243,0,Retention Risk Customers
12983.0,1,490.08,598,2,Inactive
12984.0,1,97.5,19,2,Inactive
12985.0,2,1239.38,1,3,Growth Segment
12986.0,10,2729.84,429,0,Retention Risk Customers
12987.0,5,1312.21,74,3,Growth Segment
12988.0,1,505.82,292,2,Inactive
12989.0,33,13551.75,3,1,Revenue Drivers
12990.0,7,955.5,31,3,Growth Segment
12991.0,3,764.82,23,3,Growth Segment
12992.0,1,93.35,725,2,Inactive
12993.0,8,1259.63,23,3,Growth Segment
12994.0,3,974.42,4,3,Growth Segment
12995.0,1,211.32,85,2,Inactive
12996.0,1,355.5,376,2,Inactive
12997.0,8,2110.91,22,1,Revenue Drivers
12998.0,3,920.08,493,0,Retention Risk Customers
12999.0,3,455.88,196,0,Retention Risk Customers
13000.0,4,1032.5,107,0,Retention Risk Customers
13001.0,33,24042.65,4,1,Revenue Drivers
13002.0,3,414.13,318,0,Retention Risk Customers
13003.0,3,149.05,106,2,Inactive
13004.0,36,11650.85,12,1,Revenue Drivers
13005.0,4,999.68,174,0,Retention Risk Customers
13006.0,1,81.57,56,2,Inactive
13007.0,1,175.25,580,2,Inactive
13008.0,3,612.13,323,0,Retention Risk Customers
13009.0,1,234.0,673,2,Inactive
13010.0,2,330.12,374,2,Inactive
13011.0,1,50.55,372,2,Inactive
13012.0,11,2957.83,9,1,Revenue Drivers
13013.0,29,11097.43,1,1,Revenue Drivers
13014.0,11,5381.08,11,1,Revenue Drivers
13015.0,11,6579.78,53,1,Revenue Drivers
13016.0,3,789.89,73,3,Growth Segment
13017.0,1,204.0,7,3,Growth Segment
13018.0,35,9763.16,16,1,Revenue Drivers
13019.0,6,1229.95,379,0,Retention Risk Customers
13020.0,2,618.96,563,0,Retention Risk Customers
13021.0,17,4887.24,4,1,Revenue Drivers
13022.0,1,65.3,430,2,Inactive
13023.0,3,1449.03,64,3,Growth Segment
13024.0,2,555.87,471,0,Retention Risk Customers
13025.0,1,323.39,732,2,Inactive
13026.0,9,1733.08,1,1,Revenue Drivers
13027.0,19,17239.2,114,1,Revenue Drivers
13028.0,2,661.3199999999999,23,3,Growth Segment
13029.0,5,1927.3,31,1,Revenue Drivers
13030.0,2,752.4399999999999,11,3,Growth Segment
13031.0,5,3292.84,407,0,Retention Risk Customers
13032.0,9,2815.96,52,1,Revenue Drivers
13033.0,2,220.55,357,2,Inactive
13034.0,3,756.8199999999999,55,3,Growth Segment
13035.0,3,1364.2,74,3,Growth Segment
13036.0,1,307.1,685,2,Inactive
13037.0,12,3914.95,138,1,Revenue Drivers
13038.0,3,908.46,80,3,Growth Segment
13039.0,4,1010.73,584,0,Retention Risk Customers
13040.0,2,676.99,9,3,Growth Segment
13041.0,4,799.13,451,0,Retention Risk Customers
13042.0,3,1488.59,598,0,Retention Risk Customers
13043.0,1,516.42,273,2,Inactive
13044.0,11,4848.05,291,1,Revenue Drivers
13045.0,3,808.92,99,3,Growth Segment
13046.0,3,949.25,31,3,Growth Segment
13047.0,24,8428.53,32,1,Revenue Drivers
13048.0,9,4049.13,14,1,Revenue Drivers
13049.0,4,1408.24,64,3,Growth Segment
13050.0,35,11986.52,15,1,Revenue Drivers
13051.0,2,155.8,579,2,Inactive
13052.0,7,3119.33,212,0,Retention Risk Customers
13053.0,1,127.65,622,2,Inactive
13055.0,4,2321.11,78,0,Retention Risk Customers
13056.0,1,209.48,551,2,Inactive
13057.0,3,709.59,530,0,Retention Risk Customers
13058.0,3,271.40000000000003,25,3,Growth Segment
13059.0,10,2291.77,250,0,Retention Risk Customers
13060.0,1,307.53000000000003,254,2,Inactive
13061.0,1,248.61,72,2,Inactive
13062.0,1,346.98,191,2,Inactive
13063.0,1,188.4,481,2,Inactive
13064.0,6,1666.84,13,1,Revenue Drivers
13065.0,5,1055.05,373,0,Retention Risk Customers
13066.0,2,470.8,24,3,Growth Segment
13067.0,3,508.51,82,3,Growth Segment
13068.0,2,344.0,10,3,Growth Segment
13069.0,38,9284.45,1,1,Revenue Drivers
13070.0,4,751.7,192,0,Retention Risk Customers
13071.0,1,129.22,612,2,Inactive
13072.0,1,177.15,267,2,Inactive
13073.0,2,418.08,411,2,Inactive
13074.0,4,1378.74,511,0,Retention Risk Customers
13075.0,1,919.61,130,0,Retention Risk Customers
13076.0,1,135.4,458,2,Inactive
13077.0,11,2740.65,1,1,Revenue Drivers
13078.0,57,29018.06,3,1,Revenue Drivers
13079.0,6,419.18,4,3,Growth Segment
13080.0,4,280.73,179,2,Inactive
13081.0,28,56838.37,12,1,Revenue Drivers
13082.0,21,7335.75,126,1,Revenue Drivers
13083.0,3,395.43,4,3,Growth Segment
13084.0,1,122.4,492,2,Inactive
13085.0,8,2433.28,158,0,Retention Risk Customers
13086.0,1,439.33,383,2,Inactive
13087.0,1,313.64,726,2,Inactive
13088.0,1,236.11,417,2,Inactive
13089.0,203,113416.91,3,1,Revenue Drivers
13090.0,24,13091.74,9,1,Revenue Drivers
13091.0,3,2321.82,28,3,Growth Segment
13092.0,12,2140.28,71,1,Revenue Drivers
13093.0,55,54144.25,276,1,Revenue Drivers
13094.0,13,2209.44,21,1,Revenue Drivers
13095.0,1,74.39999999999999,71,2,Inactive
13096.0,1,419.7000000000001,394,2,Inactive
13097.0,28,13324.1,33,1,Revenue Drivers
13098.0,28,28882.44,1,1,Revenue Drivers
13099.0,1,207.36,99,2,Inactive
13101.0,4,695.4,234,0,Retention Risk Customers
13102.0,37,11380.1,1,1,Revenue Drivers
13103.0,3,709.64,40,3,Growth Segment
13104.0,9,1709.1,3,1,Revenue Drivers
13105.0,1,72.0,436,2,Inactive
13106.0,2,603.46,133,0,Retention Risk Customers
13107.0,9,5253.07,44,1,Revenue Drivers
13108.0,2,748.4599999999999,373,0,Retention Risk Customers
13109.0,3,1134.03,60,3,Growth Segment
13110.0,12,2957.4700000000003,31,1,Revenue Drivers
13111.0,1,321.88000000000005,719,2,Inactive
13112.0,1,20.6,541,2,Inactive
13113.0,37,18230.07,1,1,Revenue Drivers
13114.0,1,234.38,731,2,Inactive
13115.0,10,5494.7,12,1,Revenue Drivers
13116.0,1,501.14,138,2,Inactive
13117.0,18,2255.66,22,1,Revenue Drivers
13118.0,9,2415.41,20,1,Revenue Drivers
13119.0,1,134.9,669,2,Inactive
13120.0,1,30.6,239,2,Inactive
13121.0,1,283.73,269,2,Inactive
13122.0,2,922.39,94,3,Growth Segment
13123.0,2,506.75,473,0,Retention Risk Customers
13124.0,4,4641.66,90,1,Revenue Drivers
13125.0,1,148.62,524,2,Inactive
13126.0,13,3774.81,5,1,Revenue Drivers
13127.0,1,259.17,78,2,Inactive
13128.0,1,263.5,631,2,Inactive
13129.0,2,233.25,452,2,Inactive
13130.0,1,64.0,94,2,Inactive
13131.0,7,3313.77,23,1,Revenue Drivers
13132.0,1,77.3,262,2,Inactive
13133.0,3,200.45,274,2,Inactive
13134.0,6,2475.23,86,1,Revenue Drivers
13135.0,2,3371.45,197,0,Retention Risk Customers
13136.0,13,6274.56,56,1,Revenue Drivers
13137.0,16,7586.94,11,1,Revenue Drivers
13138.0,7,1274.01,22,3,Growth Segment
13139.0,8,8202.98,16,1,Revenue Drivers
13140.0,5,1054.92,108,0,Retention Risk Customers
13141.0,17,7656.08,85,1,Revenue Drivers
13142.0,1,307.09000000000003,19,3,Growth Segment
13143.0,1,405.1,585,2,Inactive
13144.0,2,135.35,333,2,Inactive
13145.0,7,1128.52,40,3,Growth Segment
13146.0,1,228.91,26,3,Growth Segment
13147.0,4,712.8,10,3,Growth Segment
13148.0,26,8497.82,29,1,Revenue Drivers
13149.0,4,1676.06,14,3,Growth Segment
13150.0,3,449.97,484,0,Retention Risk Customers
13151.0,3,2465.21,296,0,Retention Risk Customers
13152.0,7,2146.38,417,0,Retention Risk Customers
13153.0,1,486.22,6,3,Growth Segment
13154.0,3,1624.84,399,0,Retention Risk Customers
13155.0,6,1370.48,33,3,Growth Segment
13156.0,3,1586.54,385,0,Retention Risk Customers
13157.0,9,5687.36,49,1,Revenue Drivers
13158.0,5,1508.18,95,0,Retention Risk Customers
13159.0,4,1429.35,9,3,Growth Segment
13160.0,1,91.8,22,2,Inactive
13161.0,2,472.13,313,0,Retention Risk Customers
13162.0,16,9275.49,122,1,Revenue Drivers
13163.0,1,17.65,610,2,Inactive
13164.0,2,372.2,569,2,Inactive
13165.0,3,1451.16,46,3,Growth Segment
13166.0,2,875.93,283,0,Retention Risk Customers
13167.0,5,1125.15,19,3,Growth Segment
13168.0,5,1840.73,36,1,Revenue Drivers
13169.0,3,840.08,64,3,Growth Segment
13170.0,1,108.81,27,2,Inactive
13171.0,3,468.41,22,3,Growth Segment
13172.0,1,69.6,400,2,Inactive
13173.0,11,2399.82,4,1,Revenue Drivers
13174.0,12,7995.36,16,1,Revenue Drivers
13175.0,2,831.45,582,0,Retention Risk Customers
13176.0,1,481.49,46,3,Growth Segment
13177.0,2,512.2,65,3,Growth Segment
13178.0,21,14059.19,26,1,Revenue Drivers
13179.0,1,572.3100000000001,619,2,Inactive
13180.0,1,86.10000000000001,607,2,Inactive
13181.0,1,359.69,381,2,Inactive
13182.0,1,121.18,45,2,Inactive
13183.0,15,7036.18,8,1,Revenue Drivers
13184.0,10,1668.95,15,1,Revenue Drivers
13185.0,1,71.4,268,2,Inactive
13186.0,3,1575.89,40,3,Growth Segment
13187.0,4,341.36,337,0,Retention Risk Customers
13188.0,1,114.6,11,3,Growth Segment
13189.0,2,260.68,19,3,Growth Segment
13190.0,3,570.66,544,0,Retention Risk Customers
13191.0,1,164.69,658,2,Inactive
13192.0,6,2558.58,95,1,Revenue Drivers
13193.0,1,112.08,61,2,Inactive
13194.0,2,472.78,136,3,Growth Segment
13195.0,1,136.73,414,2,Inactive
13196.0,7,3068.84,11,1,Revenue Drivers
13197.0,1,373.0100000000001,610,2,Inactive
13198.0,8,4974.2300000000005,10,1,Revenue Drivers
13199.0,67,15964.21,4,1,Revenue Drivers
13200.0,4,870.09,19,3,Growth Segment
13201.0,4,1233.06,502,0,Retention Risk Customers
13202.0,7,1580.3,394,0,Retention Risk Customers
13203.0,10,2648.25,10,1,Revenue Drivers
13204.0,1,966.66,731,0,Retention Risk Customers
13205.0,1,2803.2,443,0,Retention Risk Customers
13206.0,13,8308.19,400,1,Revenue Drivers
13207.0,4,535.86,15,3,Growth Segment
13208.0,9,1976.3,59,1,Revenue Drivers
13209.0,13,8509.51,30,1,Revenue Drivers
13210.0,1,353.48,94,2,Inactive
13211.0,10,2618.77,10,1,Revenue Drivers
13212.0,3,786.83,20,3,Growth Segment
13213.0,11,3851.52,57,1,Revenue Drivers
13214.0,7,3264.23,418,0,Retention Risk Customers
13215.0,1,81.6,402,2,Inactive
13216.0,1,333.74,268,2,Inactive
13217.0,4,666.48,122,0,Retention Risk Customers
13218.0,1,62.63999999999999,127,2,Inactive
13219.0,1,76.23,618,2,Inactive
13220.0,5,1336.09,78,0,Retention Risk Customers
13221.0,2,847.41,240,0,Retention Risk Customers
13222.0,1,88.5,577,2,Inactive
13223.0,6,969.12,200,0,Retention Risk Customers
13224.0,2,2155.95,60,3,Growth Segment
13225.0,16,16260.07,3,1,Revenue Drivers
13226.0,2,312.46,273,2,Inactive
13227.0,1,257.7,202,2,Inactive
13228.0,1,358.0,81,2,Inactive
13229.0,1,160.95,226,2,Inactive
13230.0,30,6120.01,4,1,Revenue Drivers
13232.0,7,1328.35,13,3,Growth Segment
13233.0,4,1176.46,74,3,Growth Segment
13234.0,2,346.5,673,2,Inactive
13235.0,1,1031.07,212,0,Retention Risk Customers
13236.0,2,744.85,25,3,Growth Segment
13237.0,1,643.0,388,2,Inactive
13238.0,6,1006.63,17,3,Growth Segment
13239.0,5,1594.69,262,0,Retention Risk Customers
13240.0,8,1475.79,96,0,Retention Risk Customers
13241.0,1,112.53,412,2,Inactive
13242.0,7,699.4,112,0,Retention Risk Customers
13243.0,5,1220.38,203,0,Retention Risk Customers
13244.0,1,121.74,93,2,Inactive
13245.0,2,989.22,51,3,Growth Segment
13246.0,11,3351.75,18,1,Revenue Drivers
13247.0,4,501.12,18,3,Growth Segment
13248.0,2,465.68,125,3,Growth Segment
13249.0,9,1608.9299999999998,92,0,Retention Risk Customers
13250.0,2,253.09,461,2,Inactive
13251.0,1,252.68,402,2,Inactive
13252.0,2,399.3,394,2,Inactive
13253.0,4,2951.11,157,0,Retention Risk Customers
13254.0,1,51.41,376,2,Inactive
13255.0,3,678.76,9,3,Growth Segment
13257.0,1,149.75,436,2,Inactive
13258.0,5,1009.43,12,3,Growth Segment
13259.0,9,1402.54,62,1,Revenue Drivers
13260.0,1,557.62,61,3,Growth Segment
13261.0,2,944.1,269,0,Retention Risk Customers
13262.0,3,573.45,263,0,Retention Risk Customers
13263.0,39,8676.2,1,1,Revenue Drivers
13264.0,1,722.5600000000001,443,0,Retention Risk Customers
13265.0,5,2092.66,53,1,Revenue Drivers
13266.0,19,6135.04,11,1,Revenue Drivers
13267.0,36,9429.81,3,1,Revenue Drivers
13268.0,11,3174.75,18,1,Revenue Drivers
13269.0,28,8537.32,1,1,Revenue Drivers
13270.0,1,590.0,366,2,Inactive
13271.0,1,211.49,37,2,Inactive
13272.0,2,276.56,31,3,Growth Segment
13273.0,1,138.98,113,2,Inactive
13274.0,1,360.85,409,2,Inactive
13275.0,2,238.86,384,2,Inactive
13276.0,5,1891.91,64,1,Revenue Drivers
13277.0,7,523.3,16,3,Growth Segment
13278.0,4,1435.85,41,3,Growth Segment
13279.0,1,137.75,78,2,Inactive
13280.0,7,2293.33,122,0,Retention Risk Customers
13281.0,1,350.85,439,2,Inactive
13282.0,4,1313.19,18,3,Growth Segment
13283.0,4,373.36,60,3,Growth Segment
13284.0,1,201.19,331,2,Inactive
13285.0,6,3364.59,23,1,Revenue Drivers
13286.0,1,734.91,600,0,Retention Risk Customers
13287.0,3,781.59,603,0,Retention Risk Customers
13288.0,5,927.61,443,0,Retention Risk Customers
13289.0,1,307.95,724,2,Inactive
13290.0,1,208.63,438,2,Inactive
13291.0,11,3270.79,156,1,Revenue Drivers
13292.0,5,994.51,39,3,Growth Segment
13293.0,6,1192.94,392,0,Retention Risk Customers
13294.0,3,1689.53,190,0,Retention Risk Customers
13295.0,4,1101.97,360,0,Retention Risk Customers
13296.0,6,792.51,137,0,Retention Risk Customers
13297.0,7,4368.62,8,1,Revenue Drivers
13298.0,1,360.0,1,3,Growth Segment
13299.0,3,1218.7,268,0,Retention Risk Customers
13300.0,3,1285.51,169,0,Retention Risk Customers
13301.0,4,618.09,104,3,Growth Segment
13302.0,2,159.2,155,2,Inactive
13303.0,1,61.72,400,2,Inactive
13304.0,4,1217.99,351,0,Retention Risk Customers
13305.0,16,3616.41,4,1,Revenue Drivers
13306.0,1,53.65,430,2,Inactive
13307.0,3,273.34,120,2,Inactive
13308.0,4,1670.37,23,3,Growth Segment
13309.0,6,1706.37,7,1,Revenue Drivers
13310.0,5,1541.2,28,3,Growth Segment
13311.0,2,598.57,4,3,Growth Segment
13312.0,1,124.75,451,2,Inactive
13313.0,12,3445.32,22,1,Revenue Drivers
13314.0,3,775.94,2,3,Growth Segment
13315.0,1,310.26000000000005,689,2,Inactive
13316.0,10,12940.82,37,1,Revenue Drivers
13317.0,19,6486.091,66,1,Revenue Drivers
13318.0,3,640.76,1,3,Growth Segment
13319.0,58,21323.22,5,1,Revenue Drivers
13320.0,6,2211.6,78,1,Revenue Drivers
13321.0,2,567.36,72,3,Growth Segment
13322.0,1,199.48,17,3,Growth Segment
13323.0,5,787.85,3,3,Growth Segment
13324.0,18,10513.47,36,1,Revenue Drivers
13325.0,1,675.3,82,3,Growth Segment
13326.0,1,281.76,432,2,Inactive
13327.0,20,9134.48,39,1,Revenue Drivers
13328.0,1,1308.48,316,0,Retention Risk Customers
13329.0,8,4808.7699999999995,32,1,Revenue Drivers
13330.0,6,2796.1,93,1,Revenue Drivers
13331.0,1,262.4,402,2,Inactive
13332.0,1,350.9,14,3,Growth Segment
13333.0,3,1015.74,411,0,Retention Risk Customers
13334.0,5,6201.8,82,1,Revenue Drivers
13336.0,1,795.12,77,3,Growth Segment
13337.0,1,1575.26,546,0,Retention Risk Customers
13338.0,4,2445.62,158,0,Retention Risk Customers
13339.0,1,860.12,201,0,Retention Risk Customers
13340.0,12,22100.56,45,1,Revenue Drivers
13341.0,1,775.85,261,0,Retention Risk Customers
13343.0,1,353.43,178,2,Inactive
13344.0,3,2511.69,68,0,Retention Risk Customers
13345.0,1,389.5,288,2,Inactive
13346.0,6,299.4,463,0,Retention Risk Customers
13347.0,1,341.35999999999996,70,2,Inactive
13348.0,1,233.76,64,2,Inactive
13349.0,1,247.32,11,3,Growth Segment
13350.0,2,979.12,16,3,Growth Segment
13351.0,1,373.94,66,3,Growth Segment
13352.0,1,397.98,60,3,Growth Segment
13354.0,1,743.53,71,3,Growth Segment
13355.0,1,674.7,122,3,Growth Segment
13356.0,1,768.24,80,3,Growth Segment
13357.0,5,3805.51,257,0,Retention Risk Customers
13358.0,1,439.03,269,2,Inactive
13359.0,2,1043.31,64,3,Growth Segment
13360.0,4,1553.65,432,0,Retention Risk Customers
13361.0,2,1450.5,472,0,Retention Risk Customers
13362.0,7,5394.07,9,1,Revenue Drivers
13363.0,3,1723.86,18,3,Growth Segment
13364.0,1,134.96,71,2,Inactive
13365.0,2,2225.37,34,3,Growth Segment
13366.0,1,56.16,50,2,Inactive
13367.0,1,510.2,432,2,Inactive
13368.0,4,1121.5,257,0,Retention Risk Customers
13369.0,1,308.28000000000003,366,2,Inactive
13370.0,1,754.87,372,0,Retention Risk Customers
13371.0,2,2297.66,505,0,Retention Risk Customers
13372.0,1,378.64,90,2,Inactive
13373.0,6,7587.19,61,1,Revenue Drivers
13374.0,2,422.8,415,2,Inactive
13375.0,2,1792.23,89,0,Retention Risk Customers
13376.0,3,1019.76,99,0,Retention Risk Customers
13377.0,2,1552.88,397,0,Retention Risk Customers
13379.0,3,572.56,26,3,Growth Segment
13380.0,1,62.4,433,2,Inactive
13381.0,12,8224.37,32,1,Revenue Drivers
13382.0,5,1387.58,281,0,Retention Risk Customers
13383.0,1,305.28000000000003,544,2,Inactive
13384.0,11,6680.83,31,1,Revenue Drivers
13385.0,1,534.57,330,2,Inactive
13386.0,2,835.46,414,0,Retention Risk Customers
13387.0,1,186.94,417,2,Inactive
13388.0,3,1185.65,131,0,Retention Risk Customers
13389.0,3,797.96,11,3,Growth Segment
13390.0,1,544.08,75,3,Growth Segment
13391.0,1,59.8,204,2,Inactive
13392.0,1,91.14,677,2,Inactive
13393.0,4,1131.45,584,0,Retention Risk Customers
13394.0,19,6621.7,2,1,Revenue Drivers
13395.0,3,1180.23,185,0,Retention Risk Customers
13396.0,2,1360.99,29,3,Growth Segment
13397.0,10,3191.87,73,1,Revenue Drivers
13398.0,2,670.34,192,0,Retention Risk Customers
13399.0,3,275.4,464,2,Inactive
13400.0,1,310.83,583,2,Inactive
13402.0,4,1226.85,127,0,Retention Risk Customers
13403.0,3,229.5,18,3,Growth Segment
13404.0,2,252.49,1,3,Growth Segment
13405.0,6,1213.811,74,3,Growth Segment
13406.0,2,568.92,427,0,Retention Risk Customers
13407.0,3,2244.7,579,0,Retention Risk Customers
13408.0,106,50174.782,2,1,Revenue Drivers
13410.0,9,2201.96,24,1,Revenue Drivers
13411.0,1,213.55,107,2,Inactive
13412.0,1,487.35,620,2,Inactive
13413.0,6,429.44,640,0,Retention Risk Customers
13414.0,6,2494.14,134,0,Retention Risk Customers
13415.0,4,784.17,473,0,Retention Risk Customers
13416.0,3,940.8,44,3,Growth Segment
13417.0,6,1669.49,5,1,Revenue Drivers
13418.0,31,11559.66,12,1,Revenue Drivers
13419.0,1,221.06,64,2,Inactive
13420.0,2,159.85,150,2,Inactive
13421.0,8,4058.75,40,1,Revenue Drivers
13422.0,1,2626.3,64,3,Growth Segment
13423.0,1,217.03,429,2,Inactive
13424.0,1,572.77,450,2,Inactive
13425.0,5,3390.4300000000003,108,1,Revenue Drivers
13426.0,22,8167.38,1,1,Revenue Drivers
13427.0,6,1006.53,19,3,Growth Segment
13428.0,3,478.54,10,3,Growth Segment
13429.0,4,1006.8,11,3,Growth Segment
13430.0,2,679.4499999999999,19,3,Growth Segment
13431.0,8,3316.24,67,1,Revenue Drivers
13432.0,2,439.1,571,2,Inactive
13433.0,4,658.32,501,0,Retention Risk Customers
13434.0,5,1666.86,74,0,Retention Risk Customers
13435.0,9,4447.33,5,1,Revenue Drivers
13436.0,1,196.89,2,3,Growth Segment
13437.0,7,3408.06,14,1,Revenue Drivers
13438.0,1,46.5,547,2,Inactive
13439.0,3,986.61,255,0,Retention Risk Customers
13440.0,7,1295.25,423,0,Retention Risk Customers
13441.0,2,720.9,92,3,Growth Segment
13442.0,3,419.87,667,0,Retention Risk Customers
13443.0,6,1273.16,449,0,Retention Risk Customers
13444.0,2,619.08,374,0,Retention Risk Customers
13445.0,1,241.9,626,2,Inactive
13446.0,11,3881.89,430,0,Retention Risk Customers
13447.0,3,1129.14,23,3,Growth Segment
13448.0,13,8745.93,17,1,Revenue Drivers
13449.0,1,291.88,24,3,Growth Segment
13450.0,13,4120.04,27,1,Revenue Drivers
13451.0,11,7090.06,26,1,Revenue Drivers
13452.0,3,729.8,259,0,Retention Risk Customers
13453.0,3,781.6899999999999,166,0,Retention Risk Customers
13454.0,1,219.87,641,2,Inactive
13455.0,6,2212.99,25,1,Revenue Drivers
13456.0,6,1766.72,18,1,Revenue Drivers
13457.0,2,148.22,689,2,Inactive
13458.0,16,11959.27,7,1,Revenue Drivers
13459.0,2,1160.41,625,0,Retention Risk Customers
13460.0,2,183.44,29,3,Growth Segment
13461.0,6,4160.0,39,1,Revenue Drivers
13462.0,5,1153.85,253,0,Retention Risk Customers
13464.0,6,3097.64,58,1,Revenue Drivers
13465.0,2,931.12,446,0,Retention Risk Customers
13466.0,5,1013.35,184,0,Retention Risk Customers
13467.0,2,1071.91,11,3,Growth Segment
13468.0,72,12793.28,2,1,Revenue Drivers
13469.0,1,82.4,653,2,Inactive
13470.0,2,165.0,99,2,Inactive
13471.0,4,2501.84,1,1,Revenue Drivers
13472.0,2,592.24,464,0,Retention Risk Customers
13473.0,8,2657.76,61,1,Revenue Drivers
13474.0,3,646.59,236,0,Retention Risk Customers
13475.0,4,1431.78,191,0,Retention Risk Customers
13476.0,5,2061.47,179,0,Retention Risk Customers
13477.0,11,2819.17,38,1,Revenue Drivers
13478.0,5,2215.78,469,0,Retention Risk Customers
13479.0,4,851.37,201,0,Retention Risk Customers
13480.0,2,627.82,417,0,Retention Risk Customers
13481.0,11,3830.84,46,1,Revenue Drivers
13482.0,2,336.09,232,2,Inactive
13483.0,1,140.34,66,2,Inactive
13484.0,3,790.72,241,0,Retention Risk Customers
13485.0,11,3019.2200000000003,233,0,Retention Risk Customers
13486.0,3,1122.41,78,3,Growth Segment
13487.0,5,846.87,58,3,Growth Segment
13488.0,23,14205.96,17,1,Revenue Drivers
13489.0,4,449.52,105,3,Growth Segment
13490.0,1,154.25,654,2,Inactive
13491.0,27,4467.66,52,1,Revenue Drivers
13492.0,3,1269.84,136,0,Retention Risk Customers
13493.0,2,618.63,275,0,Retention Risk Customers
13494.0,1,316.26000000000005,312,2,Inactive
13495.0,10,4863.31,8,1,Revenue Drivers
13496.0,2,653.33,11,3,Growth Segment
13497.0,6,1166.83,283,0,Retention Risk Customers
13498.0,1,327.38,730,2,Inactive
13499.0,5,1159.11,18,3,Growth Segment
13500.0,4,1466.3,23,3,Growth Segment
13501.0,3,2885.11,288,0,Retention Risk Customers
13502.0,5,780.5,17,3,Growth Segment
13503.0,6,1859.24,71,1,Revenue Drivers
13504.0,1,295.93,64,2,Inactive
13505.0,4,4393.63,73,1,Revenue Drivers
13506.0,5,1338.08,316,0,Retention Risk Customers
13507.0,4,2479.16,3,1,Revenue Drivers
13508.0,2,287.05,244,2,Inactive
13509.0,8,1114.72,9,3,Growth Segment
13510.0,11,4558.29,1,1,Revenue Drivers
13511.0,1,282.76,677,2,Inactive
13512.0,4,713.39,261,0,Retention Risk Customers
13513.0,3,824.59,127,0,Retention Risk Customers
13514.0,4,815.9000000000001,74,3,Growth Segment
13515.0,6,1265.82,73,3,Growth Segment
13516.0,4,1685.26,21,3,Growth Segment
13517.0,3,2128.42,60,3,Growth Segment
13518.0,1,627.16,86,3,Growth Segment
13519.0,2,343.21,78,3,Growth Segment
13520.0,11,6606.0,59,1,Revenue Drivers
13521.0,3,1071.73,1,3,Growth Segment
13522.0,1,125.8,30,2,Inactive
13523.0,6,4534.57,33,1,Revenue Drivers
13524.0,5,680.1800000000001,41,3,Growth Segment
13525.0,2,628.78,15,3,Growth Segment
13526.0,2,1182.0,738,0,Retention Risk Customers
13527.0,12,4541.29,34,1,Revenue Drivers
13529.0,2,307.76,79,3,Growth Segment
13530.0,1,402.98,634,2,Inactive
13531.0,6,1433.07,205,0,Retention Risk Customers
13532.0,1,210.31,34,3,Growth Segment
13533.0,3,269.09,183,2,Inactive
13534.0,35,7720.9,2,1,Revenue Drivers
13535.0,1,89.5,403,2,Inactive
13536.0,7,3444.39,1,1,Revenue Drivers
13537.0,2,717.85,426,0,Retention Risk Customers
13538.0,12,3103.13,43,1,Revenue Drivers
13539.0,7,1569.36,86,0,Retention Risk Customers
13540.0,3,632.39,467,0,Retention Risk Customers
13541.0,2,785.25,427,0,Retention Risk Customers
13542.0,17,3959.49,377,0,Retention Risk Customers
13543.0,2,1439.61,634,0,Retention Risk Customers
13544.0,6,790.2,40,3,Growth Segment
13545.0,2,364.93,391,2,Inactive
13546.0,5,1086.24,12,3,Growth Segment
13547.0,1,167.08,408,2,Inactive
13548.0,3,901.44,96,3,Growth Segment
13549.0,8,1005.8,26,3,Growth Segment
13550.0,1,342.55,383,2,Inactive
13551.0,2,244.2,319,2,Inactive
13552.0,22,6948.92,66,1,Revenue Drivers
13553.0,1,499.6,675,2,Inactive
13554.0,7,1629.35,380,0,Retention Risk Customers
13555.0,13,8891.84,74,1,Revenue Drivers
13556.0,2,200.82,429,2,Inactive
13557.0,13,3032.26,28,1,Revenue Drivers
13558.0,4,594.52,6,3,Growth Segment
13559.0,2,990.0,513,0,Retention Risk Customers
13560.0,1,171.42000000000002,7,3,Growth Segment
13561.0,11,1803.4,216,0,Retention Risk Customers
13562.0,8,4838.18,82,1,Revenue Drivers
13563.0,2,777.53,84,3,Growth Segment
13564.0,37,16498.97,144,1,Revenue Drivers
13565.0,3,414.8,19,3,Growth Segment
13566.0,5,1688.6,41,3,Growth Segment
13567.0,4,1079.29,428,0,Retention Risk Customers
13568.0,1,187.05,173,2,Inactive
13569.0,4,726.54,17,3,Growth Segment
13570.0,1,239.49,243,2,Inactive
13571.0,26,4537.26,13,1,Revenue Drivers
13572.0,1,1384.25,206,0,Retention Risk Customers
13573.0,6,904.52,50,3,Growth Segment
13574.0,1,404.45,411,2,Inactive
13575.0,5,732.0699999999999,23,3,Growth Segment
13576.0,28,11202.59,10,1,Revenue Drivers
13577.0,11,3489.28,25,1,Revenue Drivers
13578.0,1,147.66,409,2,Inactive
13579.0,5,1374.34,15,3,Growth Segment
13580.0,1,107.75,406,2,Inactive
13581.0,2,280.53000000000003,309,2,Inactive
13582.0,2,241.68,390,2,Inactive
13583.0,2,1445.031,156,0,Retention Risk Customers
13584.0,3,385.7,307,0,Retention Risk Customers
13585.0,3,684.54,531,0,Retention Risk Customers
13586.0,1,127.28,541,2,Inactive
13587.0,4,1673.5,64,3,Growth Segment
13588.0,9,2478.95,16,1,Revenue Drivers
13589.0,6,1120.74,15,3,Growth Segment
13590.0,18,6336.04,11,1,Revenue Drivers
13591.0,7,2093.94,65,1,Revenue Drivers
13592.0,4,247.96,36,3,Growth Segment
13593.0,14,5493.29,108,1,Revenue Drivers
13594.0,2,533.32,53,3,Growth Segment
13595.0,3,784.48,517,0,Retention Risk Customers
13596.0,2,664.11,6,3,Growth Segment
13597.0,2,396.71,400,2,Inactive
13598.0,5,761.96,47,3,Growth Segment
13599.0,33,9811.04,1,1,Revenue Drivers
13600.0,2,518.42,312,0,Retention Risk Customers
13601.0,4,1159.99,45,3,Growth Segment
13602.0,4,1025.17,65,3,Growth Segment
13603.0,1,164.34,26,2,Inactive
13604.0,1,717.62,659,0,Retention Risk Customers
13605.0,2,522.67,387,0,Retention Risk Customers
13606.0,3,276.75,29,3,Growth Segment
13607.0,2,1075.81,40,3,Growth Segment
13608.0,1,232.05,541,2,Inactive
13609.0,1,167.35,593,2,Inactive
13610.0,14,2103.71,12,1,Revenue Drivers
13611.0,10,3297.9300000000003,89,1,Revenue Drivers
13612.0,1,818.29,633,0,Retention Risk Customers
13613.0,5,1039.85,453,0,Retention Risk Customers
13614.0,6,2332.74,24,1,Revenue Drivers
13615.0,8,6272.53,319,0,Retention Risk Customers
13616.0,2,283.85,568,2,Inactive
13617.0,8,1278.75,40,3,Growth Segment
13618.0,1,177.34,174,2,Inactive
13619.0,2,224.94,545,2,Inactive
13620.0,1,112.34,528,2,Inactive
13621.0,1,213.85,117,2,Inactive
13622.0,1,658.95,696,2,Inactive
13623.0,10,2533.06,31,1,Revenue Drivers
13624.0,1,462.08,388,2,Inactive
13625.0,1,301.26,597,2,Inactive
13626.0,2,707.04,253,0,Retention Risk Customers
13627.0,7,2245.9,59,1,Revenue Drivers
13628.0,1,310.14,676,2,Inactive
13629.0,19,13370.86,23,1,Revenue Drivers
13630.0,7,2031.78,5,1,Revenue Drivers
13631.0,11,3070.42,100,1,Revenue Drivers
13632.0,8,3645.81,25,1,Revenue Drivers
13634.0,16,5033.77,33,1,Revenue Drivers
13635.0,4,2999.16,68,1,Revenue Drivers
13636.0,5,949.12,37,3,Growth Segment
13637.0,3,804.3,52,3,Growth Segment
13638.0,1,122.64,16,2,Inactive
13639.0,2,1346.27,74,3,Growth Segment
13640.0,1,405.0,611,2,Inactive
13641.0,5,1016.47,641,0,Retention Risk Customers
13642.0,4,472.2,216,0,Retention Risk Customers
13643.0,10,2156.77,31,1,Revenue Drivers
13644.0,4,2624.26,16,1,Revenue Drivers
13645.0,1,252.1,120,2,Inactive
13646.0,2,326.25,400,2,Inactive
13647.0,8,3041.68,10,1,Revenue Drivers
13648.0,8,1764.02,400,0,Retention Risk Customers
13649.0,6,1453.68,257,0,Retention Risk Customers
13650.0,10,3288.0,17,1,Revenue Drivers
13651.0,3,226.85,35,3,Growth Segment
13652.0,5,2262.05,46,1,Revenue Drivers
13653.0,1,152.2,488,2,Inactive
13654.0,11,6308.0,43,1,Revenue Drivers
13655.0,6,2280.51,114,0,Retention Risk Customers
13656.0,4,1078.85,165,0,Retention Risk Customers
13657.0,2,382.14,11,3,Growth Segment
13658.0,9,6025.5,10,1,Revenue Drivers
13659.0,12,4884.68,206,1,Revenue Drivers
13660.0,1,306.64,400,2,Inactive
13661.0,1,325.24,603,2,Inactive
13662.0,11,2233.61,86,1,Revenue Drivers
13663.0,5,2047.51,179,0,Retention Risk Customers
13665.0,3,1711.66,386,0,Retention Risk Customers
13666.0,5,127.9,60,3,Growth Segment
13667.0,1,299.05,149,2,Inactive
13668.0,35,12948.48,3,1,Revenue Drivers
13669.0,3,413.55,51,3,Growth Segment
13670.0,1,349.7,75,2,Inactive
13671.0,1,172.6,395,2,Inactive
13672.0,3,419.92,301,0,Retention Risk Customers
13673.0,2,387.44,19,3,Growth Segment
13674.0,1,240.68,433,2,Inactive
13675.0,2,486.8200000000001,151,0,Retention Risk Customers
13676.0,2,243.9,539,2,Inactive
13677.0,2,551.24,405,0,Retention Risk Customers
13678.0,1,232.6,152,2,Inactive
13679.0,3,281.26,494,2,Inactive
13680.0,12,11419.67,1,1,Revenue Drivers
13681.0,4,827.83,18,3,Growth Segment
13682.0,1,59.5,187,2,Inactive
13683.0,1,258.6,458,2,Inactive
13684.0,4,594.88,286,0,Retention Risk Customers
13685.0,7,3119.44,3,1,Revenue Drivers
13686.0,3,409.04,183,0,Retention Risk Customers
13687.0,1,11880.84,438,0,Retention Risk Customers
13688.0,1,375.5,635,2,Inactive
13689.0,2,1259.5,63,3,Growth Segment
13690.0,1,172.25,59,2,Inactive
13691.0,1,212.78,396,2,Inactive
13692.0,5,3114.4,25,1,Revenue Drivers
13693.0,9,2011.82,374,0,Retention Risk Customers
13694.0,143,195640.69,4,1,Revenue Drivers
13695.0,16,2770.73,31,1,Revenue Drivers
13696.0,3,2020.4,422,0,Retention Risk Customers
13697.0,1,151.29999999999998,39,2,Inactive
13698.0,2,451.73,597,2,Inactive
13699.0,2,764.15,155,0,Retention Risk Customers
13700.0,13,2596.97,26,1,Revenue Drivers
13701.0,1,161.0,447,2,Inactive
13702.0,1,135.18,446,2,Inactive
13703.0,2,425.56,318,2,Inactive
13704.0,9,2308.06,5,1,Revenue Drivers
13705.0,7,1717.19,8,1,Revenue Drivers
13706.0,2,631.17,303,0,Retention Risk Customers
13707.0,5,3365.86,267,0,Retention Risk Customers
13708.0,1,285.33,271,2,Inactive
13709.0,18,7571.35,4,1,Revenue Drivers
13710.0,3,509.52,32,3,Growth Segment
13711.0,9,1792.26,219,0,Retention Risk Customers
13712.0,2,766.42,247,0,Retention Risk Customers
13713.0,3,740.76,408,0,Retention Risk Customers
13714.0,1,161.35,465,2,Inactive
13715.0,17,8153.04,281,1,Revenue Drivers
13716.0,1,138.28,269,2,Inactive
13717.0,8,1763.3,32,1,Revenue Drivers
13718.0,2,306.55,246,2,Inactive
13719.0,11,2783.08,15,1,Revenue Drivers
13720.0,4,799.9,117,0,Retention Risk Customers
13721.0,2,741.54,36,3,Growth Segment
13722.0,10,5635.41,132,1,Revenue Drivers
13723.0,6,1194.08,217,0,Retention Risk Customers
13724.0,1,213.01,637,2,Inactive
13725.0,8,1980.56,50,1,Revenue Drivers
13726.0,2,1079.66,39,3,Growth Segment
13727.0,8,1074.15,29,3,Growth Segment
13728.0,16,2855.17,37,1,Revenue Drivers
13729.0,3,724.73,436,0,Retention Risk Customers
13730.0,2,752.6,136,0,Retention Risk Customers
13731.0,2,610.59,219,0,Retention Risk Customers
13732.0,1,491.86,28,3,Growth Segment
13733.0,2,487.03,411,0,Retention Risk Customers
13734.0,4,6695.6900000000005,509,0,Retention Risk Customers
13735.0,13,9762.77,25,1,Revenue Drivers
13736.0,7,2752.47,5,1,Revenue Drivers
13737.0,1,339.59999999999997,200,2,Inactive
13738.0,1,434.78,396,2,Inactive
13739.0,2,292.2,18,3,Growth Segment
13740.0,5,1582.77,241,0,Retention Risk Customers
13741.0,3,668.4300000000001,72,3,Growth Segment
13742.0,12,3107.87,17,1,Revenue Drivers
13743.0,7,1341.6,3,3,Growth Segment
13744.0,2,1080.52,95,3,Growth Segment
13745.0,2,777.36,162,0,Retention Risk Customers
13746.0,1,176.69,414,2,Inactive
13747.0,2,169.79999999999998,374,2,Inactive
13748.0,9,2064.35,96,1,Revenue Drivers
13750.0,11,3602.18,54,1,Revenue Drivers
13751.0,1,296.25,288,2,Inactive
13752.0,7,1579.83,124,0,Retention Risk Customers
13753.0,4,2094.57,288,0,Retention Risk Customers
13754.0,3,447.05,152,0,Retention Risk Customers
13755.0,9,2108.06,4,1,Revenue Drivers
13756.0,23,8655.95,2,1,Revenue Drivers
13757.0,1,195.55,675,2,Inactive
13758.0,15,8698.13,12,1,Revenue Drivers
13759.0,2,659.4100000000001,33,3,Growth Segment
13760.0,5,1363.64,54,3,Growth Segment
13761.0,6,1952.17,50,1,Revenue Drivers
13762.0,5,2472.48,219,0,Retention Risk Customers
13763.0,3,5217.44,63,1,Revenue Drivers
13764.0,6,2919.62,71,1,Revenue Drivers
13765.0,1,352.821,653,2,Inactive
13766.0,1,190.35,495,2,Inactive
13767.0,73,33903.57,2,1,Revenue Drivers
13768.0,2,875.97,727,0,Retention Risk Customers
13769.0,20,5478.12,2,1,Revenue Drivers
13770.0,4,785.37,422,0,Retention Risk Customers
13771.0,9,5728.82,64,1,Revenue Drivers
13772.0,8,3100.02,34,1,Revenue Drivers
13773.0,2,301.54,397,2,Inactive
13774.0,1,345.0,82,2,Inactive
13775.0,1,1049.66,591,0,Retention Risk Customers
13776.0,2,623.98,428,0,Retention Risk Customers
13777.0,61,49638.26,1,1,Revenue Drivers
13778.0,4,1124.49,103,0,Retention Risk Customers
13779.0,1,161.13,516,2,Inactive
13780.0,3,732.07,7,3,Growth Segment
13781.0,3,778.83,251,0,Retention Risk Customers
13782.0,13,1786.08,13,1,Revenue Drivers
13783.0,4,1542.09,488,0,Retention Risk Customers
13784.0,14,2910.23,10,1,Revenue Drivers
13785.0,4,542.49,429,0,Retention Risk Customers
13786.0,6,3127.99,367,0,Retention Risk Customers
13787.0,6,1222.5,76,3,Growth Segment
13788.0,1,3.75,505,2,Inactive
13789.0,1,239.46,388,2,Inactive
13790.0,1,348.79999999999995,4,3,Growth Segment
13791.0,2,1516.0,128,0,Retention Risk Customers
13792.0,3,383.95,66,3,Growth Segment
13793.0,1,96.0,647,2,Inactive
13794.0,1,126.03,547,2,Inactive
13795.0,4,836.3,388,0,Retention Risk Customers
13796.0,1,289.7,499,2,Inactive
13797.0,3,1179.45,437,0,Retention Risk Customers
13798.0,110,75428.87,1,1,Revenue Drivers
13799.0,9,2803.57,117,1,Revenue Drivers
13800.0,3,1679.56,310,0,Retention Risk Customers
13801.0,1,324.8,67,2,Inactive
13802.0,19,26259.11,139,1,Revenue Drivers
13803.0,3,1338.91,255,0,Retention Risk Customers
13804.0,9,3161.12,31,1,Revenue Drivers
13805.0,2,924.6,52,3,Growth Segment
13806.0,1,256.38,64,2,Inactive
13807.0,3,422.2,367,0,Retention Risk Customers
13808.0,5,1747.66,6,1,Revenue Drivers
13809.0,3,679.6999999999999,305,0,Retention Risk Customers
13810.0,3,1499.01,29,3,Growth Segment
13811.0,3,814.5,184,0,Retention Risk Customers
13812.0,3,539.0,42,3,Growth Segment
13813.0,8,2765.4700000000003,40,1,Revenue Drivers
13814.0,3,2257.32,92,0,Retention Risk Customers
13815.0,8,7475.74,22,1,Revenue Drivers
13816.0,2,571.67,24,3,Growth Segment
13817.0,2,382.98,29,3,Growth Segment
13818.0,1,61.28,430,2,Inactive
13819.0,6,2642.35,302,0,Retention Risk Customers
13820.0,3,652.75,418,0,Retention Risk Customers
13821.0,6,1379.08,145,0,Retention Risk Customers
13822.0,2,632.0,6,3,Growth Segment
13823.0,7,3403.4500000000003,19,1,Revenue Drivers
13824.0,12,3314.76,33,1,Revenue Drivers
13825.0,2,255.59,622,2,Inactive
13826.0,1,189.5,176,2,Inactive
13827.0,3,409.8,58,3,Growth Segment
13828.0,1,209.49,22,3,Growth Segment
13829.0,1,102.0,421,2,Inactive
13830.0,1,156.85000000000002,582,2,Inactive
13831.0,18,6585.54,16,1,Revenue Drivers
13832.0,2,609.89,19,3,Growth Segment
13833.0,2,700.41,159,0,Retention Risk Customers
13834.0,2,324.19,577,2,Inactive
13835.0,7,1095.27,25,3,Growth Segment
13836.0,2,620.37,399,0,Retention Risk Customers
13837.0,2,266.59000000000003,212,2,Inactive
13838.0,10,1690.07,6,1,Revenue Drivers
13839.0,1,139.95000000000002,486,2,Inactive
13840.0,1,651.4,416,2,Inactive
13841.0,1,85.0,253,2,Inactive
13842.0,18,5319.34,59,1,Revenue Drivers
13843.0,1,319.75,381,2,Inactive
13844.0,1,361.62,11,3,Growth Segment
13845.0,1,312.98,65,2,Inactive
13846.0,4,1307.79,25,3,Growth Segment
13847.0,1,310.72,720,2,Inactive
13848.0,8,3015.0,92,1,Revenue Drivers
13849.0,5,3469.3,52,1,Revenue Drivers
13850.0,1,1595.48,129,0,Retention Risk Customers
13851.0,8,4606.46,96,1,Revenue Drivers
13852.0,1,187.35,611,2,Inactive
13853.0,1,1090.14,57,3,Growth Segment
13854.0,39,11944.56,9,1,Revenue Drivers
13855.0,4,1310.34,501,0,Retention Risk Customers
13856.0,11,1142.03,169,0,Retention Risk Customers
13857.0,6,1001.01,393,0,Retention Risk Customers
13858.0,1,216.17,57,2,Inactive
13859.0,2,515.86,326,0,Retention Risk Customers
13860.0,5,1245.9,1,3,Growth Segment
13861.0,2,273.26,429,2,Inactive
13862.0,9,2556.09,18,1,Revenue Drivers
13863.0,4,1239.55,248,0,Retention Risk Customers
13864.0,1,662.4000000000001,387,2,Inactive
13865.0,4,501.56,58,3,Growth Segment
13866.0,1,145.67,74,2,Inactive
13867.0,3,1005.09,31,3,Growth Segment
13868.0,2,3192.54,7,3,Growth Segment
13869.0,10,7996.87,123,1,Revenue Drivers
13870.0,15,5712.08,2,1,Revenue Drivers
13871.0,17,7885.85,23,1,Revenue Drivers
13872.0,3,919.57,527,0,Retention Risk Customers
13873.0,8,1038.92,120,0,Retention Risk Customers
13874.0,7,2049.15,358,0,Retention Risk Customers
13875.0,14,4814.37,54,1,Revenue Drivers
13876.0,1,122.7,64,2,Inactive
13877.0,3,449.68,86,3,Growth Segment
13878.0,4,2416.9,55,1,Revenue Drivers
13879.0,1,395.5,646,2,Inactive
13880.0,17,4293.86,21,1,Revenue Drivers
13881.0,43,45179.1,4,1,Revenue Drivers
13882.0,5,1191.13,3,3,Growth Segment
13883.0,15,6560.02,11,1,Revenue Drivers
13884.0,10,1825.03,7,1,Revenue Drivers
13885.0,2,506.8,189,0,Retention Risk Customers
13886.0,1,243.56,71,2,Inactive
13887.0,1,349.55,204,2,Inactive
13888.0,7,2001.59,120,0,Retention Risk Customers
13889.0,6,1991.23,93,0,Retention Risk Customers
13890.0,14,2927.38,1,1,Revenue Drivers
13891.0,3,859.21,378,0,Retention Risk Customers
13892.0,6,1267.65,27,3,Growth Segment
13893.0,1,821.1,298,0,Retention Risk Customers
13894.0,3,564.62,24,3,Growth Segment
13895.0,6,4008.52,28,1,Revenue Drivers
13896.0,1,388.55,626,2,Inactive
13897.0,3,1160.72,50,3,Growth Segment
13898.0,2,686.4,326,0,Retention Risk Customers
13899.0,2,388.52,16,3,Growth Segment
13900.0,6,1610.59,183,0,Retention Risk Customers
13901.0,15,5676.34,72,1,Revenue Drivers
13902.0,5,34095.26,632,1,Revenue Drivers
13903.0,1,165.45000000000002,400,2,Inactive
13904.0,2,332.64,37,3,Growth Segment
13905.0,1,312.65,733,2,Inactive
13906.0,1,42.0,409,2,Inactive
13907.0,1,136.8,692,2,Inactive
13908.0,4,2369.55,80,0,Retention Risk Customers
13909.0,2,282.85,423,2,Inactive
13911.0,20,4234.99,57,1,Revenue Drivers
13912.0,1,124.95,424,2,Inactive
13913.0,1,42.22,507,2,Inactive
13914.0,2,626.45,12,3,Growth Segment
13915.0,1,70.80000000000001,394,2,Inactive
13916.0,4,1275.81,464,0,Retention Risk Customers
13917.0,2,272.04,50,3,Growth Segment
13918.0,2,1212.84,50,3,Growth Segment
13919.0,4,1360.68,59,3,Growth Segment
13920.0,4,1774.68,432,0,Retention Risk Customers
13921.0,4,730.7,402,0,Retention Risk Customers
13922.0,3,865.2,352,0,Retention Risk Customers
13923.0,1,351.13,54,3,Growth Segment
13924.0,6,1838.85,2,1,Revenue Drivers
13925.0,4,678.25,93,3,Growth Segment
13926.0,1,223.85,23,3,Growth Segment
13927.0,2,708.26,75,3,Growth Segment
13928.0,4,464.57,11,3,Growth Segment
13929.0,11,3494.1,169,1,Revenue Drivers
13930.0,2,337.34,58,3,Growth Segment
13931.0,11,5257.38,96,1,Revenue Drivers
13932.0,1,307.4,295,2,Inactive
13933.0,2,608.79,109,3,Growth Segment
13934.0,1,922.1,264,0,Retention Risk Customers
13935.0,3,6116.92,597,0,Retention Risk Customers
13936.0,3,939.66,180,0,Retention Risk Customers
13937.0,2,880.13,169,0,Retention Risk Customers
13938.0,1,71.66,35,2,Inactive
13939.0,7,1560.96,23,1,Revenue Drivers
13940.0,4,839.14,17,3,Growth Segment
13941.0,15,10027.18,22,1,Revenue Drivers
13942.0,1,320.0,535,2,Inactive
13943.0,1,246.54,578,2,Inactive
13944.0,1,200.43,653,2,Inactive
13945.0,2,854.15,395,0,Retention Risk Customers
13946.0,6,1876.23,79,0,Retention Risk Customers
13947.0,1,90.6,65,2,Inactive
13948.0,4,548.76,361,0,Retention Risk Customers
13949.0,6,2427.32,3,1,Revenue Drivers
13950.0,4,745.06,11,3,Growth Segment
13951.0,3,674.45,176,0,Retention Risk Customers
13952.0,14,12823.521,218,1,Revenue Drivers
13953.0,12,6640.68,7,1,Revenue Drivers
13954.0,2,439.92,2,3,Growth Segment
13955.0,3,544.0699999999999,154,0,Retention Risk Customers
13956.0,5,1019.27,5,3,Growth Segment
13957.0,3,458.25,418,0,Retention Risk Customers
13958.0,8,4709.2300000000005,380,0,Retention Risk Customers
13959.0,6,1064.77,79,3,Growth Segment
13960.0,2,230.22,21,3,Growth Segment
13961.0,1,538.4,392,2,Inactive
13962.0,3,362.8,22,3,Growth Segment
13963.0,17,2860.57,308,0,Retention Risk Customers
13964.0,2,438.9,387,2,Inactive
13965.0,3,996.61,477,0,Retention Risk Customers
13966.0,1,384.26,435,2,Inactive
13967.0,2,166.3,146,2,Inactive
13968.0,1,123.66,423,2,Inactive
13969.0,35,12973.46,7,1,Revenue Drivers
13970.0,2,846.55,386,0,Retention Risk Customers
13971.0,14,4667.57,19,1,Revenue Drivers
13972.0,2,190.25,71,2,Inactive
13973.0,1,264.7,287,2,Inactive
13974.0,2,677.72,49,3,Growth Segment
13975.0,12,5256.4,31,1,Revenue Drivers
13976.0,4,1192.36,207,0,Retention Risk Customers
13977.0,1,519.8100000000001,411,2,Inactive
13978.0,2,196.79,15,3,Growth Segment
13979.0,7,3379.93,73,1,Revenue Drivers
13980.0,5,768.8199999999999,60,3,Growth Segment
13981.0,1,331.14,416,2,Inactive
13982.0,9,3954.29,39,1,Revenue Drivers
13983.0,21,6753.89,30,1,Revenue Drivers
13984.0,12,1893.8,27,1,Revenue Drivers
13985.0,22,10020.86,4,1,Revenue Drivers
13986.0,1,320.46,17,3,Growth Segment
13987.0,2,682.54,380,0,Retention Risk Customers
13988.0,8,4757.8,20,1,Revenue Drivers
13989.0,5,2026.06,66,1,Revenue Drivers
13990.0,1,311.3,213,2,Inactive
13991.0,6,852.88,12,3,Growth Segment
13992.0,3,219.5,30,3,Growth Segment
13993.0,19,6775.71,43,1,Revenue Drivers
13994.0,6,2274.14,4,1,Revenue Drivers
13995.0,14,3902.01,15,1,Revenue Drivers
13996.0,2,895.76,386,0,Retention Risk Customers
13997.0,3,376.46,519,0,Retention Risk Customers
13998.0,3,566.7,447,0,Retention Risk Customers
13999.0,29,9502.26,10,1,Revenue Drivers
14000.0,5,2046.34,211,0,Retention Risk Customers
14001.0,9,4228.85,46,1,Revenue Drivers
14002.0,2,529.73,134,0,Retention Risk Customers
14003.0,1,209.41,733,2,Inactive
14004.0,11,6258.45,43,1,Revenue Drivers
14005.0,5,2874.72,10,1,Revenue Drivers
14006.0,7,2196.67,116,0,Retention Risk Customers
14007.0,1,79.48,513,2,Inactive
14008.0,1,509.04,432,2,Inactive
14009.0,3,1099.91,198,0,Retention Risk Customers
14010.0,2,445.15,565,2,Inactive
14011.0,2,457.82,480,2,Inactive
14012.0,1,328.8,278,2,Inactive
14013.0,5,1084.57,110,0,Retention Risk Customers
14014.0,3,1948.21,77,0,Retention Risk Customers
14015.0,1,917.34,53,3,Growth Segment
14016.0,11,11403.41,162,1,Revenue Drivers
14017.0,1,229.75,571,2,Inactive
14018.0,1,367.15,645,2,Inactive
14019.0,3,1421.61,47,3,Growth Segment
14020.0,4,1249.01,17,3,Growth Segment
14021.0,7,1716.58,155,0,Retention Risk Customers
14022.0,2,792.15,225,0,Retention Risk Customers
14023.0,2,584.07,7,3,Growth Segment
14024.0,3,645.74,122,0,Retention Risk Customers
14025.0,8,4057.9,465,0,Retention Risk Customers
14026.0,2,713.11,471,0,Retention Risk Customers
14027.0,1,104.82,61,2,Inactive
14028.0,3,10396.5,550,0,Retention Risk Customers
14029.0,2,467.66,63,3,Growth Segment
14030.0,20,7521.8,18,1,Revenue Drivers
14031.0,44,39019.51,7,1,Revenue Drivers
14032.0,16,4546.41,2,1,Revenue Drivers
14033.0,1,109.44,555,2,Inactive
14034.0,3,648.89,22,3,Growth Segment
14035.0,9,2794.75,29,1,Revenue Drivers
14036.0,1,626.65,285,2,Inactive
14037.0,6,836.95,176,0,Retention Risk Customers
14038.0,5,3069.88,78,1,Revenue Drivers
14039.0,2,267.28000000000003,33,3,Growth Segment
14040.0,35,12523.81,41,1,Revenue Drivers
14041.0,1,141.41,266,2,Inactive
14042.0,1,431.98,725,2,Inactive
14043.0,2,302.59999999999997,491,2,Inactive
14044.0,10,3077.7,27,1,Revenue Drivers
14045.0,16,10986.63,109,1,Revenue Drivers
14046.0,1,154.99,284,2,Inactive
14047.0,14,3968.11,9,1,Revenue Drivers
14048.0,3,748.69,305,0,Retention Risk Customers
14049.0,13,13023.4,17,1,Revenue Drivers
14050.0,2,746.36,32,3,Growth Segment
14051.0,37,21770.98,1,1,Revenue Drivers
14052.0,2,466.66,20,3,Growth Segment
14053.0,4,572.3,124,0,Retention Risk Customers
14054.0,1,92.46,65,2,Inactive
14055.0,3,1520.96,106,0,Retention Risk Customers
14056.0,23,8152.71,1,1,Revenue Drivers
14057.0,22,8346.66,24,1,Revenue Drivers
14058.0,2,469.19,463,0,Retention Risk Customers
14059.0,1,183.6,267,2,Inactive
14060.0,30,8898.24,5,1,Revenue Drivers
14061.0,3,917.43,507,0,Retention Risk Customers
14062.0,24,25585.65,10,1,Revenue Drivers
14063.0,9,22710.2,438,1,Revenue Drivers
14064.0,15,3260.24,29,1,Revenue Drivers
14065.0,3,891.02,389,0,Retention Risk Customers
14066.0,1,152.55,267,2,Inactive
14067.0,2,374.7,64,3,Growth Segment
14068.0,4,1516.72,320,0,Retention Risk Customers
14069.0,2,225.81,515,2,Inactive
14070.0,1,321.6,685,2,Inactive
14071.0,8,1437.57,4,1,Revenue Drivers
14072.0,1,390.85,667,2,Inactive
14073.0,1,151.04,32,2,Inactive
14074.0,1,219.4,623,2,Inactive
14075.0,6,1734.87,5,1,Revenue Drivers
14076.0,1,118.67,129,2,Inactive
14077.0,6,615.08,41,3,Growth Segment
14078.0,9,1553.47,102,0,Retention Risk Customers
14079.0,2,618.73,125,3,Growth Segment
14080.0,5,1115.68,33,3,Growth Segment
14081.0,10,4867.57,302,0,Retention Risk Customers
14082.0,2,413.36,365,2,Inactive
14083.0,11,1082.19,4,3,Growth Segment
14084.0,1,150.5,512,2,Inactive
14085.0,33,9720.67,2,1,Revenue Drivers
14086.0,1,39.95,463,2,Inactive
14087.0,3,829.47,3,3,Growth Segment
14088.0,16,64036.8,10,1,Revenue Drivers
14089.0,1,158.75,57,2,Inactive
14090.0,1,76.32000000000001,325,2,Inactive
14091.0,2,9530.08,654,0,Retention Risk Customers
14092.0,24,7229.45,8,1,Revenue Drivers
14093.0,1,433.86,12,3,Growth Segment
14094.0,1,311.77,440,2,Inactive
14095.0,1,2.95,723,2,Inactive
14096.0,17,65164.79,4,1,Revenue Drivers
14097.0,2,422.86,481,2,Inactive
14098.0,1,147.35,37,2,Inactive
14099.0,20,5750.91,16,1,Revenue Drivers
14100.0,1,191.95,138,2,Inactive
14101.0,13,9961.93,74,1,Revenue Drivers
14102.0,5,1105.88,5,3,Growth Segment
14104.0,5,743.53,155,0,Retention Risk Customers
14105.0,5,5988.83,239,0,Retention Risk Customers
14106.0,1,214.8,737,2,Inactive
14107.0,11,4877.3,52,1,Revenue Drivers
14108.0,4,1044.96,31,3,Growth Segment
14109.0,1,144.2,73,2,Inactive
14110.0,33,12987.95,4,1,Revenue Drivers
14111.0,4,692.85,14,3,Growth Segment
14112.0,13,5834.59,23,1,Revenue Drivers
14113.0,16,7092.610000000001,4,1,Revenue Drivers
14114.0,7,1364.09,274,0,Retention Risk Customers
14115.0,2,622.67,502,0,Retention Risk Customers
14116.0,5,1382.74,20,3,Growth Segment
14117.0,1,90.0,144,2,Inactive
14118.0,1,458.45,429,2,Inactive
14119.0,2,183.37,376,2,Inactive
14121.0,4,2780.15,4,1,Revenue Drivers
14122.0,3,362.42,406,0,Retention Risk Customers
14123.0,1,436.18,733,2,Inactive
14124.0,1,419.58,84,3,Growth Segment
14125.0,3,2720.63,11,1,Revenue Drivers
14126.0,4,1172.46,8,3,Growth Segment
14127.0,6,1900.08,123,0,Retention Risk Customers
14128.0,3,924.21,61,3,Growth Segment
14129.0,9,2591.34,2,1,Revenue Drivers
14130.0,4,1858.77,319,0,Retention Risk Customers
14131.0,1,168.22,649,2,Inactive
14132.0,11,3586.0299999999997,2,1,Revenue Drivers
14133.0,4,911.14,130,0,Retention Risk Customers
14134.0,15,11123.35,383,1,Revenue Drivers
14135.0,24,8839.67,2,1,Revenue Drivers
14136.0,5,1570.81,401,0,Retention Risk Customers
14137.0,1,332.7,696,2,Inactive
14138.0,2,965.88,2,3,Growth Segment
14139.0,4,1086.8,46,3,Growth Segment
14140.0,2,935.05,4,3,Growth Segment
14141.0,4,915.13,3,3,Growth Segment
14142.0,2,671.34,373,0,Retention Risk Customers
14143.0,1,115.8,134,2,Inactive
14144.0,1,30.6,486,2,Inactive
14145.0,7,7600.05,47,1,Revenue Drivers
14146.0,12,9450.3,9,1,Revenue Drivers
14147.0,9,2590.2,78,1,Revenue Drivers
14148.0,2,466.29,234,0,Retention Risk Customers
14149.0,1,446.62,221,2,Inactive
14150.0,2,658.64,36,3,Growth Segment
14151.0,2,679.45,673,0,Retention Risk Customers
14152.0,7,1997.34,75,1,Revenue Drivers
14153.0,1,233.4,483,2,Inactive
14154.0,8,6460.7,239,1,Revenue Drivers
14155.0,1,118.75,266,2,Inactive
14156.0,156,313437.62,10,1,Revenue Drivers
14157.0,5,978.69,20,3,Growth Segment
14158.0,1,507.66,40,3,Growth Segment
14159.0,20,7860.8,20,1,Revenue Drivers
14160.0,7,8421.47,610,0,Retention Risk Customers
14161.0,7,2996.93,216,0,Retention Risk Customers
14162.0,2,289.36,174,2,Inactive
14163.0,5,2594.62,87,1,Revenue Drivers
14164.0,2,1631.77,71,3,Growth Segment
14165.0,1,120.44,276,2,Inactive
14166.0,2,251.15,505,2,Inactive
14167.0,8,1274.29,39,3,Growth Segment
14168.0,2,370.45,421,2,Inactive
14169.0,2,621.51,431,0,Retention Risk Customers
14170.0,3,570.18,375,0,Retention Risk Customers
14171.0,2,498.79,98,3,Growth Segment
14172.0,3,369.02,605,2,Inactive
14173.0,6,586.0,11,3,Growth Segment
14174.0,1,134.46,33,2,Inactive
14175.0,8,7678.88,60,1,Revenue Drivers
14176.0,5,756.46,297,0,Retention Risk Customers
14177.0,13,2209.69,86,1,Revenue Drivers
14178.0,7,1600.26,9,1,Revenue Drivers
14179.0,2,701.57,41,3,Growth Segment
14180.0,33,6117.5,11,1,Revenue Drivers
14181.0,2,308.35,411,2,Inactive
14182.0,4,678.77,444,0,Retention Risk Customers
14183.0,2,278.34000000000003,411,2,Inactive
14184.0,1,452.89,67,3,Growth Segment
14185.0,1,197.65,331,2,Inactive
14186.0,5,1550.63,427,0,Retention Risk Customers
14187.0,1,123.5,474,2,Inactive
14188.0,6,2054.36,31,1,Revenue Drivers
14189.0,16,5503.15,2,1,Revenue Drivers
14190.0,1,79.9,666,2,Inactive
14191.0,15,4817.66,2,1,Revenue Drivers
14192.0,1,293.74,388,2,Inactive
14193.0,3,1210.19,68,3,Growth Segment
14194.0,36,18670.59,5,1,Revenue Drivers
14195.0,6,2615.6,202,0,Retention Risk Customers
14196.0,1,335.52,107,2,Inactive
14197.0,1,390.05,411,2,Inactive
14198.0,9,1569.73,18,1,Revenue Drivers
14199.0,4,1091.7,218,0,Retention Risk Customers
14200.0,1,379.2,617,2,Inactive
14201.0,10,1193.54,60,3,Growth Segment
14202.0,3,847.76,381,0,Retention Risk Customers
14203.0,1,339.34,397,2,Inactive
14204.0,4,1024.83,2,3,Growth Segment
14205.0,9,2414.2,17,1,Revenue Drivers
14206.0,3,1185.01,239,0,Retention Risk Customers
14207.0,1,157.8,688,2,Inactive
14208.0,2,567.05,95,3,Growth Segment
14209.0,15,4993.27,11,1,Revenue Drivers
14210.0,16,5556.570000000001,106,1,Revenue Drivers
14211.0,18,4402.29,53,1,Revenue Drivers
14212.0,2,2190.14,90,0,Retention Risk Customers
14213.0,1,1192.2,405,0,Retention Risk Customers
14214.0,5,1004.38,31,3,Growth Segment
14215.0,9,3250.33,12,1,Revenue Drivers
14216.0,5,2150.04,3,1,Revenue Drivers
14217.0,23,3298.59,2,1,Revenue Drivers
14218.0,1,169.48000000000002,43,2,Inactive
14219.0,3,633.83,4,3,Growth Segment
14220.0,4,1515.0,247,0,Retention Risk Customers
14221.0,17,6517.49,42,1,Revenue Drivers
14222.0,1,683.17,177,0,Retention Risk Customers
14223.0,3,991.13,92,3,Growth Segment
14224.0,9,1841.71,110,0,Retention Risk Customers
14225.0,4,2031.07,435,0,Retention Risk Customers
14226.0,6,2985.13,29,1,Revenue Drivers
14227.0,15,6368.71,26,1,Revenue Drivers
14228.0,3,745.5,438,0,Retention Risk Customers
14229.0,7,2594.04,52,1,Revenue Drivers
14230.0,3,979.8,436,0,Retention Risk Customers
14231.0,4,1235.62,184,0,Retention Risk Customers
14232.0,5,2048.07,43,1,Revenue Drivers
14233.0,7,2904.27,49,1,Revenue Drivers
14234.0,4,754.12,22,3,Growth Segment
14235.0,9,4717.99,75,1,Revenue Drivers
14236.0,5,1555.34,81,0,Retention Risk Customers
14237.0,2,471.14,373,0,Retention Risk Customers
14238.0,3,434.23,326,0,Retention Risk Customers
14239.0,21,4263.17,43,1,Revenue Drivers
14240.0,3,1247.49,30,3,Growth Segment
14241.0,2,333.7,184,2,Inactive
14242.0,2,280.55,235,2,Inactive
14243.0,17,7217.75,9,1,Revenue Drivers
14244.0,1,366.42,661,2,Inactive
14245.0,2,1693.45,220,0,Retention Risk Customers
14246.0,3,1474.06,111,0,Retention Risk Customers
14247.0,5,753.56,278,0,Retention Risk Customers
14248.0,3,1032.95,318,0,Retention Risk Customers
14249.0,12,5400.461,411,0,Retention Risk Customers
14250.0,3,1904.05,7,3,Growth Segment
14251.0,5,2879.7000000000003,2,1,Revenue Drivers
14252.0,1,350.99,381,2,Inactive
14253.0,2,363.4,493,2,Inactive
14254.0,1,601.03,433,2,Inactive
14255.0,1,1000.63,546,0,Retention Risk Customers
14256.0,5,2460.79,260,0,Retention Risk Customers
14257.0,9,5954.45,64,1,Revenue Drivers
14258.0,25,32051.34,9,1,Revenue Drivers
14259.0,1,120.0,142,2,Inactive
14260.0,3,824.28,471,0,Retention Risk Customers
14261.0,2,1163.45,51,3,Growth Segment
14262.0,8,2618.23,8,1,Revenue Drivers
14263.0,1,322.93,423,2,Inactive
14264.0,6,1517.36,155,0,Retention Risk Customers
14265.0,4,1373.35,109,0,Retention Risk Customers
14266.0,1,40.56,428,2,Inactive
14267.0,3,1516.24,163,0,Retention Risk Customers
14268.0,1,354.85,471,2,Inactive
14269.0,1,295.73,439,2,Inactive
14270.0,1,492.65,332,2,Inactive
14271.0,2,214.18,226,2,Inactive
14272.0,4,920.81,74,3,Growth Segment
14273.0,4,559.97,51,3,Growth Segment
14274.0,1,256.6,686,2,Inactive
14275.0,6,1189.38,396,0,Retention Risk Customers
14276.0,7,2102.68,99,0,Retention Risk Customers
14277.0,9,17197.61,15,1,Revenue Drivers
14278.0,1,205.83,410,2,Inactive
14279.0,2,191.86,521,2,Inactive
14280.0,1,134.04,197,2,Inactive
14281.0,1,245.15,408,2,Inactive
14282.0,25,7250.76,3,1,Revenue Drivers
14283.0,4,628.4399999999999,463,0,Retention Risk Customers
14284.0,3,1299.65,31,3,Growth Segment
14285.0,8,3284.42,21,1,Revenue Drivers
14286.0,7,8479.76,24,1,Revenue Drivers
14287.0,3,176.63,8,3,Growth Segment
14288.0,1,426.6,213,2,Inactive
14289.0,6,911.26,9,3,Growth Segment
14290.0,8,4516.56,11,1,Revenue Drivers
14291.0,23,7904.099999999999,2,1,Revenue Drivers
14292.0,16,9226.25,8,1,Revenue Drivers
14293.0,9,2903.01,3,1,Revenue Drivers
14294.0,1,375.34,407,2,Inactive
14295.0,5,2362.91,40,1,Revenue Drivers
14296.0,2,456.4,421,0,Retention Risk Customers
14297.0,4,1305.33,18,3,Growth Segment
14298.0,82,91194.49,8,1,Revenue Drivers
14299.0,27,14070.25,8,1,Revenue Drivers
14300.0,1,43.2,19,2,Inactive
14301.0,4,1992.18,117,0,Retention Risk Customers
14302.0,3,742.9000000000001,431,0,Retention Risk Customers
14303.0,2,277.94,407,2,Inactive
14304.0,3,1725.01,223,0,Retention Risk Customers
14305.0,3,1858.96,71,3,Growth Segment
14306.0,6,3151.4,51,1,Revenue Drivers
14307.0,10,4287.92,89,1,Revenue Drivers
14308.0,2,1147.02,549,0,Retention Risk Customers
14309.0,11,3780.81,8,1,Revenue Drivers
14310.0,1,492.1,433,2,Inactive
14311.0,2,516.45,243,0,Retention Risk Customers
14312.0,11,3090.29,47,1,Revenue Drivers
14314.0,2,229.8,107,2,Inactive
14315.0,8,3197.82,45,1,Revenue Drivers
14316.0,5,1370.34,422,0,Retention Risk Customers
14317.0,1,508.58,65,3,Growth Segment
14318.0,1,158.02,460,2,Inactive
14319.0,1,494.85,424,2,Inactive
14320.0,5,1346.75,207,0,Retention Risk Customers
14321.0,7,2218.06,11,1,Revenue Drivers
14322.0,4,474.1,429,0,Retention Risk Customers
14323.0,2,605.0600000000001,115,3,Growth Segment
14324.0,2,701.61,410,0,Retention Risk Customers
14325.0,1,245.48,570,2,Inactive
14326.0,3,940.98,242,0,Retention Risk Customers
14327.0,6,1894.93,163,0,Retention Risk Customers
14328.0,1,445.05,438,2,Inactive
14329.0,15,9887.62,17,1,Revenue Drivers
14330.0,1,200.63,624,2,Inactive
14331.0,2,462.66,124,3,Growth Segment
14332.0,5,1917.41,23,1,Revenue Drivers
14333.0,1,415.2,68,3,Growth Segment
14334.0,12,4318.48,17,1,Revenue Drivers
14335.0,2,454.86,16,3,Growth Segment
14336.0,4,1614.91,17,3,Growth Segment
14338.0,3,928.1,161,0,Retention Risk Customers
14339.0,2,620.27,243,0,Retention Risk Customers
14340.0,1,134.7,219,2,Inactive
14341.0,18,4452.02,45,1,Revenue Drivers
14342.0,6,918.44,21,3,Growth Segment
14343.0,4,1079.66,421,0,Retention Risk Customers
14344.0,20,2993.05,127,1,Revenue Drivers
14345.0,1,108.98,39,2,Inactive
14346.0,5,2315.75,121,0,Retention Risk Customers
14347.0,1,82.60000000000001,737,2,Inactive
14348.0,1,409.57,260,2,Inactive
14349.0,1,133.5,10,3,Growth Segment
14350.0,3,972.03,274,0,Retention Risk Customers
14351.0,1,51.0,165,2,Inactive
14352.0,4,1078.96,157,0,Retention Risk Customers
14353.0,3,376.5,215,0,Retention Risk Customers
14354.0,2,163.62,6,3,Growth Segment
14355.0,3,840.05,366,0,Retention Risk Customers
14356.0,2,701.23,80,3,Growth Segment
14357.0,1,225.12,43,2,Inactive
14358.0,2,400.06,389,2,Inactive
14359.0,3,912.18,19,3,Growth Segment
14360.0,4,2118.03,32,1,Revenue Drivers
14361.0,1,214.71,579,2,Inactive
14362.0,1,151.5,22,2,Inactive
14363.0,2,227.47000000000003,402,2,Inactive
14364.0,8,3717.35,109,1,Revenue Drivers
14365.0,2,634.68,395,0,Retention Risk Customers
14366.0,1,136.0,525,2,Inactive
14367.0,16,9227.82,8,1,Revenue Drivers
14368.0,1,155.0,320,2,Inactive
14369.0,2,469.13,642,2,Inactive
14370.0,6,1175.78,451,0,Retention Risk Customers
14371.0,1,100.5,295,2,Inactive
14372.0,2,860.08,443,0,Retention Risk Customers
14373.0,1,76.55,358,2,Inactive
14374.0,1,108.0,541,2,Inactive
14375.0,3,1106.82,185,0,Retention Risk Customers
14376.0,1,215.46,683,2,Inactive
14377.0,2,617.05,191,0,Retention Risk Customers
14378.0,1,131.25,622,2,Inactive
14379.0,4,1265.16,44,3,Growth Segment
14380.0,1,48.96,682,2,Inactive
14381.0,2,625.94,52,3,Growth Segment
14382.0,2,1193.63,26,3,Growth Segment
14383.0,3,1247.69,38,3,Growth Segment
14384.0,1,58.5,501,2,Inactive
14385.0,3,202.11,9,3,Growth Segment
14386.0,1,142.4,297,2,Inactive
14387.0,3,1727.6,33,3,Growth Segment
14388.0,16,6388.2,10,1,Revenue Drivers
14389.0,5,1898.01,65,1,Revenue Drivers
14390.0,13,6150.03,10,1,Revenue Drivers
14391.0,1,135.6,577,2,Inactive
14392.0,1,266.4,432,2,Inactive
14393.0,1,67.95,218,2,Inactive
14394.0,1,93.8,565,2,Inactive
14395.0,20,7801.93,2,1,Revenue Drivers
14396.0,7,1969.38,65,1,Revenue Drivers
14397.0,19,2612.96,3,1,Revenue Drivers
14398.0,2,707.79,401,0,Retention Risk Customers
14399.0,8,2108.21,394,0,Retention Risk Customers
14400.0,3,1732.47,149,0,Retention Risk Customers
14401.0,22,6795.9,4,1,Revenue Drivers
14402.0,1,285.6,652,2,Inactive
14403.0,6,1880.51,130,0,Retention Risk Customers
14404.0,13,2724.13,34,1,Revenue Drivers
14405.0,1,195.0,387,2,Inactive
14406.0,1,156.75,119,2,Inactive
14407.0,6,2157.73,107,0,Retention Risk Customers
14408.0,11,4102.27,11,1,Revenue Drivers
14409.0,9,3427.29,71,1,Revenue Drivers
14410.0,11,2631.9,92,1,Revenue Drivers
14411.0,1,1063.0,311,0,Retention Risk Customers
14412.0,3,1426.19,43,3,Growth Segment
14413.0,4,764.52,362,0,Retention Risk Customers
14414.0,8,2399.33,92,1,Revenue Drivers
14415.0,23,11980.09,1,1,Revenue Drivers
14416.0,2,490.22,22,3,Growth Segment
14417.0,1,524.65,388,2,Inactive
14418.0,3,1937.25,4,3,Growth Segment
14419.0,7,1254.64,11,3,Growth Segment
14420.0,4,1639.17,99,0,Retention Risk Customers
14421.0,6,2469.37,57,1,Revenue Drivers
14422.0,19,10271.52,1,1,Revenue Drivers
14423.0,3,916.61,218,0,Retention Risk Customers
14424.0,1,322.08,18,3,Growth Segment
14425.0,3,661.39,435,0,Retention Risk Customers
14426.0,17,11727.94,24,1,Revenue Drivers
14427.0,4,1263.52,50,3,Growth Segment
14428.0,5,1224.06,7,3,Growth Segment
14429.0,1,516.28,404,2,Inactive
14430.0,3,1220.9,512,0,Retention Risk Customers
14431.0,4,2614.2,303,0,Retention Risk Customers
14432.0,6,2248.5,10,1,Revenue Drivers
14433.0,1,280.7,466,2,Inactive
14434.0,6,1372.8,22,3,Growth Segment
14435.0,1,90.42,502,2,Inactive
14436.0,2,271.7,99,2,Inactive
14437.0,5,873.34,366,0,Retention Risk Customers
14438.0,1,131.9,306,2,Inactive
14439.0,5,9443.04,320,1,Revenue Drivers
14440.0,13,5982.03,8,1,Revenue Drivers
14441.0,11,4611.6900000000005,1,1,Revenue Drivers
14442.0,7,5367.02,205,1,Revenue Drivers
14443.0,5,2082.97,54,1,Revenue Drivers
14444.0,1,120.44,456,2,Inactive
14445.0,1,221.65,456,2,Inactive
14446.0,5,1200.28,1,3,Growth Segment
14447.0,6,1711.73,19,1,Revenue Drivers
14448.0,2,375.35,9,3,Growth Segment
14449.0,8,2230.96,19,1,Revenue Drivers
14450.0,7,1128.44,181,0,Retention Risk Customers
14451.0,12,3258.68,60,1,Revenue Drivers
14452.0,4,658.95,11,3,Growth Segment
14453.0,1,119.93,190,2,Inactive
14454.0,5,977.3,376,0,Retention Risk Customers
14455.0,4,617.72,432,0,Retention Risk Customers
14456.0,9,3017.28,5,1,Revenue Drivers
14457.0,1,113.64,311,2,Inactive
14458.0,1,228.07,381,2,Inactive
14459.0,2,5375.741,155,0,Retention Risk Customers
14460.0,9,1093.5,110,0,Retention Risk Customers
14461.0,13,6676.91,148,1,Revenue Drivers
14462.0,12,2242.81,66,1,Revenue Drivers
14463.0,4,786.5699999999999,98,3,Growth Segment
14464.0,2,111.0,568,2,Inactive
14465.0,11,3925.85,247,0,Retention Risk Customers
14466.0,13,4267.15,29,1,Revenue Drivers
14467.0,12,2203.24,18,1,Revenue Drivers
14468.0,1,204.24,734,2,Inactive
14469.0,4,2093.46,416,0,Retention Risk Customers
14470.0,3,712.04,12,3,Growth Segment
14471.0,2,400.95,591,2,Inactive
14472.0,9,2118.72,104,1,Revenue Drivers
14473.0,2,234.34,74,2,Inactive
14474.0,2,1258.89,46,3,Growth Segment
14475.0,4,1151.15,72,3,Growth Segment
14476.0,1,193.0,257,2,Inactive
14477.0,7,1969.6,20,1,Revenue Drivers
14478.0,4,1276.66,382,0,Retention Risk Customers
14479.0,4,1124.71,254,0,Retention Risk Customers
14480.0,4,1299.52,11,3,Growth Segment
14481.0,5,2284.69,165,0,Retention Risk Customers
14482.0,12,4306.72,18,1,Revenue Drivers
14483.0,2,257.1,282,2,Inactive
14484.0,4,1070.98,50,3,Growth Segment
14485.0,1,162.8,39,2,Inactive
14486.0,2,175.5,512,2,Inactive
14487.0,7,1266.27,27,3,Growth Segment
14488.0,1,1064.28,68,3,Growth Segment
14489.0,4,1574.93,207,0,Retention Risk Customers
14490.0,2,1273.47,406,0,Retention Risk Customers
14491.0,2,340.93,175,2,Inactive
14492.0,7,1921.91,430,0,Retention Risk Customers
14493.0,10,5087.86,7,1,Revenue Drivers
14494.0,3,401.46,26,3,Growth Segment
14495.0,3,174.8,51,3,Growth Segment
14496.0,7,2363.89,312,0,Retention Risk Customers
14497.0,2,697.0600000000001,309,0,Retention Risk Customers
14498.0,10,3900.83,43,1,Revenue Drivers
14499.0,7,2101.79,26,1,Revenue Drivers
14500.0,3,356.85,88,3,Growth Segment
14501.0,2,251.21,184,2,Inactive
14502.0,11,2429.83,20,1,Revenue Drivers
14503.0,6,3543.26,3,1,Revenue Drivers
14504.0,4,673.26,47,3,Growth Segment
14505.0,19,11879.08,17,1,Revenue Drivers
14506.0,7,2960.25,17,1,Revenue Drivers
14507.0,11,3216.74,24,1,Revenue Drivers
14508.0,5,822.92,22,3,Growth Segment
14509.0,1,110.95,534,2,Inactive
14510.0,3,979.85,376,0,Retention Risk Customers
14511.0,5,1314.81,11,3,Growth Segment
14512.0,7,1215.97,188,0,Retention Risk Customers
14513.0,6,788.01,101,0,Retention Risk Customers
14514.0,9,4380.04,61,1,Revenue Drivers
14515.0,12,3724.06,18,1,Revenue Drivers
14516.0,1,151.17,516,2,Inactive
14517.0,2,330.45,33,3,Growth Segment
14518.0,1,174.37,64,2,Inactive
14519.0,2,203.14,684,2,Inactive
14520.0,2,270.6,2,3,Growth Segment
14521.0,1,199.45,491,2,Inactive
14522.0,8,1748.42,24,1,Revenue Drivers
14523.0,1,241.09,108,2,Inactive
14524.0,13,2909.86,32,1,Revenue Drivers
14525.0,17,8026.54,20,1,Revenue Drivers
14526.0,1,258.65,389,2,Inactive
14527.0,122,27246.88,3,1,Revenue Drivers
14528.0,1,364.22,37,3,Growth Segment
14529.0,3,578.61,60,3,Growth Segment
14530.0,16,6088.87,26,1,Revenue Drivers
14531.0,1,376.34,480,2,Inactive
14532.0,11,3845.78,236,1,Revenue Drivers
14533.0,11,3466.37,25,1,Revenue Drivers
14534.0,26,6187.66,3,1,Revenue Drivers
14535.0,9,5973.2300000000005,60,1,Revenue Drivers
14536.0,1,170.95,260,2,Inactive
14537.0,2,641.4,58,3,Growth Segment
14538.0,5,1370.84,65,3,Growth Segment
14539.0,2,537.48,16,3,Growth Segment
14540.0,11,3709.64,10,1,Revenue Drivers
14541.0,14,2491.38,59,1,Revenue Drivers
14542.0,1,103.25,186,2,Inactive
14543.0,39,14587.87,29,1,Revenue Drivers
14544.0,3,2938.53,24,1,Revenue Drivers
14545.0,1,349.25,674,2,Inactive
14546.0,11,5184.84,5,1,Revenue Drivers
14547.0,8,3974.75,4,1,Revenue Drivers
14548.0,9,2541.29,151,0,Retention Risk Customers
14549.0,4,913.6,311,0,Retention Risk Customers
14550.0,4,1345.06,11,3,Growth Segment
14551.0,7,878.09,18,3,Growth Segment
14552.0,3,507.93,152,0,Retention Risk Customers
14553.0,9,1818.6,19,1,Revenue Drivers
14554.0,4,2279.49,10,1,Revenue Drivers
14555.0,6,2304.03,57,1,Revenue Drivers
14556.0,3,815.69,596,0,Retention Risk Customers
14557.0,1,788.38,85,3,Growth Segment
14558.0,3,655.5,654,0,Retention Risk Customers
14559.0,1,75.6,390,2,Inactive
14560.0,44,6114.03,7,1,Revenue Drivers
14561.0,3,1080.76,76,3,Growth Segment
14562.0,26,6638.150000000001,4,1,Revenue Drivers
14563.0,2,640.54,510,0,Retention Risk Customers
14564.0,2,2605.62,435,0,Retention Risk Customers
14565.0,5,3859.22,96,1,Revenue Drivers
14566.0,4,4092.0,111,1,Revenue Drivers
14567.0,2,1530.36,57,3,Growth Segment
14568.0,1,919.7,435,0,Retention Risk Customers
14569.0,4,597.33,1,3,Growth Segment
14570.0,3,613.75,281,0,Retention Risk Customers
14571.0,1,160.0,425,2,Inactive
14572.0,11,5526.88,3,1,Revenue Drivers
14573.0,13,2163.12,180,0,Retention Risk Customers
14574.0,1,143.70000000000002,733,2,Inactive
14575.0,1,420.22,488,2,Inactive
14576.0,1,35.400000000000006,372,2,Inactive
14577.0,7,1364.15,13,3,Growth Segment
14578.0,1,168.63,3,3,Growth Segment
14579.0,1,105.56,432,2,Inactive
14580.0,1,14.85,518,2,Inactive
14581.0,2,409.65,17,3,Growth Segment
14582.0,1,114.11,41,2,Inactive
14583.0,8,1660.29,6,1,Revenue Drivers
14584.0,8,1738.16,169,0,Retention Risk Customers
14585.0,5,1143.27,50,3,Growth Segment
14586.0,1,237.36,277,2,Inactive
14587.0,9,1580.29,19,1,Revenue Drivers
14588.0,1,135.39,578,2,Inactive
14589.0,1,39.75,372,2,Inactive
14590.0,20,2993.37,425,0,Retention Risk Customers
14591.0,4,1320.21,15,3,Growth Segment
14592.0,3,557.94,35,3,Growth Segment
14593.0,12,3665.53,22,1,Revenue Drivers
14594.0,2,363.33,7,3,Growth Segment
14595.0,8,2164.45,20,1,Revenue Drivers
14596.0,1,222.22,627,2,Inactive
14597.0,6,2184.63,11,1,Revenue Drivers
14598.0,2,384.04,44,3,Growth Segment
14599.0,2,457.89,390,0,Retention Risk Customers
14600.0,2,865.17,306,0,Retention Risk Customers
14601.0,1,213.96,11,3,Growth Segment
14602.0,1,205.36,656,2,Inactive
14603.0,1,660.0,275,0,Retention Risk Customers
14604.0,1,143.86,633,2,Inactive
14605.0,4,921.56,374,0,Retention Risk Customers
14606.0,192,29951.37,1,1,Revenue Drivers
14607.0,22,23763.13,16,1,Revenue Drivers
14608.0,11,3352.94,4,1,Revenue Drivers
14609.0,10,1486.2,72,1,Revenue Drivers
14610.0,2,24.35,396,2,Inactive
14611.0,2,604.3299999999999,444,0,Retention Risk Customers
14612.0,1,877.7,415,0,Retention Risk Customers
14613.0,1,76.32000000000001,680,2,Inactive
14614.0,1,295.13,386,2,Inactive
14615.0,5,951.76,394,0,Retention Risk Customers
14616.0,5,527.78,243,0,Retention Risk Customers
14617.0,2,190.47,403,2,Inactive
14618.0,7,1342.32,9,3,Growth Segment
14619.0,2,1291.24,246,0,Retention Risk Customers
14620.0,2,412.78,206,2,Inactive
14621.0,9,3000.57,1,1,Revenue Drivers
14622.0,1,320.58000000000004,185,2,Inactive
14623.0,10,2016.98,32,1,Revenue Drivers
14624.0,6,814.0699999999999,57,3,Growth Segment
14625.0,11,4497.88,196,1,Revenue Drivers
14626.0,11,5410.92,24,1,Revenue Drivers
14627.0,1,462.75,379,2,Inactive
14628.0,5,1998.0,91,0,Retention Risk Customers
14629.0,2,955.26,4,3,Growth Segment
14630.0,1,338.65,484,2,Inactive
14631.0,6,2025.69,51,1,Revenue Drivers
14632.0,1,114.56,263,2,Inactive
14633.0,1,344.90000000000003,266,2,Inactive
14634.0,4,2124.46,438,0,Retention Risk Customers
14635.0,1,215.22,454,2,Inactive
14636.0,2,609.85,36,3,Growth Segment
14637.0,1,106.68,677,2,Inactive
14638.0,1,443.6,51,3,Growth Segment
14639.0,9,4978.96,52,1,Revenue Drivers
14640.0,10,3649.36,24,1,Revenue Drivers
14641.0,1,110.46,22,2,Inactive
14642.0,1,96.12,59,2,Inactive
14643.0,5,1679.89,170,0,Retention Risk Customers
14644.0,7,2247.72,68,1,Revenue Drivers
14645.0,3,876.89,157,0,Retention Risk Customers
14646.0,151,528602.52,2,1,Revenue Drivers
14647.0,2,506.04,201,0,Retention Risk Customers
14648.0,15,4466.65,416,0,Retention Risk Customers
14649.0,9,3651.19,5,1,Revenue Drivers
14650.0,1,62.5,589,2,Inactive
14651.0,9,2025.52,67,1,Revenue Drivers
14652.0,1,114.18,77,2,Inactive
14653.0,12,3593.06,1,1,Revenue Drivers
14654.0,1,246.86,738,2,Inactive
14655.0,7,3878.51,8,1,Revenue Drivers
14656.0,5,790.0,169,0,Retention Risk Customers
14657.0,6,1450.19,18,3,Growth Segment
14658.0,2,247.15,5,3,Growth Segment
14659.0,9,2529.93,9,1,Revenue Drivers
14660.0,2,285.74,87,3,Growth Segment
14661.0,1,107.95,27,2,Inactive
14662.0,7,1376.43,29,3,Growth Segment
14663.0,2,490.6,430,0,Retention Risk Customers
14664.0,2,636.24,20,3,Growth Segment
14665.0,7,2749.65,61,1,Revenue Drivers
14666.0,1,195.25,24,3,Growth Segment
14667.0,54,20395.34,11,1,Revenue Drivers
14668.0,1,111.63,445,2,Inactive
14669.0,7,3216.78,242,0,Retention Risk Customers
14670.0,3,583.33,280,0,Retention Risk Customers
14671.0,2,1127.45,549,0,Retention Risk Customers
14672.0,4,1113.14,235,0,Retention Risk Customers
14673.0,7,3037.32,3,1,Revenue Drivers
14674.0,1,173.66,509,2,Inactive
14675.0,2,1015.58,16,3,Growth Segment
14676.0,12,8356.79,31,1,Revenue Drivers
14677.0,1,184.91,593,2,Inactive
14678.0,1,403.39,579,2,Inactive
14679.0,3,1289.44,382,0,Retention Risk Customers
14680.0,58,55688.5,25,1,Revenue Drivers
14681.0,6,875.1500000000001,71,3,Growth Segment
14682.0,6,1514.81,188,0,Retention Risk Customers
14683.0,1,146.56,588,2,Inactive
14684.0,6,1430.03,26,3,Growth Segment
14685.0,8,4536.64,576,0,Retention Risk Customers
14686.0,5,852.53,414,0,Retention Risk Customers
14687.0,3,1402.06,107,0,Retention Risk Customers
14688.0,28,7190.42,8,1,Revenue Drivers
14689.0,1,112.8,209,2,Inactive
14690.0,4,777.6800000000001,44,3,Growth Segment
14691.0,5,2114.33,31,1,Revenue Drivers
14692.0,12,1715.14,137,0,Retention Risk Customers
14693.0,7,1165.36,265,0,Retention Risk Customers
14694.0,1,244.31,617,2,Inactive
14695.0,3,1534.22,519,0,Retention Risk Customers
14696.0,8,2473.28,4,1,Revenue Drivers
14697.0,2,188.61,218,2,Inactive
14698.0,5,1217.27,2,3,Growth Segment
14699.0,4,702.6,214,0,Retention Risk Customers
14700.0,5,3076.06,32,1,Revenue Drivers
14701.0,15,4487.11,11,1,Revenue Drivers
14702.0,29,6368.78,1,1,Revenue Drivers
14703.0,1,318.17,15,3,Growth Segment
14704.0,11,1752.92,11,1,Revenue Drivers
14705.0,1,179.0,199,2,Inactive
14706.0,1,367.54,619,2,Inactive
14707.0,2,139.2,436,2,Inactive
14708.0,5,1793.22,3,1,Revenue Drivers
14709.0,25,8886.33,15,1,Revenue Drivers
14710.0,13,1899.79,14,1,Revenue Drivers
14711.0,11,2839.62,10,1,Revenue Drivers
14712.0,4,1328.0700000000002,29,3,Growth Segment
14713.0,21,5115.76,9,1,Revenue Drivers
14714.0,4,906.24,24,3,Growth Segment
14715.0,8,1825.45,25,1,Revenue Drivers
14716.0,3,543.28,43,3,Growth Segment
14717.0,1,81.3,733,2,Inactive
14718.0,1,226.42,410,2,Inactive
14719.0,5,1581.84,2,3,Growth Segment
14720.0,3,663.81,6,3,Growth Segment
14721.0,1,109.07,379,2,Inactive
14722.0,3,489.52,147,0,Retention Risk Customers
14723.0,11,1803.06,10,1,Revenue Drivers
14724.0,1,341.9,590,2,Inactive
14725.0,4,1252.74,25,3,Growth Segment
14726.0,1,116.5,655,2,Inactive
14727.0,3,463.73,274,0,Retention Risk Customers
14728.0,1,190.58,413,2,Inactive
14729.0,3,586.24,374,0,Retention Risk Customers
14730.0,8,1897.57,1,1,Revenue Drivers
14731.0,3,380.02,47,3,Growth Segment
14732.0,19,5517.07,8,1,Revenue Drivers
14733.0,15,14335.15,16,1,Revenue Drivers
14734.0,4,1056.42,426,0,Retention Risk Customers
14735.0,56,12240.16,4,1,Revenue Drivers
14736.0,2,374.05,485,2,Inactive
14737.0,4,3554.17,4,1,Revenue Drivers
14738.0,9,1821.9,43,1,Revenue Drivers
14739.0,25,11573.62,4,1,Revenue Drivers
14740.0,11,4161.06,197,1,Revenue Drivers
14741.0,7,1713.09,12,1,Revenue Drivers
14742.0,1,579.85,435,2,Inactive
14743.0,1,50.48,593,2,Inactive
14744.0,14,3660.08,16,1,Revenue Drivers
14745.0,12,2551.41,113,1,Revenue Drivers
14746.0,4,593.5,406,0,Retention Risk Customers
14747.0,1,328.2,249,2,Inactive
14748.0,10,2681.9,29,1,Revenue Drivers
14749.0,1,310.15,480,2,Inactive
14750.0,1,112.03,736,2,Inactive
14751.0,2,126.45,684,2,Inactive
14752.0,1,389.64,44,3,Growth Segment
14753.0,2,869.51,87,3,Growth Segment
14754.0,6,1547.93,45,3,Growth Segment
14755.0,25,9972.55,10,1,Revenue Drivers
14756.0,3,2653.76,15,1,Revenue Drivers
14757.0,1,420.5,75,3,Growth Segment
14758.0,7,2864.97,145,0,Retention Risk Customers
14759.0,3,1625.97,5,3,Growth Segment
14760.0,1,89.2,297,2,Inactive
14761.0,3,447.92,59,3,Growth Segment
14762.0,2,417.57,264,2,Inactive
14764.0,1,278.3,47,3,Growth Segment
14765.0,3,254.11,29,3,Growth Segment
14766.0,11,6375.73,8,1,Revenue Drivers
14767.0,1,382.81,474,2,Inactive
14768.0,2,192.6,17,3,Growth Segment
14769.0,17,15514.11,3,1,Revenue Drivers
14770.0,8,3637.64,232,0,Retention Risk Customers
14771.0,2,594.62,621,0,Retention Risk Customers
14772.0,1,139.26,112,2,Inactive
14773.0,1,140.55,593,2,Inactive
14774.0,1,241.45,529,2,Inactive
14775.0,3,1011.9,58,3,Growth Segment
14776.0,15,3708.3,51,1,Revenue Drivers
14777.0,1,307.56,404,2,Inactive
14778.0,2,730.86,127,0,Retention Risk Customers
14779.0,3,386.15,281,0,Retention Risk Customers
14780.0,2,447.68,55,3,Growth Segment
14782.0,1,200.1,320,2,Inactive
14783.0,1,307.3,659,2,Inactive
14784.0,3,449.93,26,3,Growth Segment
14785.0,2,77.4,10,3,Growth Segment
14786.0,1,90.96,550,2,Inactive
14787.0,1,110.65,471,2,Inactive
14788.0,3,1156.32,7,3,Growth Segment
14789.0,1,197.64,29,3,Growth Segment
14790.0,10,2526.62,17,1,Revenue Drivers
14791.0,1,303.63,607,2,Inactive
14792.0,1,6.2,64,2,Inactive
14793.0,2,625.9,21,3,Growth Segment
14794.0,10,1953.9,3,1,Revenue Drivers
14795.0,1,131.45000000000002,166,2,Inactive
14796.0,27,10169.33,1,1,Revenue Drivers
14797.0,1,300.31,507,2,Inactive
14798.0,8,724.31,53,3,Growth Segment
14799.0,2,338.15,51,3,Growth Segment
14800.0,17,7191.33,48,1,Revenue Drivers
14801.0,1,189.34,61,2,Inactive
14802.0,2,1502.98,438,0,Retention Risk Customers
14803.0,3,845.5500000000001,162,0,Retention Risk Customers
14804.0,1,353.27,9,3,Growth Segment
14805.0,7,1082.55,15,3,Growth Segment
14806.0,2,303.43,75,3,Growth Segment
14807.0,2,504.14,391,0,Retention Risk Customers
14808.0,8,2718.6,40,1,Revenue Drivers
14809.0,2,686.76,621,0,Retention Risk Customers
14810.0,13,2354.03,41,1,Revenue Drivers
14811.0,1,170.5,387,2,Inactive
14812.0,1,178.85,599,2,Inactive
14813.0,4,888.91,370,0,Retention Risk Customers
14814.0,1,154.21,581,2,Inactive
14815.0,2,778.5,37,3,Growth Segment
14816.0,1,271.85,197,2,Inactive
14817.0,7,3959.86,200,0,Retention Risk Customers
14818.0,6,1153.56,74,3,Growth Segment
14819.0,4,456.41,64,3,Growth Segment
14820.0,9,1274.76,21,3,Growth Segment
14821.0,7,1230.15,367,0,Retention Risk Customers
14822.0,1,157.7,485,2,Inactive
14823.0,3,321.43,180,2,Inactive
14824.0,10,4022.91,10,1,Revenue Drivers
14825.0,24,4735.08,4,1,Revenue Drivers
14826.0,2,385.2,582,2,Inactive
14828.0,13,9839.46,197,1,Revenue Drivers
14829.0,7,1455.87,29,3,Growth Segment
14830.0,1,188.88,53,2,Inactive
14831.0,3,1676.57,680,0,Retention Risk Customers
14832.0,1,322.69,630,2,Inactive
14833.0,1,94.8,499,2,Inactive
14834.0,7,2206.16,18,1,Revenue Drivers
14835.0,2,297.0,529,2,Inactive
14836.0,3,102.45,10,3,Growth Segment
14837.0,9,3460.32,90,1,Revenue Drivers
14838.0,2,769.9200000000001,423,0,Retention Risk Customers
14839.0,3,915.28,418,0,Retention Risk Customers
14840.0,2,362.71,268,2,Inactive
14841.0,14,7163.0,53,1,Revenue Drivers
14842.0,4,2824.69,44,1,Revenue Drivers
14843.0,1,211.8,437,2,Inactive
14844.0,10,6702.43,64,1,Revenue Drivers
14845.0,1,150.0,600,2,Inactive
14846.0,1,437.4,427,2,Inactive
14847.0,3,1348.95,149,0,Retention Risk Customers
14848.0,1,310.56,405,2,Inactive
14849.0,43,15407.61,22,1,Revenue Drivers
14850.0,7,1770.96,312,0,Retention Risk Customers
14851.0,3,829.41,23,3,Growth Segment
14852.0,18,6132.43,58,1,Revenue Drivers
14853.0,5,1376.87,24,3,Growth Segment
14854.0,11,4303.06,78,1,Revenue Drivers
14855.0,7,6520.3,119,1,Revenue Drivers
14856.0,3,1290.53,36,3,Growth Segment
14857.0,7,3651.851,60,1,Revenue Drivers
14858.0,1,180.75,506,2,Inactive
14859.0,5,1705.64,13,3,Growth Segment
14860.0,1,170.32,19,3,Growth Segment
14861.0,10,1380.73,52,1,Revenue Drivers
14862.0,2,841.2,26,3,Growth Segment
14863.0,1,266.76,29,3,Growth Segment
14865.0,4,92.52,7,3,Growth Segment
14866.0,19,20746.54,11,1,Revenue Drivers
14867.0,16,2952.06,186,1,Revenue Drivers
14868.0,12,4184.01,3,1,Revenue Drivers
14869.0,6,2778.14,9,1,Revenue Drivers
14870.0,6,1838.95,262,0,Retention Risk Customers
14871.0,9,1228.17,3,3,Growth Segment
14872.0,3,816.6,484,0,Retention Risk Customers
14873.0,2,854.13,210,0,Retention Risk Customers
14874.0,1,116.18,535,2,Inactive
14875.0,3,2862.4,108,0,Retention Risk Customers
14876.0,2,256.7,521,2,Inactive
14877.0,2,425.85,418,2,Inactive
14878.0,25,4076.5,13,1,Revenue Drivers
14879.0,1,185.06,685,2,Inactive
14880.0,3,690.59,77,3,Growth Segment
14881.0,1,255.4,20,3,Growth Segment
14882.0,14,3546.65,27,1,Revenue Drivers
14883.0,6,761.59,19,3,Growth Segment
14884.0,1,120.6,669,2,Inactive
14885.0,3,1598.12,132,0,Retention Risk Customers
14886.0,1,364.8,253,2,Inactive
14887.0,1,1862.0,79,3,Growth Segment
14888.0,1,369.2,207,2,Inactive
14889.0,1,135.9,336,2,Inactive
14890.0,3,817.25,254,0,Retention Risk Customers
14891.0,4,1106.73,148,0,Retention Risk Customers
14892.0,1,202.35,691,2,Inactive
14893.0,3,1809.61,10,3,Growth Segment
14894.0,3,1492.81,85,0,Retention Risk Customers
14895.0,38,25119.54,8,1,Revenue Drivers
14896.0,8,1826.0,205,0,Retention Risk Customers
14897.0,8,3140.54,8,1,Revenue Drivers
14898.0,14,3365.95,23,1,Revenue Drivers
14899.0,1,1331.38,395,0,Retention Risk Customers
14900.0,1,13.919999999999998,522,2,Inactive
14901.0,12,1919.0,11,1,Revenue Drivers
14902.0,3,1035.62,26,3,Growth Segment
14903.0,5,2795.33,21,1,Revenue Drivers
14904.0,4,1630.49,2,3,Growth Segment
14905.0,8,1971.39,158,0,Retention Risk Customers
14906.0,1,68.44,445,2,Inactive
14907.0,16,5547.72,3,1,Revenue Drivers
14908.0,2,381.9,74,3,Growth Segment
14909.0,3,1404.68,437,0,Retention Risk Customers
14910.0,4,434.35,3,3,Growth Segment
14911.0,398,291420.81,1,1,Revenue Drivers
14912.0,6,1889.25,17,1,Revenue Drivers
14913.0,8,4073.13,36,1,Revenue Drivers
14915.0,11,1811.25,91,1,Revenue Drivers
14916.0,8,3042.95,71,1,Revenue Drivers
14917.0,2,1123.75,597,0,Retention Risk Customers
14918.0,9,5955.81,116,1,Revenue Drivers
14919.0,1,359.35,539,2,Inactive
14920.0,3,1607.17,213,0,Retention Risk Customers
14921.0,2,1316.07,30,3,Growth Segment
14922.0,2,843.74,394,0,Retention Risk Customers
14923.0,1,749.1,51,3,Growth Segment
14924.0,3,931.01,246,0,Retention Risk Customers
14926.0,2,359.4,382,2,Inactive
14927.0,1,308.2,397,2,Inactive
14928.0,1,223.91000000000005,628,2,Inactive
14929.0,2,836.69,32,3,Growth Segment
14930.0,6,5236.73,109,1,Revenue Drivers
14931.0,5,1257.68,5,3,Growth Segment
14932.0,2,666.13,366,0,Retention Risk Customers
14933.0,4,1770.0,444,0,Retention Risk Customers
14934.0,5,3503.5,82,1,Revenue Drivers
14935.0,2,2849.83,297,0,Retention Risk Customers
14936.0,12,12410.81,34,1,Revenue Drivers
14937.0,3,1621.88,57,3,Growth Segment
14938.0,2,2322.43,562,0,Retention Risk Customers
14940.0,2,531.49,418,0,Retention Risk Customers
14941.0,1,182.1,579,2,Inactive
14942.0,4,746.56,402,0,Retention Risk Customers
14943.0,1,107.62,663,2,Inactive
14944.0,19,9784.67,30,1,Revenue Drivers
14945.0,1,179.4,414,2,Inactive
14946.0,1,100.9,14,2,Inactive
14947.0,6,1049.79,72,3,Growth Segment
14948.0,6,1101.97,23,3,Growth Segment
14949.0,4,515.0,469,0,Retention Risk Customers
14950.0,1,371.2,19,3,Growth Segment
14951.0,1,311.69,79,2,Inactive
14952.0,32,17629.35,60,1,Revenue Drivers
14953.0,4,971.32,25,3,Growth Segment
14954.0,2,462.12,12,3,Growth Segment
14955.0,1,163.77,733,2,Inactive
14956.0,1,1325.0,421,0,Retention Risk Customers
14957.0,2,261.69,253,2,Inactive
14958.0,6,941.99,147,0,Retention Risk Customers
14959.0,4,695.42,64,3,Growth Segment
14960.0,2,221.27,8,3,Growth Segment
14961.0,22,16410.15,11,1,Revenue Drivers
14962.0,4,366.91,271,0,Retention Risk Customers
14963.0,12,3123.57,10,1,Revenue Drivers
14964.0,1,206.21,247,2,Inactive
14965.0,2,596.09,96,3,Growth Segment
14966.0,6,1064.26,15,3,Growth Segment
14967.0,6,1982.61,50,1,Revenue Drivers
14968.0,2,501.24,30,3,Growth Segment
14969.0,1,906.23,704,0,Retention Risk Customers
14970.0,12,4919.35,68,1,Revenue Drivers
14971.0,3,1097.98,35,3,Growth Segment
14972.0,2,145.07,128,2,Inactive
14973.0,3,1314.45,107,0,Retention Risk Customers
14974.0,1,89.94,37,2,Inactive
14975.0,2,472.39,57,3,Growth Segment
14976.0,7,790.86,57,3,Growth Segment
14977.0,1,31.929999999999996,726,2,Inactive
14978.0,10,3112.19,72,1,Revenue Drivers
14979.0,1,429.66,735,2,Inactive
14980.0,1,150.68,737,2,Inactive
14981.0,2,372.92,246,2,Inactive
14982.0,1,237.78,572,2,Inactive
14983.0,1,183.2,689,2,Inactive
14984.0,6,1260.51,19,3,Growth Segment
14985.0,2,292.01,198,2,Inactive
14986.0,2,563.1,376,0,Retention Risk Customers
14987.0,8,1550.65,16,1,Revenue Drivers
14988.0,7,2038.65,212,0,Retention Risk Customers
14989.0,1,342.4,662,2,Inactive
14990.0,2,304.17,612,2,Inactive
14991.0,1,314.67,430,2,Inactive
14992.0,1,210.5,442,2,Inactive
14993.0,1,36.13,564,2,Inactive
14994.0,5,946.72,382,0,Retention Risk Customers
14995.0,2,231.98,39,3,Growth Segment
14996.0,2,442.29,481,2,Inactive
14997.0,4,776.5999999999999,46,3,Growth Segment
14998.0,4,753.18,170,0,Retention Risk Customers
14999.0,1,129.48000000000002,593,2,Inactive
15000.0,1,490.52,48,3,Growth Segment
15001.0,2,199.11,394,2,Inactive
15002.0,9,4138.08,116,1,Revenue Drivers
15003.0,6,1027.03,473,0,Retention Risk Customers
15004.0,1,1220.77,147,0,Retention Risk Customers
15005.0,56,13754.58,16,1,Revenue Drivers
15006.0,2,757.78,51,3,Growth Segment
15007.0,1,156.91,159,2,Inactive
15008.0,2,360.0,480,2,Inactive
15009.0,3,1259.43,12,3,Growth Segment
15010.0,1,308.94,36,3,Growth Segment
15011.0,2,416.6,396,2,Inactive
15012.0,3,646.26,54,3,Growth Segment
15013.0,10,1610.82,488,0,Retention Risk Customers
15014.0,2,257.67,43,3,Growth Segment
15015.0,13,2354.97,501,0,Retention Risk Customers
15016.0,5,620.89,173,0,Retention Risk Customers
15017.0,1,125.58,34,2,Inactive
15018.0,3,496.21,39,3,Growth Segment
15019.0,1,252.81,267,2,Inactive
15020.0,1,198.47,379,2,Inactive
15021.0,12,2500.59,9,1,Revenue Drivers
15022.0,5,1133.44,12,3,Growth Segment
15023.0,20,11578.65,3,1,Revenue Drivers
15024.0,16,3559.39,10,1,Revenue Drivers
15025.0,2,979.79,33,3,Growth Segment
15026.0,5,1048.89,80,3,Growth Segment
15027.0,10,3195.6,31,1,Revenue Drivers
15028.0,6,962.94,8,3,Growth Segment
15029.0,1,365.1,620,2,Inactive
15030.0,8,1979.91,72,1,Revenue Drivers
15031.0,14,3102.94,4,1,Revenue Drivers
15032.0,8,11010.05,256,1,Revenue Drivers
15033.0,10,2557.18,5,1,Revenue Drivers
15034.0,14,8231.2,16,1,Revenue Drivers
15035.0,1,252.73,90,2,Inactive
15036.0,3,429.56,72,3,Growth Segment
15037.0,2,397.76,376,2,Inactive
15038.0,9,1146.53,59,3,Growth Segment
15039.0,93,39141.48,10,1,Revenue Drivers
15040.0,1,7.49,542,2,Inactive
15041.0,2,289.4,170,2,Inactive
15042.0,2,315.45,199,2,Inactive
15043.0,6,2870.3199999999997,31,1,Revenue Drivers
15044.0,35,16024.15,19,1,Revenue Drivers
15045.0,2,735.66,152,0,Retention Risk Customers
15046.0,25,7623.79,9,1,Revenue Drivers
15047.0,1,343.62,270,2,Inactive
15048.0,4,381.0,65,3,Growth Segment
15049.0,1,121.17000000000002,274,2,Inactive
15050.0,5,4087.19,25,1,Revenue Drivers
15051.0,9,3926.91,23,1,Revenue Drivers
15052.0,1,207.73,319,2,Inactive
15053.0,3,693.95,5,3,Growth Segment
15054.0,2,302.1,12,3,Growth Segment
15055.0,3,549.12,475,0,Retention Risk Customers
15056.0,1,113.65,520,2,Inactive
15057.0,5,3255.96,275,0,Retention Risk Customers
15058.0,16,3387.58,25,1,Revenue Drivers
15059.0,19,3491.2,41,1,Revenue Drivers
15060.0,4,294.25,8,3,Growth Segment
15061.0,127,126389.02,4,1,Revenue Drivers
15062.0,8,2585.62,71,1,Revenue Drivers
15063.0,1,370.7999999999999,213,2,Inactive
15064.0,4,1254.41,410,0,Retention Risk Customers
15065.0,5,3326.86,38,1,Revenue Drivers
15066.0,1,893.59,53,3,Growth Segment
15067.0,5,3862.88,78,1,Revenue Drivers
15068.0,4,1174.9,46,3,Growth Segment
15069.0,1,1109.53,179,0,Retention Risk Customers
15070.0,3,737.05,373,0,Retention Risk Customers
15071.0,4,1455.56,94,0,Retention Risk Customers
15072.0,1,187.52,479,2,Inactive
15073.0,8,2788.02,10,1,Revenue Drivers
15074.0,3,1553.13,105,0,Retention Risk Customers
15075.0,1,773.03,78,3,Growth Segment
15076.0,3,1447.74,173,0,Retention Risk Customers
15077.0,2,2428.08,495,0,Retention Risk Customers
15078.0,53,17286.73,7,1,Revenue Drivers
15079.0,11,3625.4,213,1,Revenue Drivers
15080.0,2,546.25,428,0,Retention Risk Customers
15081.0,12,1854.57,22,1,Revenue Drivers
15082.0,1,93.35,669,2,Inactive
15083.0,1,88.2,257,2,Inactive
15084.0,2,965.2,380,0,Retention Risk Customers
15085.0,1,347.54,730,2,Inactive
15086.0,2,218.53,565,2,Inactive
15087.0,1,306.94,282,2,Inactive
15088.0,2,1160.07,21,3,Growth Segment
15089.0,6,2420.84,10,1,Revenue Drivers
15090.0,1,381.32,308,2,Inactive
15091.0,3,1046.61,68,3,Growth Segment
15092.0,3,776.46,215,0,Retention Risk Customers
15093.0,23,13702.38,18,1,Revenue Drivers
15094.0,2,83.0,463,2,Inactive
15095.0,10,3141.64,104,1,Revenue Drivers
15096.0,1,219.39,43,2,Inactive
15097.0,3,908.35,4,3,Growth Segment
15098.0,3,39916.5,182,1,Revenue Drivers
15099.0,1,410.48,84,3,Growth Segment
15100.0,7,2193.8999999999996,334,0,Retention Risk Customers
15101.0,6,1477.94,9,3,Growth Segment
15102.0,2,554.67,531,0,Retention Risk Customers
15103.0,2,703.36,31,3,Growth Segment
15104.0,2,993.54,197,0,Retention Risk Customers
15105.0,9,3094.91,18,1,Revenue Drivers
15106.0,5,1422.52,18,3,Growth Segment
15107.0,9,824.35,311,0,Retention Risk Customers
15108.0,4,1300.25,142,0,Retention Risk Customers
15109.0,3,983.1,246,0,Retention Risk Customers
15110.0,6,1505.85,24,3,Growth Segment
15111.0,5,2442.37,29,1,Revenue Drivers
15112.0,1,209.4,611,2,Inactive
15113.0,3,3509.43,10,1,Revenue Drivers
15114.0,12,3400.12,30,1,Revenue Drivers
15115.0,2,531.85,18,3,Growth Segment
15116.0,4,1352.75,18,3,Growth Segment
15117.0,8,2485.97,15,1,Revenue Drivers
15118.0,1,244.8,134,2,Inactive
15119.0,1,266.4,246,2,Inactive
15120.0,1,358.82,134,2,Inactive
15121.0,2,457.72,50,3,Growth Segment
15122.0,11,4487.27,114,1,Revenue Drivers
15123.0,5,4656.17,7,1,Revenue Drivers
15124.0,4,450.82,23,3,Growth Segment
15125.0,24,17024.87,25,1,Revenue Drivers
15126.0,2,449.49,537,2,Inactive
15127.0,2,711.5,66,3,Growth Segment
15128.0,5,1783.68,60,3,Growth Segment
15129.0,23,6860.18,50,1,Revenue Drivers
15130.0,1,330.11,170,2,Inactive
15131.0,1,80.28,395,2,Inactive
15132.0,5,977.93,18,3,Growth Segment
15133.0,5,1806.9,128,0,Retention Risk Customers
15134.0,10,1596.29,15,1,Revenue Drivers
15135.0,2,305.68,239,2,Inactive
15136.0,4,1286.7,3,3,Growth Segment
15137.0,2,823.4,521,0,Retention Risk Customers
15138.0,1,502.52,394,2,Inactive
15139.0,2,178.96,240,2,Inactive
15140.0,8,3243.69,52,1,Revenue Drivers
15141.0,7,1388.47,458,0,Retention Risk Customers
15142.0,6,2619.92,46,1,Revenue Drivers
15143.0,2,563.63,226,0,Retention Risk Customers
15144.0,29,12160.31,8,1,Revenue Drivers
15145.0,4,1194.73,4,3,Growth Segment
15146.0,2,1327.16,165,0,Retention Risk Customers
15147.0,1,623.5,240,2,Inactive
15148.0,1,301.29,11,3,Growth Segment
15149.0,5,1554.61,134,0,Retention Risk Customers
15150.0,13,8977.94,17,1,Revenue Drivers
15151.0,2,2085.61,423,0,Retention Risk Customers
15152.0,14,5263.83,10,1,Revenue Drivers
15153.0,1,329.25,31,3,Growth Segment
15154.0,3,1343.72,75,3,Growth Segment
15155.0,1,383.97,383,2,Inactive
15156.0,3,961.49,1,3,Growth Segment
15157.0,5,2654.11,4,1,Revenue Drivers
15158.0,2,606.02,45,3,Growth Segment
15159.0,34,22116.73,2,1,Revenue Drivers
15160.0,4,589.27,357,0,Retention Risk Customers
15161.0,1,119.92,388,2,Inactive
15162.0,1,312.9,731,2,Inactive
15163.0,2,304.47,18,3,Growth Segment
15164.0,9,2028.11,69,1,Revenue Drivers
15165.0,1,487.75,373,2,Inactive
15166.0,1,167.16,468,2,Inactive
15167.0,5,1627.62,321,0,Retention Risk Customers
15168.0,1,106.56,26,2,Inactive
15169.0,2,569.22,382,0,Retention Risk Customers
15170.0,1,81.15,407,2,Inactive
15171.0,1,1289.5,331,0,Retention Risk Customers
15172.0,5,1624.05,9,3,Growth Segment
15173.0,7,1494.6,381,0,Retention Risk Customers
15174.0,2,481.46,323,0,Retention Risk Customers
15175.0,1,224.14,72,2,Inactive
15176.0,1,988.04,668,0,Retention Risk Customers
15177.0,1,948.93,426,0,Retention Risk Customers
15178.0,1,40.5,260,2,Inactive
15179.0,13,7491.92,18,1,Revenue Drivers
15180.0,3,816.9300000000001,367,0,Retention Risk Customers
15181.0,5,1200.2,66,3,Growth Segment
15182.0,11,2998.952,154,1,Revenue Drivers
15183.0,3,639.93,548,0,Retention Risk Customers
15184.0,4,685.39,29,3,Growth Segment
15185.0,1,310.62,70,2,Inactive
15186.0,5,1403.2,14,3,Growth Segment
15187.0,16,4777.18,2,1,Revenue Drivers
15188.0,1,310.43,725,2,Inactive
15189.0,46,17524.38,1,1,Revenue Drivers
15190.0,1,834.4399999999999,434,0,Retention Risk Customers
15191.0,3,588.05,463,0,Retention Risk Customers
15192.0,5,1666.39,120,0,Retention Risk Customers
15193.0,1,499.32,61,3,Growth Segment
15194.0,28,12021.53,3,1,Revenue Drivers
15195.0,1,3861.0,3,3,Growth Segment
15196.0,2,313.7,433,2,Inactive
15197.0,6,1877.51,11,1,Revenue Drivers
15198.0,5,571.35,92,3,Growth Segment
15199.0,10,3122.4,59,1,Revenue Drivers
15200.0,1,549.05,495,2,Inactive
15201.0,7,1842.95,87,0,Retention Risk Customers
15202.0,3,6001.49,420,0,Retention Risk Customers
15203.0,15,4400.18,26,1,Revenue Drivers
15204.0,1,316.58,357,2,Inactive
15205.0,2,653.24,85,3,Growth Segment
15206.0,4,420.3,10,3,Growth Segment
15207.0,3,683.92,416,0,Retention Risk Customers
15208.0,6,970.52,1,3,Growth Segment
15209.0,1,178.98000000000002,730,2,Inactive
15210.0,3,1176.19,225,0,Retention Risk Customers
15211.0,2,894.4100000000001,60,3,Growth Segment
15212.0,2,208.28,241,2,Inactive
15213.0,2,328.35,319,2,Inactive
15214.0,8,1661.44,2,1,Revenue Drivers
15215.0,7,2422.43,47,1,Revenue Drivers
15216.0,2,486.09,88,3,Growth Segment
15217.0,1,426.24,563,2,Inactive
15218.0,22,11468.83,11,1,Revenue Drivers
15219.0,2,685.45,176,0,Retention Risk Customers
15220.0,6,1778.96,52,1,Revenue Drivers
15221.0,4,2062.2,366,0,Retention Risk Customers
15222.0,11,3550.91,319,0,Retention Risk Customers
15223.0,5,1417.95,226,0,Retention Risk Customers
15224.0,5,871.36,358,0,Retention Risk Customers
15225.0,1,409.4,234,2,Inactive
15226.0,1,154.41,311,2,Inactive
15227.0,9,2488.49,37,1,Revenue Drivers
15228.0,6,5580.2699999999995,66,1,Revenue Drivers
15229.0,1,160.5,586,2,Inactive
15230.0,2,429.6,239,2,Inactive
15231.0,1,250.26,621,2,Inactive
15232.0,2,612.06,113,3,Growth Segment
15233.0,1,59.400000000000006,401,2,Inactive
15234.0,1,197.0,277,2,Inactive
15235.0,16,2772.76,218,0,Retention Risk Customers
15236.0,1,321.05,299,2,Inactive
15237.0,4,1412.32,2,3,Growth Segment
15238.0,3,1071.99,29,3,Growth Segment
15239.0,2,780.59,10,3,Growth Segment
15240.0,12,4459.98,45,1,Revenue Drivers
15241.0,11,3050.16,67,1,Revenue Drivers
15242.0,1,302.04,422,2,Inactive
15243.0,2,927.28,74,3,Growth Segment
15244.0,3,912.08,65,3,Growth Segment
15245.0,8,4610.84,134,1,Revenue Drivers
15246.0,3,780.4,238,0,Retention Risk Customers
15247.0,3,976.06,122,0,Retention Risk Customers
15248.0,3,1893.93,411,0,Retention Risk Customers
15249.0,18,9266.0,32,1,Revenue Drivers
15250.0,1,60.0,641,2,Inactive
15251.0,21,20324.54,9,1,Revenue Drivers
15252.0,5,2103.41,36,1,Revenue Drivers
15253.0,8,2055.09,16,1,Revenue Drivers
15254.0,3,1088.35,127,0,Retention Risk Customers
15255.0,9,3706.02,67,1,Revenue Drivers
15256.0,2,170.4,149,2,Inactive
15257.0,2,685.9,283,0,Retention Risk Customers
15258.0,2,623.16,169,0,Retention Risk Customers
15259.0,4,1182.38,513,0,Retention Risk Customers
15260.0,25,8767.73,100,1,Revenue Drivers
15261.0,4,1508.0,135,0,Retention Risk Customers
15262.0,3,418.82,324,0,Retention Risk Customers
15263.0,1,156.51,107,2,Inactive
15264.0,2,848.4,64,3,Growth Segment
15265.0,4,3345.64,151,0,Retention Risk Customers
15266.0,5,852.21,338,0,Retention Risk Customers
15267.0,5,1717.36,22,3,Growth Segment
15268.0,3,961.9,479,0,Retention Risk Customers
15269.0,3,1225.36,24,3,Growth Segment
15270.0,21,8524.86,16,1,Revenue Drivers
15271.0,24,4528.54,7,1,Revenue Drivers
15272.0,6,2030.95,57,1,Revenue Drivers
15273.0,1,228.96,600,2,Inactive
15274.0,2,716.57,4,3,Growth Segment
15275.0,1,615.14,38,3,Growth Segment
15276.0,4,619.8,66,3,Growth Segment
15277.0,2,476.34,47,3,Growth Segment
15278.0,4,496.16,562,0,Retention Risk Customers
15279.0,5,1580.54,355,0,Retention Risk Customers
15280.0,3,397.52,172,0,Retention Risk Customers
15281.0,16,8543.57,59,1,Revenue Drivers
15282.0,1,348.59,570,2,Inactive
15283.0,3,148.32999999999998,390,2,Inactive
15284.0,1,24.75,500,2,Inactive
15285.0,1,94.92,408,2,Inactive
15286.0,1,240.55,50,2,Inactive
15287.0,5,856.03,22,3,Growth Segment
15288.0,10,3715.38,43,1,Revenue Drivers
15289.0,5,1593.09,29,3,Growth Segment
15290.0,26,10496.28,5,1,Revenue Drivers
15291.0,40,13517.76,26,1,Revenue Drivers
15292.0,1,178.39,201,2,Inactive
15293.0,1,247.5,666,2,Inactive
15294.0,1,233.35,411,2,Inactive
15295.0,1,207.04,654,2,Inactive
15296.0,12,10323.03,51,1,Revenue Drivers
15297.0,3,641.94,10,3,Growth Segment
15298.0,23,9061.77,2,1,Revenue Drivers
15299.0,10,6156.53,67,1,Revenue Drivers
15300.0,1,496.44,64,3,Growth Segment
15301.0,17,6909.67,51,1,Revenue Drivers
15302.0,1,308.0,730,2,Inactive
15303.0,3,1224.18,290,0,Retention Risk Customers
15304.0,9,796.4,61,3,Growth Segment
15305.0,1,93.6,555,2,Inactive
15306.0,9,3484.73,64,1,Revenue Drivers
15307.0,1,205.3,96,2,Inactive
15308.0,1,310.47,274,2,Inactive
15309.0,4,797.96,611,0,Retention Risk Customers
15310.0,1,1634.64,479,0,Retention Risk Customers
15311.0,208,114966.42,1,1,Revenue Drivers
15312.0,12,2930.19,75,1,Revenue Drivers
15313.0,1,52.0,110,2,Inactive
15314.0,3,820.4499999999999,199,0,Retention Risk Customers
15315.0,2,570.5,64,3,Growth Segment
15316.0,1,165.0,327,2,Inactive
15317.0,1,129.75,677,2,Inactive
15318.0,1,312.62,4,3,Growth Segment
15319.0,1,204.5,284,2,Inactive
15320.0,1,267.13,44,3,Growth Segment
15321.0,12,6709.7300000000005,71,1,Revenue Drivers
15322.0,2,1390.86,86,3,Growth Segment
15323.0,3,434.6,563,0,Retention Risk Customers
15324.0,1,140.22000000000003,701,2,Inactive
15325.0,8,1601.46,104,0,Retention Risk Customers
15326.0,5,1700.52,334,0,Retention Risk Customers
15327.0,1,208.75,53,2,Inactive
15328.0,1,107.24,408,2,Inactive
15329.0,11,2958.83,39,1,Revenue Drivers
15330.0,2,714.9599999999999,32,3,Growth Segment
15331.0,3,767.91,500,0,Retention Risk Customers
15332.0,6,4892.68,366,0,Retention Risk Customers
15333.0,1,1028.56,208,0,Retention Risk Customers
15334.0,3,350.82,157,0,Retention Risk Customers
15335.0,1,170.22,54,2,Inactive
15336.0,1,240.5,402,2,Inactive
15337.0,1,373.02,411,2,Inactive
15338.0,1,277.93,677,2,Inactive
15339.0,7,1821.02,66,1,Revenue Drivers
15340.0,1,105.5,562,2,Inactive
15341.0,2,2402.72,81,0,Retention Risk Customers
15342.0,1,406.09,130,2,Inactive
15343.0,1,364.5,87,2,Inactive
15344.0,3,563.94,1,3,Growth Segment
15345.0,1,393.54,46,3,Growth Segment
15346.0,3,596.12,333,0,Retention Risk Customers
15347.0,4,1162.0,366,0,Retention Risk Customers
15348.0,1,158.04,72,2,Inactive
15349.0,2,463.91,158,0,Retention Risk Customers
15350.0,2,547.6,373,0,Retention Risk Customers
15351.0,10,3430.22,12,1,Revenue Drivers
15352.0,1,111.15,549,2,Inactive
15353.0,7,2794.47,255,0,Retention Risk Customers
15354.0,3,284.4,603,2,Inactive
15355.0,2,277.05,29,3,Growth Segment
15356.0,13,3239.57,31,1,Revenue Drivers
15358.0,42,16425.86,5,1,Revenue Drivers
15359.0,8,181.35,663,2,Inactive
15360.0,1,427.93,40,3,Growth Segment
15361.0,4,689.07,362,0,Retention Risk Customers
15362.0,2,613.08,449,0,Retention Risk Customers
15363.0,2,678.11,373,0,Retention Risk Customers
15364.0,2,913.19,96,3,Growth Segment
15365.0,13,4557.13,26,1,Revenue Drivers
15366.0,7,2389.08,75,1,Revenue Drivers
15367.0,11,5081.33,57,1,Revenue Drivers
15368.0,2,722.74,21,3,Growth Segment
15369.0,11,6251.26,492,0,Retention Risk Customers
15370.0,8,3739.01,41,1,Revenue Drivers
15371.0,1,59.400000000000006,662,2,Inactive
15372.0,8,6017.0599999999995,137,1,Revenue Drivers
15373.0,17,3084.54,8,1,Revenue Drivers
15374.0,2,307.32,129,2,Inactive
15375.0,1,60.959999999999994,690,2,Inactive
15376.0,3,1221.56,40,3,Growth Segment
15377.0,4,1211.75,383,0,Retention Risk Customers
15378.0,2,246.5,463,2,Inactive
15379.0,8,4877.84,169,1,Revenue Drivers
15380.0,11,3248.96,9,1,Revenue Drivers
15381.0,5,1890.57,214,0,Retention Risk Customers
15382.0,12,13733.55,15,1,Revenue Drivers
15384.0,4,2027.79,170,0,Retention Risk Customers
15385.0,3,942.08,40,3,Growth Segment
15386.0,1,394.14,186,2,Inactive
15387.0,1,468.65,492,2,Inactive
15388.0,1,140.54,270,2,Inactive
15389.0,5,2733.8,172,0,Retention Risk Customers
15390.0,2,1216.66,396,0,Retention Risk Customers
15391.0,1,289.87,584,2,Inactive
15392.0,7,2911.62,5,1,Revenue Drivers
15393.0,5,891.34,16,3,Growth Segment
15394.0,11,5286.8,10,1,Revenue Drivers
15395.0,1,107.45,326,2,Inactive
15396.0,2,796.38,113,3,Growth Segment
15397.0,1,94.0,290,2,Inactive
15398.0,2,1345.53,16,3,Growth Segment
15399.0,3,815.77,1,3,Growth Segment
15400.0,8,1302.3,92,0,Retention Risk Customers
15401.0,2,216.95,452,2,Inactive
15402.0,6,1830.54,149,0,Retention Risk Customers
15403.0,2,170.88,492,2,Inactive
15404.0,1,257.06,376,2,Inactive
15405.0,2,659.84,189,0,Retention Risk Customers
15406.0,4,975.87,31,3,Growth Segment
15407.0,4,1046.74,34,3,Growth Segment
15408.0,1,267.18,264,2,Inactive
15409.0,1,131.25,721,2,Inactive
15410.0,10,4685.72,84,1,Revenue Drivers
15411.0,4,1348.93,26,3,Growth Segment
15412.0,1,190.53,171,2,Inactive
15413.0,5,6798.72,692,0,Retention Risk Customers
15414.0,3,774.9,10,3,Growth Segment
15415.0,1,559.61,313,2,Inactive
15416.0,7,4572.82,65,1,Revenue Drivers
15417.0,1,508.8,85,3,Growth Segment
15418.0,2,449.42,425,2,Inactive
15419.0,1,135.86,25,2,Inactive
15420.0,6,743.0,434,0,Retention Risk Customers
15421.0,10,3805.34,59,1,Revenue Drivers
15422.0,7,1619.97,323,0,Retention Risk Customers
15423.0,3,266.89,38,3,Growth Segment
15424.0,3,597.78,254,0,Retention Risk Customers
15425.0,4,1941.12,400,0,Retention Risk Customers
15426.0,9,2156.35,19,1,Revenue Drivers
15427.0,3,1430.54,33,3,Growth Segment
15428.0,4,762.75,15,3,Growth Segment
15429.0,2,397.35,27,3,Growth Segment
15430.0,2,954.75,468,0,Retention Risk Customers
15431.0,1,153.24,503,2,Inactive
15432.0,2,320.76,23,3,Growth Segment
15433.0,2,533.3,214,0,Retention Risk Customers
15434.0,11,2567.06,8,1,Revenue Drivers
15435.0,1,149.29,22,2,Inactive
15436.0,3,1067.75,12,3,Growth Segment
15437.0,2,393.45,262,2,Inactive
15438.0,1,156.57999999999998,131,2,Inactive
15439.0,4,1269.05,405,0,Retention Risk Customers
15440.0,3,383.68,55,3,Growth Segment
15441.0,3,1254.21,396,0,Retention Risk Customers
15442.0,1,594.0,249,2,Inactive
15443.0,14,5114.2300000000005,2,1,Revenue Drivers
15444.0,2,1411.21,9,3,Growth Segment
15445.0,2,284.5,264,2,Inactive
15446.0,3,399.75,377,0,Retention Risk Customers
15447.0,5,492.88,331,0,Retention Risk Customers
15448.0,2,788.81,313,0,Retention Risk Customers
15449.0,3,974.52,26,3,Growth Segment
15450.0,1,429.84,30,3,Growth Segment
15451.0,2,226.86,434,2,Inactive
15452.0,6,1785.11,30,1,Revenue Drivers
15453.0,7,1371.77,2,3,Growth Segment
15454.0,2,305.99,362,2,Inactive
15455.0,1,38.25,598,2,Inactive
15456.0,10,2091.52,283,0,Retention Risk Customers
15457.0,1,237.07,262,2,Inactive
15458.0,2,370.44,25,3,Growth Segment
15459.0,2,202.83,417,2,Inactive
15460.0,1,214.26,354,2,Inactive
15461.0,2,429.7,461,2,Inactive
15462.0,4,737.05,94,3,Growth Segment
15463.0,1,126.14,29,2,Inactive
15464.0,1,1044.65,338,0,Retention Risk Customers
15465.0,32,12100.4,20,1,Revenue Drivers
15466.0,4,1560.46,85,0,Retention Risk Customers
15467.0,3,524.88,9,3,Growth Segment
15468.0,3,1430.48,51,3,Growth Segment
15469.0,3,874.25,50,3,Growth Segment
15470.0,1,63.419999999999995,576,2,Inactive
15471.0,3,1292.01,2,3,Growth Segment
15472.0,1,371.56,113,2,Inactive
15473.0,8,2046.0,14,1,Revenue Drivers
15474.0,1,150.35,596,2,Inactive
15475.0,1,454.11,77,3,Growth Segment
15476.0,4,2209.98,380,0,Retention Risk Customers
15477.0,1,368.4,650,2,Inactive
15478.0,3,1983.48,40,3,Growth Segment
15479.0,1,147.4,733,2,Inactive
15480.0,5,6279.0,116,1,Revenue Drivers
15481.0,1,1993.34,401,0,Retention Risk Customers
15482.0,19,14417.36,16,1,Revenue Drivers
15483.0,10,817.82,161,0,Retention Risk Customers
15484.0,6,4652.1,1,1,Revenue Drivers
15485.0,7,4810.92,30,1,Revenue Drivers
15486.0,1,102.0,527,2,Inactive
15487.0,1,231.32,680,2,Inactive
15488.0,5,431.92,93,3,Growth Segment
15489.0,8,2419.61,23,1,Revenue Drivers
15490.0,1,210.85,430,2,Inactive
15491.0,6,3100.09,95,1,Revenue Drivers
15492.0,2,659.4599999999999,28,3,Growth Segment
15493.0,9,4121.68,33,1,Revenue Drivers
15494.0,5,3702.6,21,1,Revenue Drivers
15495.0,1,246.5,379,2,Inactive
15496.0,1,146.14,631,2,Inactive
15497.0,9,8657.39,18,1,Revenue Drivers
15498.0,44,24972.86,3,1,Revenue Drivers
15499.0,1,158.65,724,2,Inactive
15500.0,4,1131.56,8,3,Growth Segment
15501.0,2,399.95,405,2,Inactive
15502.0,14,13003.87,16,1,Revenue Drivers
15503.0,2,257.3,363,2,Inactive
15504.0,4,402.7,81,3,Growth Segment
15505.0,5,3610.96,53,1,Revenue Drivers
15506.0,6,2030.33,23,1,Revenue Drivers
15507.0,1,475.86,172,2,Inactive
15508.0,6,1000.27,189,0,Retention Risk Customers
15509.0,1,152.41,380,2,Inactive
15510.0,1,250.0,331,2,Inactive
15511.0,5,900.53,12,3,Growth Segment
15512.0,4,331.58,156,0,Retention Risk Customers
15513.0,35,26437.05,33,1,Revenue Drivers
15514.0,18,6392.06,12,1,Revenue Drivers
15515.0,1,171.81,387,2,Inactive
15516.0,3,62.43,45,2,Inactive
15517.0,1,267.03,233,2,Inactive
15518.0,15,4189.99,64,1,Revenue Drivers
15519.0,2,344.61,383,2,Inactive
15520.0,1,343.5,2,3,Growth Segment
15521.0,16,7098.24,40,1,Revenue Drivers
15522.0,2,397.99,33,3,Growth Segment
15523.0,16,17259.19,84,1,Revenue Drivers
15524.0,2,591.4,25,3,Growth Segment
15525.0,4,890.22,2,3,Growth Segment
15526.0,2,148.44,33,3,Growth Segment
15527.0,23,5554.89,19,1,Revenue Drivers
15528.0,1,229.33,254,2,Inactive
15529.0,12,4783.66,23,1,Revenue Drivers
15530.0,5,1808.68,22,1,Revenue Drivers
15531.0,2,1972.39,8,3,Growth Segment
15532.0,10,3738.85,25,1,Revenue Drivers
15533.0,3,807.57,19,3,Growth Segment
15534.0,1,162.25,726,2,Inactive
15535.0,6,1044.37,173,0,Retention Risk Customers
15536.0,1,259.09,409,2,Inactive
15537.0,1,110.92,163,2,Inactive
15538.0,6,3358.4,538,0,Retention Risk Customers
15539.0,1,538.46,7,3,Growth Segment
15540.0,2,460.68,11,3,Growth Segment
15541.0,1,85.13000000000001,114,2,Inactive
15542.0,3,855.71,512,0,Retention Risk Customers
15543.0,2,242.26,288,2,Inactive
15544.0,20,7807.89,9,1,Revenue Drivers
15545.0,2,288.96999999999997,54,3,Growth Segment
15546.0,2,1079.1,607,0,Retention Risk Customers
15547.0,26,10057.05,7,1,Revenue Drivers
15548.0,1,158.09,596,2,Inactive
15549.0,8,2334.16,77,1,Revenue Drivers
15550.0,12,2211.05,4,1,Revenue Drivers
15551.0,7,1679.81,37,1,Revenue Drivers
15552.0,2,252.52,217,2,Inactive
15553.0,1,428.93,60,3,Growth Segment
15554.0,1,217.2,278,2,Inactive
15555.0,36,11243.91,12,1,Revenue Drivers
15556.0,1,279.77,24,3,Growth Segment
15557.0,1,468.91,29,3,Growth Segment
15558.0,1,202.68,639,2,Inactive
15559.0,1,1109.4,568,0,Retention Risk Customers
15560.0,2,153.52,398,2,Inactive
15561.0,8,1934.39,12,1,Revenue Drivers
15562.0,3,671.4300000000001,352,0,Retention Risk Customers
15563.0,7,2859.46,22,1,Revenue Drivers
15564.0,2,70.74000000000001,463,2,Inactive
15565.0,2,173.16000000000005,50,2,Inactive
15566.0,2,227.87,393,2,Inactive
15567.0,1,186.01,19,3,Growth Segment
15568.0,3,758.29,3,3,Growth Segment
15569.0,10,3583.45,104,1,Revenue Drivers
15570.0,25,8736.49,7,1,Revenue Drivers
15571.0,14,3892.35,12,1,Revenue Drivers
15572.0,10,3965.2,5,1,Revenue Drivers
15573.0,5,1188.42,32,3,Growth Segment
15574.0,6,1101.44,178,0,Retention Risk Customers
15575.0,1,30.1,620,2,Inactive
15576.0,1,921.37,38,3,Growth Segment
15577.0,5,396.03,151,0,Retention Risk Customers
15578.0,1,127.1,162,2,Inactive
15579.0,5,1250.63,69,3,Growth Segment
15580.0,8,1375.39,377,0,Retention Risk Customers
15581.0,38,7480.4,121,1,Revenue Drivers
15582.0,3,682.9100000000001,25,3,Growth Segment
15583.0,1,95.96,376,2,Inactive
15584.0,6,1268.2,24,3,Growth Segment
15585.0,1,455.3,177,2,Inactive
15586.0,3,1139.1,593,0,Retention Risk Customers
15587.0,7,1522.08,50,1,Revenue Drivers
15588.0,1,579.6,678,2,Inactive
15589.0,3,478.53,256,0,Retention Risk Customers
15590.0,5,1496.6,382,0,Retention Risk Customers
15591.0,3,217.9,583,2,Inactive
15592.0,1,388.58,47,3,Growth Segment
15593.0,1,199.8,71,2,Inactive
15594.0,5,1771.78,16,3,Growth Segment
15595.0,1,357.59999999999997,488,2,Inactive
15596.0,9,2727.72,101,1,Revenue Drivers
15597.0,2,563.37,35,3,Growth Segment
15598.0,2,548.02,53,3,Growth Segment
15599.0,3,1250.06,27,3,Growth Segment
15600.0,4,1199.31,428,0,Retention Risk Customers
15601.0,30,14191.74,11,1,Revenue Drivers
15602.0,16,3137.96,8,1,Revenue Drivers
15603.0,2,88.48,79,2,Inactive
15604.0,1,216.39,52,2,Inactive
15605.0,9,1741.95,36,1,Revenue Drivers
15606.0,17,5230.99,61,1,Revenue Drivers
15607.0,9,1708.97,337,0,Retention Risk Customers
15608.0,5,1785.98,28,3,Growth Segment
15609.0,1,298.48,184,2,Inactive
15610.0,1,112.46,52,2,Inactive
15611.0,26,2997.28,10,1,Revenue Drivers
15612.0,2,195.15,36,3,Growth Segment
15613.0,1,433.72,610,2,Inactive
15614.0,4,3147.36,438,0,Retention Risk Customers
15615.0,47,21373.97,10,1,Revenue Drivers
15616.0,1,317.11,438,2,Inactive
15617.0,3,828.5500000000001,396,0,Retention Risk Customers
15618.0,4,776.851,33,3,Growth Segment
15619.0,1,336.4,11,3,Growth Segment
15620.0,4,1942.36,57,3,Growth Segment
15621.0,4,1293.03,4,3,Growth Segment
15622.0,17,7852.61,43,1,Revenue Drivers
15623.0,8,2437.05,141,0,Retention Risk Customers
15624.0,4,588.13,117,0,Retention Risk Customers
15625.0,9,3236.4,104,1,Revenue Drivers
15626.0,3,1067.52,75,3,Growth Segment
15627.0,2,566.9,457,0,Retention Risk Customers
15628.0,17,5333.08,5,1,Revenue Drivers
15629.0,4,2240.9,450,0,Retention Risk Customers
15630.0,3,1481.4,45,3,Growth Segment
15631.0,1,596.67,642,2,Inactive
15632.0,8,3285.31,16,1,Revenue Drivers
15633.0,13,4335.96,509,0,Retention Risk Customers
15634.0,2,554.65,17,3,Growth Segment
15635.0,1,100.35,396,2,Inactive
15636.0,4,1444.58,90,0,Retention Risk Customers
15637.0,5,797.59,53,3,Growth Segment
15638.0,6,2265.2,379,0,Retention Risk Customers
15639.0,3,1065.08,134,0,Retention Risk Customers
15640.0,29,23494.31,4,1,Revenue Drivers
15641.0,12,5345.55,105,1,Revenue Drivers
15642.0,1,105.78,730,2,Inactive
15643.0,3,664.0,192,0,Retention Risk Customers
15644.0,4,803.54,166,0,Retention Risk Customers
15645.0,3,1055.17,19,3,Growth Segment
15646.0,5,784.8100000000001,158,0,Retention Risk Customers
15647.0,1,169.0,415,2,Inactive
15648.0,2,639.5,204,0,Retention Risk Customers
15649.0,4,1660.35,336,0,Retention Risk Customers
15650.0,2,553.88,522,0,Retention Risk Customers
15651.0,5,1259.06,37,3,Growth Segment
15652.0,5,1405.94,91,0,Retention Risk Customers
15653.0,2,877.44,93,3,Growth Segment
15654.0,2,922.53,9,3,Growth Segment
15655.0,1,560.6700000000001,243,2,Inactive
15656.0,4,748.5,45,3,Growth Segment
15657.0,1,30.0,23,2,Inactive
15658.0,8,2117.27,190,0,Retention Risk Customers
15659.0,3,532.49,44,3,Growth Segment
15660.0,15,2603.69,25,1,Revenue Drivers
15661.0,8,1215.95,317,0,Retention Risk Customers
15662.0,2,283.73,661,2,Inactive
15663.0,1,138.14,106,2,Inactive
15664.0,4,1254.03,51,3,Growth Segment
15665.0,5,3987.07,168,0,Retention Risk Customers
15666.0,2,632.94,472,0,Retention Risk Customers
15667.0,1,301.32,40,3,Growth Segment
15668.0,1,76.32000000000001,218,2,Inactive
15669.0,4,684.34,40,3,Growth Segment
15670.0,2,325.2,297,2,Inactive
15671.0,7,2657.13,19,1,Revenue Drivers
15672.0,1,45.3,725,2,Inactive
15673.0,9,6204.32,88,1,Revenue Drivers
15674.0,13,6948.2300000000005,73,1,Revenue Drivers
15675.0,4,542.04,81,3,Growth Segment
15676.0,3,3435.76,19,1,Revenue Drivers
15677.0,3,1305.63,49,3,Growth Segment
15678.0,3,1825.94,53,3,Growth Segment
15679.0,4,781.28,24,3,Growth Segment
15680.0,10,4028.69,9,1,Revenue Drivers
15681.0,14,2989.7,25,1,Revenue Drivers
15682.0,2,318.24,599,2,Inactive
15683.0,2,524.54,117,3,Growth Segment
15684.0,3,173.95,547,2,Inactive
15685.0,1,55.98,450,2,Inactive
15686.0,1,90.0,420,2,Inactive
15687.0,9,2993.1,9,1,Revenue Drivers
15688.0,1,190.57,419,2,Inactive
15689.0,3,521.03,120,3,Growth Segment
15690.0,2,239.76,4,3,Growth Segment
15691.0,4,571.3,252,0,Retention Risk Customers
15692.0,1,191.04,28,3,Growth Segment
15693.0,1,37.5,659,2,Inactive
15694.0,24,9978.48,1,1,Revenue Drivers
15695.0,4,1131.04,267,0,Retention Risk Customers
15696.0,13,3881.22,33,1,Revenue Drivers
15697.0,1,246.75,690,2,Inactive
15698.0,1,46.2,624,2,Inactive
15699.0,1,309.65,18,3,Growth Segment
15700.0,2,696.68,172,0,Retention Risk Customers
15701.0,4,1529.0,2,3,Growth Segment
15702.0,2,140.39,476,2,Inactive
15703.0,1,211.5,265,2,Inactive
15704.0,6,3734.66,140,1,Revenue Drivers
15705.0,1,143.1,201,2,Inactive
15706.0,4,1060.56,64,3,Growth Segment
15707.0,4,916.98,35,3,Growth Segment
15708.0,9,3887.15,41,1,Revenue Drivers
15709.0,2,327.85,284,2,Inactive
15710.0,1,898.87,417,0,Retention Risk Customers
15711.0,2,420.25,557,2,Inactive
15712.0,12,3472.41,9,1,Revenue Drivers
15713.0,4,839.64,143,0,Retention Risk Customers
15714.0,5,783.96,12,3,Growth Segment
15715.0,5,658.02,556,0,Retention Risk Customers
15716.0,11,2485.26,146,1,Revenue Drivers
15717.0,5,607.0,234,0,Retention Risk Customers
15718.0,1,293.79,540,2,Inactive
15719.0,31,10195.97,33,1,Revenue Drivers
15720.0,2,739.22,24,3,Growth Segment
15721.0,1,471.4,12,3,Growth Segment
15722.0,11,5234.0,36,1,Revenue Drivers
15723.0,4,930.7,365,0,Retention Risk Customers
15724.0,3,310.85,201,2,Inactive
15725.0,1,415.25,15,3,Growth Segment
15726.0,1,321.91,390,2,Inactive
15727.0,15,9371.71,17,1,Revenue Drivers
15728.0,2,544.6,380,0,Retention Risk Customers
15729.0,3,192.55,213,2,Inactive
15730.0,5,1726.58,66,3,Growth Segment
15731.0,1,125.3,554,2,Inactive
15732.0,10,1543.97,212,0,Retention Risk Customers
15733.0,1,162.3,283,2,Inactive
15734.0,4,2263.3,115,0,Retention Risk Customers
15735.0,1,327.68,421,2,Inactive
15736.0,2,1767.12,435,0,Retention Risk Customers
15737.0,8,1188.12,15,3,Growth Segment
15738.0,41,13043.32,19,1,Revenue Drivers
15739.0,1,449.12,66,3,Growth Segment
15740.0,1,154.88,49,2,Inactive
15741.0,2,208.62,458,2,Inactive
15742.0,1,156.87,619,2,Inactive
15743.0,4,775.96,16,3,Growth Segment
15744.0,1,34.8,78,2,Inactive
15745.0,4,1094.59,19,3,Growth Segment
15746.0,1,196.88,134,2,Inactive
15747.0,9,2499.81,13,1,Revenue Drivers
15748.0,3,609.81,40,3,Growth Segment
15749.0,3,44534.3,235,1,Revenue Drivers
15750.0,18,6452.991,3,1,Revenue Drivers
15751.0,11,1380.44,461,0,Retention Risk Customers
15752.0,9,3924.91,40,1,Revenue Drivers
15753.0,1,79.2,305,2,Inactive
15754.0,9,3037.61,51,1,Revenue Drivers
15755.0,17,5993.12,10,1,Revenue Drivers
15756.0,4,528.01,61,3,Growth Segment
15757.0,6,2940.36,66,1,Revenue Drivers
15758.0,1,205.25,25,3,Growth Segment
15759.0,7,830.9300000000001,218,0,Retention Risk Customers
15760.0,2,13916.34,631,0,Retention Risk Customers
15761.0,1,143.05,443,2,Inactive
15762.0,2,583.75,65,3,Growth Segment
15763.0,2,1086.92,32,3,Growth Segment
15764.0,8,4503.08,88,1,Revenue Drivers
15765.0,1,370.63,667,2,Inactive
15766.0,3,831.0600000000001,64,3,Growth Segment
15768.0,34,15308.89,116,1,Revenue Drivers
15769.0,46,88612.52,7,1,Revenue Drivers
15770.0,1,321.45,613,2,Inactive
15771.0,3,1006.54,604,0,Retention Risk Customers
15772.0,1,280.88,418,2,Inactive
15773.0,2,774.52,6,3,Growth Segment
15774.0,6,1288.34,69,3,Growth Segment
15775.0,2,150.5,245,2,Inactive
15776.0,1,241.62,133,2,Inactive
15777.0,7,1762.61,241,0,Retention Risk Customers
15778.0,1,307.95,431,2,Inactive
15779.0,2,124.08,463,2,Inactive
15780.0,3,475.28,184,0,Retention Risk Customers
15781.0,3,345.46,25,3,Growth Segment
15782.0,4,4014.1,10,1,Revenue Drivers
15783.0,1,246.3,11,3,Growth Segment
15784.0,2,848.33,468,0,Retention Risk Customers
15785.0,16,5969.93,33,1,Revenue Drivers
15786.0,5,8501.62,46,1,Revenue Drivers
15787.0,3,933.26,26,3,Growth Segment
15788.0,1,221.83,509,2,Inactive
15789.0,6,1962.01,358,0,Retention Risk Customers
15790.0,1,218.75,10,3,Growth Segment
15791.0,5,3608.34,44,1,Revenue Drivers
15792.0,2,933.84,400,0,Retention Risk Customers
15793.0,8,2399.57,15,1,Revenue Drivers
15794.0,2,777.0,736,0,Retention Risk Customers
15795.0,8,1979.87,150,0,Retention Risk Customers
15796.0,17,5171.63,1,1,Revenue Drivers
15797.0,6,2821.08,113,1,Revenue Drivers
15798.0,3,1535.37,493,0,Retention Risk Customers
15799.0,4,1421.34,76,3,Growth Segment
15800.0,7,1227.07,107,0,Retention Risk Customers
15801.0,3,1063.95,46,3,Growth Segment
15802.0,1,451.42,143,2,Inactive
15803.0,4,1929.66,51,3,Growth Segment
15804.0,13,4206.39,1,1,Revenue Drivers
15805.0,30,10148.93,23,1,Revenue Drivers
15806.0,3,784.58,46,3,Growth Segment
15807.0,5,1817.52,50,3,Growth Segment
15808.0,21,17180.25,306,1,Revenue Drivers
15809.0,7,1274.44,36,3,Growth Segment
15810.0,8,2999.04,79,1,Revenue Drivers
15811.0,7,3486.15,22,1,Revenue Drivers
15812.0,12,5201.47,107,1,Revenue Drivers
15813.0,2,1303.91,208,0,Retention Risk Customers
15814.0,6,2634.44,17,1,Revenue Drivers
15815.0,5,2100.6,64,1,Revenue Drivers
15816.0,2,144.14999999999998,542,2,Inactive
15817.0,3,2766.4,421,0,Retention Risk Customers
15818.0,1,340.5,588,2,Inactive
15819.0,10,3934.79,49,1,Revenue Drivers
15820.0,1,206.98,320,2,Inactive
15821.0,2,570.96,44,3,Growth Segment
15822.0,6,1840.06,3,1,Revenue Drivers
15823.0,3,3882.17,372,0,Retention Risk Customers
15824.0,2,890.94,453,0,Retention Risk Customers
15825.0,1,532.94,172,2,Inactive
15826.0,4,2598.28,56,1,Revenue Drivers
15827.0,28,3603.14,73,1,Revenue Drivers
15828.0,1,1108.82,375,0,Retention Risk Customers
15829.0,2,636.14,99,3,Growth Segment
15830.0,1,576.0,38,3,Growth Segment
15831.0,3,794.64,58,3,Growth Segment
15832.0,1,836.79,254,0,Retention Risk Customers
15833.0,1,80.4,738,2,Inactive
15834.0,7,3764.39,70,1,Revenue Drivers
15835.0,4,954.09,44,3,Growth Segment
15836.0,1,137.37,50,2,Inactive
15837.0,2,777.01,65,3,Growth Segment
15838.0,34,73205.5,11,1,Revenue Drivers
15839.0,3,1048.49,33,3,Growth Segment
15840.0,2,355.56,59,3,Growth Segment
15841.0,9,2742.41,73,1,Revenue Drivers
15842.0,2,548.8,393,0,Retention Risk Customers
15843.0,1,118.95,304,2,Inactive
15844.0,1,130.73999999999998,46,2,Inactive
15845.0,11,4426.28,18,1,Revenue Drivers
15846.0,1,107.01,385,2,Inactive
15847.0,5,822.57,38,3,Growth Segment
15848.0,1,137.99,622,2,Inactive
15850.0,6,1006.75,19,3,Growth Segment
15851.0,1,109.73,527,2,Inactive
15852.0,3,257.26,187,2,Inactive
15853.0,1,110.8,52,2,Inactive
15854.0,21,5578.28,4,1,Revenue Drivers
15855.0,6,1052.72,137,0,Retention Risk Customers
15856.0,52,32275.95,4,1,Revenue Drivers
15857.0,2,570.48,19,3,Growth Segment
15858.0,13,3552.41,16,1,Revenue Drivers
15859.0,1,438.46,432,2,Inactive
15860.0,17,2361.3,41,1,Revenue Drivers
15861.0,12,4369.2,12,1,Revenue Drivers
15862.0,13,2512.29,8,1,Revenue Drivers
15863.0,5,355.1,26,3,Growth Segment
15864.0,7,2180.76,22,1,Revenue Drivers
15865.0,5,2241.42,41,1,Revenue Drivers
15866.0,1,211.89,101,2,Inactive
15867.0,31,8923.3,5,1,Revenue Drivers
15868.0,1,94.53,583,2,Inactive
15869.0,3,321.11,277,2,Inactive
15870.0,4,857.46,33,3,Growth Segment
15871.0,1,33.099999999999994,437,2,Inactive
15872.0,4,729.25,15,3,Growth Segment
15873.0,4,313.91999999999996,500,2,Inactive
15874.0,21,11284.76,64,1,Revenue Drivers
15875.0,1,108.52,646,2,Inactive
15876.0,2,1449.14,409,0,Retention Risk Customers
15877.0,2,490.33,2,3,Growth Segment
15878.0,2,330.77,562,2,Inactive
15879.0,4,1137.8,404,0,Retention Risk Customers
15880.0,1,329.03000000000003,369,2,Inactive
15881.0,5,501.39,312,0,Retention Risk Customers
15882.0,8,1124.66,199,0,Retention Risk Customers
15883.0,2,396.48,2,3,Growth Segment
15884.0,2,244.6,432,2,Inactive
15885.0,15,1951.82,93,1,Revenue Drivers
15886.0,4,1052.87,60,3,Growth Segment
15887.0,3,1027.15,407,0,Retention Risk Customers
15888.0,3,429.16,81,3,Growth Segment
15889.0,8,1427.6,157,0,Retention Risk Customers
15890.0,5,535.65,395,0,Retention Risk Customers
15891.0,1,511.68,227,2,Inactive
15892.0,1,128.2,669,2,Inactive
15893.0,1,305.28000000000003,482,2,Inactive
15894.0,2,258.25,253,2,Inactive
15895.0,1,179.17,150,2,Inactive
15897.0,2,208.59,194,2,Inactive
15898.0,25,4996.45,1,1,Revenue Drivers
15899.0,1,56.25,369,2,Inactive
15900.0,4,886.57,24,3,Growth Segment
15901.0,7,687.72,17,3,Growth Segment
15902.0,1,145.01,380,2,Inactive
15903.0,12,8939.84,10,1,Revenue Drivers
15904.0,1,164.68,8,3,Growth Segment
15905.0,1,114.69,543,2,Inactive
15906.0,10,2530.19,20,1,Revenue Drivers
15907.0,3,882.72,4,3,Growth Segment
15908.0,2,758.62,491,0,Retention Risk Customers
15909.0,1,191.94,174,2,Inactive
15910.0,15,2661.17,1,1,Revenue Drivers
15911.0,8,1700.24,624,0,Retention Risk Customers
15912.0,9,1074.7,178,0,Retention Risk Customers
15913.0,1,6.300000000000001,534,2,Inactive
15914.0,2,205.99,378,2,Inactive
15915.0,1,364.45,402,2,Inactive
15916.0,13,3145.24,16,1,Revenue Drivers
15917.0,5,530.17,248,0,Retention Risk Customers
15918.0,3,582.88,191,0,Retention Risk Customers
15919.0,2,525.69,20,3,Growth Segment
15920.0,9,569.14,154,0,Retention Risk Customers
15921.0,4,775.26,173,0,Retention Risk Customers
15922.0,1,369.5,373,2,Inactive
15923.0,1,127.08,373,2,Inactive
15924.0,1,102.82,731,2,Inactive
15925.0,1,207.15,194,2,Inactive
15926.0,1,134.44,542,2,Inactive
15927.0,1,106.54,647,2,Inactive
15928.0,1,293.53,656,2,Inactive
15929.0,1,594.0,644,2,Inactive
15930.0,1,426.63,67,3,Growth Segment
15931.0,1,239.9,428,2,Inactive
15932.0,8,2495.87,4,1,Revenue Drivers
15933.0,3,1107.46,21,3,Growth Segment
15934.0,2,2190.66,418,0,Retention Risk Customers
15935.0,2,416.86,239,2,Inactive
15936.0,2,282.79,379,2,Inactive
15937.0,1,145.35,64,2,Inactive
15938.0,9,734.81,112,0,Retention Risk Customers
15939.0,16,9060.39,90,1,Revenue Drivers
15940.0,1,35.8,311,2,Inactive
15941.0,1,405.0,637,2,Inactive
15942.0,1,337.44,134,2,Inactive
15943.0,2,271.28999999999996,650,2,Inactive
15944.0,4,2164.24,277,0,Retention Risk Customers
15945.0,4,646.27,365,0,Retention Risk Customers
15946.0,3,2304.18,503,0,Retention Risk Customers
15947.0,1,1708.24,83,3,Growth Segment
15948.0,3,1509.09,8,3,Growth Segment
15949.0,2,364.72,17,3,Growth Segment
15950.0,10,7120.91,32,1,Revenue Drivers
15951.0,3,1013.17,9,3,Growth Segment
15952.0,4,781.91,34,3,Growth Segment
15953.0,18,3440.34,15,1,Revenue Drivers
15954.0,1,190.75,589,2,Inactive
15955.0,22,8085.98,24,1,Revenue Drivers
15956.0,2,617.6,551,0,Retention Risk Customers
15957.0,3,921.25,32,3,Growth Segment
15958.0,4,462.12,74,3,Growth Segment
15959.0,3,542.89,682,0,Retention Risk Customers
15960.0,4,410.95,374,0,Retention Risk Customers
15961.0,1,451.29,379,2,Inactive
15962.0,1,289.48,449,2,Inactive
15963.0,2,470.76,20,3,Growth Segment
15964.0,1,269.21000000000004,663,2,Inactive
15965.0,13,2771.94,17,1,Revenue Drivers
15966.0,1,426.53,451,2,Inactive
15967.0,12,2966.0,23,1,Revenue Drivers
15968.0,1,404.55,388,2,Inactive
15969.0,5,1127.05,3,3,Growth Segment
15970.0,2,1017.32,304,0,Retention Risk Customers
15971.0,18,5902.83,18,1,Revenue Drivers
15972.0,5,1769.33,456,0,Retention Risk Customers
15973.0,3,680.62,367,0,Retention Risk Customers
15974.0,7,3442.15,39,1,Revenue Drivers
15975.0,1,371.01,84,2,Inactive
15976.0,6,1694.41,165,0,Retention Risk Customers
15977.0,2,1054.73,17,3,Growth Segment
15978.0,3,3279.42,77,1,Revenue Drivers
15979.0,1,329.21999999999997,603,2,Inactive
15980.0,7,6543.68,89,1,Revenue Drivers
15981.0,21,9362.77,25,1,Revenue Drivers
15982.0,1,324.51,605,2,Inactive
15983.0,8,3110.37,22,1,Revenue Drivers
15984.0,30,8393.02,3,1,Revenue Drivers
15985.0,7,2715.28,123,1,Revenue Drivers
15986.0,2,354.42,30,3,Growth Segment
15987.0,8,1535.99,12,1,Revenue Drivers
15988.0,3,738.89,19,3,Growth Segment
15989.0,2,368.31,376,2,Inactive
15990.0,7,1997.75,44,1,Revenue Drivers
15991.0,1,150.55,534,2,Inactive
15992.0,3,896.6,4,3,Growth Segment
15993.0,7,2777.67,9,1,Revenue Drivers
15994.0,3,1175.68,55,3,Growth Segment
15995.0,1,694.54,414,0,Retention Risk Customers
15996.0,7,1386.4,88,0,Retention Risk Customers
15998.0,16,8274.14,37,1,Revenue Drivers
15999.0,1,20.4,736,2,Inactive
16000.0,3,12393.7,3,1,Revenue Drivers
16001.0,1,583.39,381,2,Inactive
16002.0,1,169.21,625,2,Inactive
16003.0,10,5613.83,30,1,Revenue Drivers
16004.0,5,2146.39,475,0,Retention Risk Customers
16005.0,10,2365.49,12,1,Revenue Drivers
16006.0,2,332.82,211,2,Inactive
16007.0,7,3053.06,48,1,Revenue Drivers
16008.0,15,5339.13,24,1,Revenue Drivers
16009.0,4,972.11,22,3,Growth Segment
16010.0,11,1694.86,246,0,Retention Risk Customers
16011.0,29,5601.01,8,1,Revenue Drivers
16012.0,5,2978.59,35,1,Revenue Drivers
16013.0,84,56078.44,4,1,Revenue Drivers
16014.0,5,1100.28,38,3,Growth Segment
16015.0,3,704.55,4,3,Growth Segment
16016.0,11,2083.4,3,1,Revenue Drivers
16017.0,5,1545.58,47,3,Growth Segment
16018.0,4,698.13,39,3,Growth Segment
16019.0,27,17329.16,47,1,Revenue Drivers
16020.0,3,851.01,17,3,Growth Segment
16021.0,2,487.03,395,0,Retention Risk Customers
16022.0,1,602.63,260,2,Inactive
16023.0,3,719.8100000000001,46,3,Growth Segment
16024.0,3,483.99,12,3,Growth Segment
16025.0,1,439.66,30,3,Growth Segment
16026.0,1,236.09,43,2,Inactive
16027.0,15,2048.36,92,1,Revenue Drivers
16028.0,1,82.2,596,2,Inactive
16029.0,107,117763.62,39,1,Revenue Drivers
16030.0,1,331.24,310,2,Inactive
16031.0,2,547.9,92,3,Growth Segment
16032.0,6,1965.72,456,0,Retention Risk Customers
16033.0,27,10608.81,6,1,Revenue Drivers
16034.0,6,911.32,196,0,Retention Risk Customers
16035.0,1,217.73,560,2,Inactive
16036.0,4,2556.84,87,0,Retention Risk Customers
16037.0,5,1509.34,270,0,Retention Risk Customers
16038.0,3,471.78,8,3,Growth Segment
16039.0,2,456.4,424,0,Retention Risk Customers
16040.0,7,2416.9,65,1,Revenue Drivers
16041.0,3,3166.4,31,1,Revenue Drivers
16042.0,8,2245.32,22,1,Revenue Drivers
16043.0,8,1856.59,38,1,Revenue Drivers
16044.0,1,340.84000000000003,435,2,Inactive
16045.0,8,3434.93,120,1,Revenue Drivers
16046.0,1,235.78,562,2,Inactive
16047.0,1,107.14,682,2,Inactive
16048.0,4,818.7900000000001,373,0,Retention Risk Customers
16049.0,6,1852.15,40,1,Revenue Drivers
16050.0,3,300.7,174,2,Inactive
16051.0,1,188.44,682,2,Inactive
16052.0,1,362.06,54,3,Growth Segment
16053.0,6,3634.84,33,1,Revenue Drivers
16054.0,4,2111.88,145,0,Retention Risk Customers
16055.0,1,134.8,221,2,Inactive
16056.0,1,650.75,45,3,Growth Segment
16057.0,10,3854.85,16,1,Revenue Drivers
16058.0,1,62.7,406,2,Inactive
16059.0,12,3053.57,66,1,Revenue Drivers
16060.0,3,541.95,401,0,Retention Risk Customers
16061.0,1,89.65,431,2,Inactive
16062.0,8,2863.45,10,1,Revenue Drivers
16063.0,1,335.32,260,2,Inactive
16064.0,1,109.31,725,2,Inactive
16065.0,8,1992.13,365,0,Retention Risk Customers
16066.0,5,1521.04,17,3,Growth Segment
16067.0,3,3269.11,563,0,Retention Risk Customers
16068.0,1,115.73,594,2,Inactive
16069.0,1,457.7,418,2,Inactive
16070.0,2,852.15,22,3,Growth Segment
16071.0,4,1076.8,45,3,Growth Segment
16072.0,4,4180.09,288,0,Retention Risk Customers
16073.0,1,122.4,297,2,Inactive
16074.0,1,252.5,390,2,Inactive
16075.0,2,736.9300000000001,503,0,Retention Risk Customers
16076.0,10,2234.73,3,1,Revenue Drivers
16077.0,1,2300.4,626,0,Retention Risk Customers
16078.0,2,362.99,284,2,Inactive
16079.0,3,1352.0,17,3,Growth Segment
16080.0,4,602.5600000000001,82,3,Growth Segment
16081.0,8,4278.96,56,1,Revenue Drivers
16082.0,1,106.75,670,2,Inactive
16083.0,4,2351.42,101,0,Retention Risk Customers
16084.0,1,436.18,299,2,Inactive
16085.0,12,2341.03,23,1,Revenue Drivers
16086.0,10,2687.73,59,1,Revenue Drivers
16087.0,5,1739.92,389,0,Retention Risk Customers
16088.0,2,1437.43,576,0,Retention Risk Customers
16089.0,2,263.49,386,2,Inactive
16090.0,1,180.56,624,2,Inactive
16091.0,2,315.06,155,2,Inactive
16092.0,6,1587.94,115,0,Retention Risk Customers
16093.0,1,17.0,107,2,Inactive
16094.0,11,3695.56,12,1,Revenue Drivers
16095.0,1,447.05,456,2,Inactive
16096.0,4,1584.97,264,0,Retention Risk Customers
16097.0,1,185.05,240,2,Inactive
16098.0,14,4010.7,88,1,Revenue Drivers
16099.0,7,1573.2,50,1,Revenue Drivers
16100.0,1,582.64,463,2,Inactive
16101.0,4,3229.16,71,1,Revenue Drivers
16102.0,3,1842.14,42,3,Growth Segment
16103.0,22,6191.71,7,1,Revenue Drivers
16104.0,9,2774.46,62,1,Revenue Drivers
16105.0,5,2386.19,249,0,Retention Risk Customers
16106.0,1,108.38,66,2,Inactive
16107.0,7,3204.1600000000003,18,1,Revenue Drivers
16108.0,4,2235.92,85,0,Retention Risk Customers
16109.0,3,939.48,219,0,Retention Risk Customers
16110.0,4,1781.59,45,3,Growth Segment
16111.0,1,549.33,428,2,Inactive
16112.0,4,195.74,143,2,Inactive
16113.0,1,161.38,183,2,Inactive
16114.0,1,135.75000000000003,171,2,Inactive
16115.0,12,2553.8,10,1,Revenue Drivers
16116.0,1,612.78,212,2,Inactive
16117.0,3,654.4,190,0,Retention Risk Customers
16118.0,1,4376.25,653,0,Retention Risk Customers
16119.0,8,1720.81,8,1,Revenue Drivers
16120.0,6,2967.51,59,1,Revenue Drivers
16121.0,5,1450.04,57,3,Growth Segment
16122.0,6,895.62,73,3,Growth Segment
16123.0,1,307.78,52,3,Growth Segment
16124.0,4,1772.49,317,0,Retention Risk Customers
16125.0,14,4292.35,367,0,Retention Risk Customers
16126.0,15,14644.6,29,1,Revenue Drivers
16127.0,2,801.3100000000001,39,3,Growth Segment
16128.0,11,3801.05,18,1,Revenue Drivers
16129.0,3,1396.05,407,0,Retention Risk Customers
16130.0,4,987.48,422,0,Retention Risk Customers
16131.0,12,9957.42,52,1,Revenue Drivers
16132.0,2,664.1999999999999,544,0,Retention Risk Customers
16133.0,56,22992.26,4,1,Revenue Drivers
16134.0,5,2145.34,22,1,Revenue Drivers
16135.0,2,819.4499999999999,263,0,Retention Risk Customers
16136.0,4,946.8,60,3,Growth Segment
16137.0,1,422.7,680,2,Inactive
16138.0,3,910.35,379,0,Retention Risk Customers
16139.0,5,1111.15,19,3,Growth Segment
16140.0,3,1433.46,66,3,Growth Segment
16141.0,2,955.94,88,3,Growth Segment
16142.0,1,535.34,250,2,Inactive
16143.0,12,4555.08,3,1,Revenue Drivers
16144.0,1,175.2,247,2,Inactive
16145.0,19,6805.4400000000005,9,1,Revenue Drivers
16146.0,4,946.38,157,0,Retention Risk Customers
16147.0,5,2398.91,134,0,Retention Risk Customers
16148.0,2,386.62,296,2,Inactive
16149.0,3,422.22,5,3,Growth Segment
16150.0,10,4002.17,43,1,Revenue Drivers
16152.0,1,1829.04,269,0,Retention Risk Customers
16153.0,11,5133.49,50,1,Revenue Drivers
16155.0,5,796.9,382,0,Retention Risk Customers
16156.0,20,6188.18,9,1,Revenue Drivers
16157.0,3,656.69,16,3,Growth Segment
16158.0,9,628.32,522,0,Retention Risk Customers
16159.0,4,1232.79,282,0,Retention Risk Customers
16160.0,2,1025.44,65,3,Growth Segment
16161.0,43,12580.06,2,1,Revenue Drivers
16162.0,1,37.4,252,2,Inactive
16163.0,6,2407.98,232,0,Retention Risk Customers
16164.0,3,822.48,17,3,Growth Segment
16165.0,1,79.9,505,2,Inactive
16166.0,2,435.83,428,2,Inactive
16167.0,5,1386.12,414,0,Retention Risk Customers
16168.0,66,10360.67,11,1,Revenue Drivers
16169.0,4,1822.97,8,3,Growth Segment
16170.0,20,6869.0,51,1,Revenue Drivers
16171.0,1,73.19999999999999,59,2,Inactive
16172.0,8,1884.55,95,1,Revenue Drivers
16173.0,6,1418.32,16,3,Growth Segment
16174.0,7,2246.75,126,0,Retention Risk Customers
16175.0,7,1836.44,94,0,Retention Risk Customers
16176.0,4,2052.69,421,0,Retention Risk Customers
16177.0,8,2247.31,50,1,Revenue Drivers
16178.0,2,612.6,138,0,Retention Risk Customers
16179.0,1,215.83,61,2,Inactive
16180.0,13,16249.87,100,1,Revenue Drivers
16181.0,1,305.54,73,2,Inactive
16182.0,9,9971.65,72,1,Revenue Drivers
16183.0,4,1077.81,67,3,Growth Segment
16184.0,6,1158.79,64,3,Growth Segment
16185.0,3,644.72,17,3,Growth Segment
16186.0,26,8718.43,23,1,Revenue Drivers
16187.0,15,6911.4400000000005,32,1,Revenue Drivers
16188.0,5,1087.66,45,3,Growth Segment
16189.0,2,215.48,16,3,Growth Segment
16190.0,8,2723.55,40,1,Revenue Drivers
16191.0,24,15677.82,3,1,Revenue Drivers
16192.0,1,351.3,736,2,Inactive
16193.0,2,630.43,237,0,Retention Risk Customers
16194.0,1,308.6,375,2,Inactive
16195.0,1,323.25,723,2,Inactive
16196.0,1,93.3,489,2,Inactive
16197.0,9,2016.71,469,0,Retention Risk Customers
16198.0,2,1030.0410000000002,75,3,Growth Segment
16199.0,7,942.75,392,0,Retention Risk Customers
16200.0,12,5608.1,4,1,Revenue Drivers
16201.0,5,2112.12,3,1,Revenue Drivers
16202.0,9,2501.99,361,0,Retention Risk Customers
16203.0,6,943.84,59,3,Growth Segment
16204.0,3,918.71,23,3,Growth Segment
16205.0,7,1820.11,31,1,Revenue Drivers
16206.0,13,2589.87,55,1,Revenue Drivers
16207.0,1,394.38,25,3,Growth Segment
16208.0,10,3440.4500000000003,45,1,Revenue Drivers
16209.0,9,4146.78,89,1,Revenue Drivers
16210.0,35,33750.97,2,1,Revenue Drivers
16211.0,3,1090.59,89,3,Growth Segment
16212.0,4,1293.71,19,3,Growth Segment
16213.0,1,159.0,79,2,Inactive
16214.0,4,2038.25,171,0,Retention Risk Customers
16215.0,1,242.35,81,2,Inactive
16216.0,1,914.93,267,0,Retention Risk Customers
16217.0,2,304.25,235,2,Inactive
16218.0,13,3968.67,30,1,Revenue Drivers
16219.0,1,40.8,501,2,Inactive
16221.0,9,2019.92,37,1,Revenue Drivers
16222.0,2,1272.05,318,0,Retention Risk Customers
16223.0,2,1087.05,375,0,Retention Risk Customers
16224.0,5,1616.54,57,3,Growth Segment
16225.0,15,2859.31,45,1,Revenue Drivers
16226.0,5,672.17,203,0,Retention Risk Customers
16227.0,3,1027.22,225,0,Retention Risk Customers
16228.0,3,885.71,385,0,Retention Risk Customers
16229.0,6,2867.86,87,1,Revenue Drivers
16230.0,2,542.03,190,0,Retention Risk Customers
16231.0,4,1074.47,379,0,Retention Risk Customers
16232.0,7,2712.97,44,1,Revenue Drivers
16233.0,9,1818.31,71,1,Revenue Drivers
16234.0,3,333.18,476,2,Inactive
16235.0,9,2053.71,41,1,Revenue Drivers
16236.0,1,432.2,78,3,Growth Segment
16237.0,1,136.65,437,2,Inactive
16238.0,1,63.66,423,2,Inactive
16239.0,6,1492.2,57,3,Growth Segment
16240.0,2,3718.8,24,1,Revenue Drivers
16241.0,16,3992.86,10,1,Revenue Drivers
16242.0,14,7404.650000000001,8,1,Revenue Drivers
16243.0,2,409.1,34,3,Growth Segment
16244.0,2,1522.75,212,0,Retention Risk Customers
16245.0,3,1413.66,24,3,Growth Segment
16246.0,2,821.35,460,0,Retention Risk Customers
16247.0,1,114.56,170,2,Inactive
16248.0,1,152.94,62,2,Inactive
16249.0,5,1800.07,53,3,Growth Segment
16250.0,3,565.24,261,0,Retention Risk Customers
16251.0,1,128.31,512,2,Inactive
16252.0,1,295.09000000000003,383,2,Inactive
16253.0,7,7272.2,67,1,Revenue Drivers
16254.0,3,967.44,378,0,Retention Risk Customers
16255.0,15,4530.0,17,1,Revenue Drivers
16256.0,3,1629.37,267,0,Retention Risk Customers
16257.0,1,46.95,177,2,Inactive
16258.0,15,11942.52,45,1,Revenue Drivers
16259.0,3,340.94,410,2,Inactive
16260.0,1,1035.45,51,3,Growth Segment
16261.0,6,1041.16,17,3,Growth Segment
16262.0,1,755.15,378,0,Retention Risk Customers
16263.0,1,348.16,423,2,Inactive
16264.0,2,823.53,438,0,Retention Risk Customers
16265.0,12,6935.17,9,1,Revenue Drivers
16266.0,14,1757.95,74,1,Revenue Drivers
16267.0,1,186.66,591,2,Inactive
16268.0,2,667.65,71,3,Growth Segment
16269.0,1,717.57,438,0,Retention Risk Customers
16270.0,1,1141.24,353,0,Retention Risk Customers
16271.0,10,3397.82,3,1,Revenue Drivers
16272.0,1,411.7,117,2,Inactive
16273.0,2,318.34000000000003,648,2,Inactive
16274.0,1,351.75,373,2,Inactive
16275.0,3,2151.11,197,0,Retention Risk Customers
16276.0,3,2629.3900000000003,177,0,Retention Risk Customers
16277.0,1,188.69,734,2,Inactive
16278.0,3,1117.84,100,0,Retention Risk Customers
16279.0,9,5698.28,21,1,Revenue Drivers
16280.0,1,238.05,725,2,Inactive
16281.0,3,3424.02,72,1,Revenue Drivers
16282.0,3,1307.5800000000002,340,0,Retention Risk Customers
16283.0,8,4350.32,6,1,Revenue Drivers
16284.0,3,1018.48,31,3,Growth Segment
16285.0,1,176.9,646,2,Inactive
16286.0,2,328.95,477,2,Inactive
16287.0,5,1006.98,170,0,Retention Risk Customers
16288.0,1,129.85,470,2,Inactive
16289.0,1,136.31,462,2,Inactive
16290.0,4,1957.7,465,0,Retention Risk Customers
16291.0,1,117.72,682,2,Inactive
16292.0,5,1253.76,122,0,Retention Risk Customers
16293.0,15,4279.2,22,1,Revenue Drivers
16294.0,1,126.05,477,2,Inactive
16295.0,4,1328.55,10,3,Growth Segment
16296.0,4,1313.67,626,0,Retention Risk Customers
16297.0,1,301.9,269,2,Inactive
16298.0,7,1085.7,23,3,Growth Segment
16299.0,1,193.65,477,2,Inactive
16300.0,3,1367.32,430,0,Retention Risk Customers
16301.0,1,107.33,737,2,Inactive
16302.0,1,233.22,127,2,Inactive
16303.0,7,7928.27,26,1,Revenue Drivers
16304.0,1,381.66,695,2,Inactive
16305.0,1,361.22,139,2,Inactive
16306.0,7,1124.72,214,0,Retention Risk Customers
16307.0,3,1194.92,429,0,Retention Risk Customers
16308.0,7,5120.0,38,1,Revenue Drivers
16309.0,2,706.57,106,3,Growth Segment
16310.0,2,460.08,414,0,Retention Risk Customers
16311.0,2,616.26,18,3,Growth Segment
16312.0,1,171.15,432,2,Inactive
16313.0,2,274.15,3,3,Growth Segment
16314.0,3,1491.4,390,0,Retention Risk Customers
16315.0,2,402.71,331,2,Inactive
16316.0,13,5744.91,64,1,Revenue Drivers
16317.0,5,2192.51,120,0,Retention Risk Customers
16318.0,1,328.15,35,3,Growth Segment
16319.0,1,404.4,218,2,Inactive
16320.0,6,5628.99,172,1,Revenue Drivers
16321.0,7,604.5500000000001,72,3,Growth Segment
16322.0,2,326.75,1,3,Growth Segment
16323.0,2,353.66,196,2,Inactive
16324.0,3,408.59,128,3,Growth Segment
16325.0,12,3597.5,47,1,Revenue Drivers
16326.0,24,4721.25,6,1,Revenue Drivers
16327.0,16,10159.64,14,1,Revenue Drivers
16328.0,1,310.83,563,2,Inactive
16329.0,4,1664.92,428,0,Retention Risk Customers
16330.0,7,625.38,18,3,Growth Segment
16331.0,6,2037.7,432,0,Retention Risk Customers
16332.0,11,2000.01,28,1,Revenue Drivers
16333.0,22,26626.8,8,1,Revenue Drivers
16334.0,1,263.73,492,2,Inactive
16335.0,7,2753.52,552,0,Retention Risk Customers
16336.0,4,3517.69,421,0,Retention Risk Customers
16337.0,1,151.05,37,2,Inactive
16338.0,1,214.8,157,2,Inactive
16339.0,1,94.05,284,2,Inactive
16340.0,3,1496.24,107,0,Retention Risk Customers
16341.0,7,3850.79,25,1,Revenue Drivers
16342.0,4,322.41,75,3,Growth Segment
16343.0,3,614.12,16,3,Growth Segment
16344.0,4,842.42,158,0,Retention Risk Customers
16345.0,2,1178.79,44,3,Growth Segment
16346.0,1,224.51,385,2,Inactive
16347.0,11,3442.96,11,1,Revenue Drivers
16348.0,8,1744.42,32,1,Revenue Drivers
16349.0,1,53.5,291,2,Inactive
16350.0,9,2253.89,21,1,Revenue Drivers
16351.0,13,3330.0299999999997,333,0,Retention Risk Customers
16352.0,2,494.44,18,3,Growth Segment
16353.0,38,9795.46,4,1,Revenue Drivers
16354.0,5,1119.46,63,3,Growth Segment
16355.0,1,416.35,375,2,Inactive
16356.0,6,415.87,198,0,Retention Risk Customers
16357.0,4,868.37,33,3,Growth Segment
16358.0,5,2919.65,1,1,Revenue Drivers
16359.0,16,2697.75,7,1,Revenue Drivers
16360.0,6,3450.41,5,1,Revenue Drivers
16361.0,4,891.21,10,3,Growth Segment
16362.0,6,922.16,32,3,Growth Segment
16363.0,1,109.36,53,2,Inactive
16364.0,2,705.79,12,3,Growth Segment
16365.0,15,3167.34,18,1,Revenue Drivers
16366.0,4,1548.13,19,3,Growth Segment
16367.0,3,1350.48,37,3,Growth Segment
16368.0,3,621.44,2,3,Growth Segment
16369.0,7,2656.56,18,1,Revenue Drivers
16370.0,4,1301.91,82,0,Retention Risk Customers
16371.0,1,157.2,449,2,Inactive
16372.0,5,1290.31,33,3,Growth Segment
16373.0,2,309.49,382,2,Inactive
16374.0,5,1723.4,66,3,Growth Segment
16375.0,2,104.0,470,2,Inactive
16376.0,2,974.96,9,3,Growth Segment
16377.0,2,1308.48,267,0,Retention Risk Customers
16378.0,3,362.95,247,0,Retention Risk Customers
16379.0,4,2157.4,4,1,Revenue Drivers
16380.0,1,1743.15,61,3,Growth Segment
16381.0,2,247.85,396,2,Inactive
16382.0,2,353.1,408,2,Inactive
16383.0,7,2896.69,75,1,Revenue Drivers
16384.0,4,1358.95,90,0,Retention Risk Customers
16385.0,5,881.35,60,3,Growth Segment
16386.0,3,1068.16,29,3,Growth Segment
16387.0,5,882.46,323,0,Retention Risk Customers
16388.0,1,186.05,654,2,Inactive
16389.0,4,1382.07,53,3,Growth Segment
16390.0,3,467.5,537,0,Retention Risk Customers
16391.0,4,1052.26,401,0,Retention Risk Customers
16392.0,3,756.7,270,0,Retention Risk Customers
16393.0,23,5297.77,2,1,Revenue Drivers
16394.0,5,1555.34,57,3,Growth Segment
16395.0,14,3518.41,61,1,Revenue Drivers
16396.0,1,137.8,476,2,Inactive
16397.0,1,123.13,628,2,Inactive
16398.0,2,1705.8,154,0,Retention Risk Customers
16399.0,3,630.22,19,3,Growth Segment
16400.0,9,3059.85,95,1,Revenue Drivers
16401.0,23,6849.15,1,1,Revenue Drivers
16402.0,2,293.45,265,2,Inactive
16403.0,1,177.5,312,2,Inactive
16404.0,1,443.05,70,3,Growth Segment
16405.0,2,167.25,302,2,Inactive
16406.0,3,528.36,19,3,Growth Segment
16407.0,14,2761.65,13,1,Revenue Drivers
16408.0,1,231.93,591,2,Inactive
16409.0,12,5652.74,36,1,Revenue Drivers
16410.0,1,130.32,734,2,Inactive
16411.0,4,756.39,19,3,Growth Segment
16412.0,5,593.19,54,3,Growth Segment
16413.0,2,522.03,57,3,Growth Segment
16414.0,5,551.21,22,3,Growth Segment
16415.0,3,696.76,44,3,Growth Segment
16416.0,9,2957.88,27,1,Revenue Drivers
16417.0,1,35.7,493,2,Inactive
16418.0,5,1028.74,45,3,Growth Segment
16419.0,8,1463.7,113,0,Retention Risk Customers
16420.0,1,75.0,396,2,Inactive
16421.0,3,526.27,376,0,Retention Risk Customers
16422.0,109,61920.87,17,1,Revenue Drivers
16423.0,1,346.12,25,3,Growth Segment
16424.0,2,443.06,191,0,Retention Risk Customers
16425.0,1,302.7,302,2,Inactive
16426.0,10,1863.76,2,1,Revenue Drivers
16427.0,2,241.06,263,2,Inactive
16428.0,3,638.49,414,0,Retention Risk Customers
16429.0,1,284.55,106,2,Inactive
16430.0,7,1117.94,57,3,Growth Segment
16431.0,3,623.28,213,0,Retention Risk Customers
16432.0,1,287.40000000000003,64,2,Inactive
16433.0,2,384.52,28,3,Growth Segment
16434.0,12,2673.69,29,1,Revenue Drivers
16435.0,3,1003.07,512,0,Retention Risk Customers
16436.0,3,319.14,668,2,Inactive
16437.0,2,301.25,381,2,Inactive
16438.0,5,798.35,6,3,Growth Segment
16439.0,1,310.70000000000005,722,2,Inactive
16440.0,6,3856.97,8,1,Revenue Drivers
16441.0,5,1019.13,67,3,Growth Segment
16442.0,5,891.98,2,3,Growth Segment
16443.0,1,162.24,521,2,Inactive
16444.0,17,3625.88,46,1,Revenue Drivers
16445.0,4,583.16,34,3,Growth Segment
16446.0,2,168472.5,1,1,Revenue Drivers
16447.0,3,727.1,136,0,Retention Risk Customers
16448.0,2,361.12,198,2,Inactive
16449.0,2,707.69,198,0,Retention Risk Customers
16450.0,3,1505.73,150,0,Retention Risk Customers
16451.0,3,1013.15,88,3,Growth Segment
16452.0,2,332.17,631,2,Inactive
16453.0,2,251.71,531,2,Inactive
16454.0,4,30.950000000000003,45,2,Inactive
16455.0,11,3995.57,64,1,Revenue Drivers
16456.0,13,6000.94,99,1,Revenue Drivers
16457.0,1,208.36,218,2,Inactive
16458.0,30,5690.89,3,1,Revenue Drivers
16459.0,1,71.78999999999999,730,2,Inactive
16460.0,3,811.23,28,3,Growth Segment
16461.0,3,1545.83,178,0,Retention Risk Customers
16462.0,3,136.0,74,2,Inactive
16463.0,4,1422.4,21,3,Growth Segment
16464.0,3,1298.66,20,3,Growth Segment
16465.0,2,746.24,421,0,Retention Risk Customers
16466.0,15,3767.09,34,1,Revenue Drivers
16467.0,7,2869.16,509,0,Retention Risk Customers
16468.0,3,787.52,74,3,Growth Segment
16469.0,5,803.9,24,3,Growth Segment
16470.0,11,2416.85,52,1,Revenue Drivers
16471.0,4,1189.98,275,0,Retention Risk Customers
16472.0,2,789.6,434,0,Retention Risk Customers
16473.0,4,470.83,165,0,Retention Risk Customers
16474.0,7,1810.65,7,1,Revenue Drivers
16475.0,4,544.3,88,3,Growth Segment
16476.0,1,350.35,432,2,Inactive
16477.0,11,4094.37,64,1,Revenue Drivers
16478.0,3,331.0,25,3,Growth Segment
16479.0,2,300.83,10,3,Growth Segment
16480.0,1,769.29,76,3,Growth Segment
16481.0,1,453.38,682,2,Inactive
16482.0,1,220.62,16,3,Growth Segment
16483.0,1,139.35,192,2,Inactive
16484.0,2,404.3,174,2,Inactive
16485.0,5,2287.19,77,1,Revenue Drivers
16486.0,1,134.36,538,2,Inactive
16487.0,2,209.4,577,2,Inactive
16488.0,3,498.8,33,3,Growth Segment
16489.0,2,303.7,380,2,Inactive
16490.0,1,205.41000000000005,436,2,Inactive
16491.0,2,1533.16,47,3,Growth Segment
16492.0,1,385.56,541,2,Inactive
16493.0,7,2132.09,80,1,Revenue Drivers
16494.0,1,826.53,297,0,Retention Risk Customers
16495.0,3,648.26,3,3,Growth Segment
16496.0,6,2330.77,9,1,Revenue Drivers
16497.0,23,6695.28,50,1,Revenue Drivers
16498.0,2,100.97,161,2,Inactive
16499.0,8,2578.34,360,0,Retention Risk Customers
16500.0,9,843.9100000000001,5,3,Growth Segment
16501.0,1,1191.23,383,0,Retention Risk Customers
16502.0,2,258.55,620,2,Inactive
16503.0,11,3614.34,107,1,Revenue Drivers
16504.0,1,465.88,25,3,Growth Segment
16505.0,1,777.6,32,3,Growth Segment
16506.0,2,90.3,20,2,Inactive
16507.0,1,142.71,572,2,Inactive
16508.0,1,240.95,630,2,Inactive
16509.0,1,363.7000000000001,297,2,Inactive
16510.0,6,1777.5,372,0,Retention Risk Customers
16511.0,6,1760.49,22,1,Revenue Drivers
16513.0,4,874.59,5,3,Growth Segment
16515.0,10,3179.06,52,1,Revenue Drivers
16516.0,1,101.7,30,2,Inactive
16517.0,1,162.7,277,2,Inactive
16518.0,4,959.37,61,3,Growth Segment
16519.0,4,439.06,25,3,Growth Segment
16520.0,6,2148.38,186,0,Retention Risk Customers
16521.0,3,1140.11,415,0,Retention Risk Customers
16522.0,2,433.36,436,2,Inactive
16523.0,28,11916.33,2,1,Revenue Drivers
16524.0,2,306.19,446,2,Inactive
16525.0,48,24151.3,2,1,Revenue Drivers
16526.0,2,717.21,172,0,Retention Risk Customers
16527.0,2,1232.94,81,3,Growth Segment
16528.0,1,244.41,4,3,Growth Segment
16529.0,4,1986.8,190,0,Retention Risk Customers
16530.0,1,48.35,668,2,Inactive
16531.0,11,2298.33,22,1,Revenue Drivers
16532.0,5,8756.64,18,1,Revenue Drivers
16533.0,3,1082.81,19,3,Growth Segment
16534.0,1,635.9,642,2,Inactive
16535.0,3,972.04,5,3,Growth Segment
16536.0,1,548.12,110,3,Growth Segment
16537.0,1,23.35,641,2,Inactive
16538.0,3,395.07,541,0,Retention Risk Customers
16539.0,10,3289.66,3,1,Revenue Drivers
16540.0,1,205.75,414,2,Inactive
16541.0,1,424.03,735,2,Inactive
16542.0,2,257.32,54,3,Growth Segment
16543.0,1,292.21,592,2,Inactive
16544.0,4,376.7000000000001,520,0,Retention Risk Customers
16545.0,2,689.8199999999999,165,0,Retention Risk Customers
16546.0,5,5307.07,291,0,Retention Risk Customers
16547.0,1,104.26,546,2,Inactive
16548.0,1,30.15,599,2,Inactive
16549.0,34,12781.8,10,1,Revenue Drivers
16550.0,18,8813.58,109,1,Revenue Drivers
16551.0,7,2237.12,96,1,Revenue Drivers
16552.0,2,379.73,243,2,Inactive
16553.0,33,16584.01,163,1,Revenue Drivers
16554.0,8,2841.72,42,1,Revenue Drivers
16555.0,6,1915.68,35,1,Revenue Drivers
16556.0,17,8012.58,67,1,Revenue Drivers
16557.0,2,281.85,24,3,Growth Segment
16558.0,38,13304.11,1,1,Revenue Drivers
16559.0,1,175.0,397,2,Inactive
16560.0,8,3048.38,27,1,Revenue Drivers
16561.0,2,511.12,6,3,Growth Segment
16562.0,1,223.86,477,2,Inactive
16563.0,6,4412.56,54,1,Revenue Drivers
16564.0,1,87.8,569,2,Inactive
16565.0,4,773.05,364,0,Retention Risk Customers
16566.0,5,614.66,15,3,Growth Segment
16567.0,2,865.6,194,0,Retention Risk Customers
16568.0,2,1020.9,428,0,Retention Risk Customers
16569.0,5,1455.23,3,3,Growth Segment
16570.0,20,7434.31,15,1,Revenue Drivers
16571.0,10,4248.74,27,1,Revenue Drivers
16572.0,3,1009.6,127,0,Retention Risk Customers
16573.0,2,663.61,85,3,Growth Segment
16574.0,3,1301.78,71,3,Growth Segment
16576.0,2,540.87,420,0,Retention Risk Customers
16577.0,1,380.0,667,2,Inactive
16578.0,1,156.6,626,2,Inactive
16579.0,1,295.05,426,2,Inactive
16581.0,1,105.84,183,2,Inactive
16582.0,1,313.62,113,2,Inactive
16583.0,2,297.95,374,2,Inactive
16584.0,5,3156.17,80,1,Revenue Drivers
16585.0,2,341.59,594,2,Inactive
16586.0,3,1462.78,249,0,Retention Risk Customers
16587.0,1,225.15,232,2,Inactive
16588.0,4,1361.28,386,0,Retention Risk Customers
16589.0,4,612.36,71,3,Growth Segment
16590.0,2,605.9,401,0,Retention Risk Customers
16591.0,1,213.5,69,2,Inactive
16592.0,28,7807.91,4,1,Revenue Drivers
16593.0,8,1071.14,51,3,Growth Segment
16594.0,1,181.09,75,2,Inactive
16595.0,5,1757.75,61,3,Growth Segment
16596.0,4,458.98,16,3,Growth Segment
16597.0,1,90.04,4,3,Growth Segment
16598.0,1,145.05,286,2,Inactive
16599.0,1,172.8,386,2,Inactive
16600.0,13,2153.41,4,1,Revenue Drivers
16601.0,3,677.0,41,3,Growth Segment
16602.0,2,763.33,36,3,Growth Segment
16603.0,2,482.47,75,3,Growth Segment
16604.0,2,432.45,563,2,Inactive
16605.0,1,60.48,724,2,Inactive
16606.0,2,357.66,404,2,Inactive
16607.0,25,5706.87,18,1,Revenue Drivers
16608.0,2,1286.62,454,0,Retention Risk Customers
16609.0,7,5493.46,15,1,Revenue Drivers
16610.0,1,75.66,219,2,Inactive
16611.0,6,1785.13,186,0,Retention Risk Customers
16612.0,9,3245.4300000000003,33,1,Revenue Drivers
16613.0,1,618.59,70,3,Growth Segment
16614.0,3,1179.79,183,0,Retention Risk Customers
16615.0,1,291.5,626,2,Inactive
16616.0,2,500.42,15,3,Growth Segment
16617.0,1,151.85,236,2,Inactive
16618.0,5,2647.59,31,1,Revenue Drivers
16619.0,4,1938.33,264,0,Retention Risk Customers
16620.0,6,1758.93,4,1,Revenue Drivers
16621.0,4,813.48,52,3,Growth Segment
16622.0,1,225.4,544,2,Inactive
16623.0,4,1015.24,246,0,Retention Risk Customers
16624.0,2,810.57,81,3,Growth Segment
16625.0,5,1654.03,275,0,Retention Risk Customers
16626.0,17,4413.1,1,1,Revenue Drivers
16627.0,1,322.8,79,2,Inactive
16628.0,7,2318.1,30,1,Revenue Drivers
16629.0,2,408.63,74,3,Growth Segment
16630.0,1,106.8,407,2,Inactive
16631.0,7,1892.52,482,0,Retention Risk Customers
16632.0,2,406.4,486,2,Inactive
16633.0,6,2883.1,17,1,Revenue Drivers
16634.0,6,1649.81,223,0,Retention Risk Customers
16635.0,1,473.0,407,2,Inactive
16636.0,4,3802.04,438,0,Retention Risk Customers
16637.0,4,1154.47,32,3,Growth Segment
16638.0,15,2380.13,23,1,Revenue Drivers
16639.0,4,1747.98,31,3,Growth Segment
16640.0,1,179.4,398,2,Inactive
16641.0,2,554.5,106,3,Growth Segment
16642.0,3,1077.45,5,3,Growth Segment
16643.0,2,923.11,246,0,Retention Risk Customers
16644.0,2,833.78,178,0,Retention Risk Customers
16645.0,1,160.39,736,2,Inactive
16646.0,1,678.8,449,2,Inactive
16647.0,4,541.9,170,0,Retention Risk Customers
16648.0,3,672.8,43,3,Growth Segment
16649.0,1,306.58,520,2,Inactive
16650.0,7,1916.11,72,1,Revenue Drivers
16651.0,1,136.2,587,2,Inactive
16652.0,16,17550.39,59,1,Revenue Drivers
16653.0,2,1212.66,16,3,Growth Segment
16654.0,8,1484.07,141,0,Retention Risk Customers
16655.0,13,6423.26,18,1,Revenue Drivers
16656.0,30,16833.170000000002,22,1,Revenue Drivers
16657.0,4,874.43,10,3,Growth Segment
16658.0,6,690.83,368,0,Retention Risk Customers
16659.0,1,39.12,189,2,Inactive
16660.0,7,1879.55,16,1,Revenue Drivers
16661.0,4,932.76,540,0,Retention Risk Customers
16662.0,1,151.05,394,2,Inactive
16663.0,1,165.0,729,2,Inactive
16664.0,1,109.2,569,2,Inactive
16665.0,1,135.4,362,2,Inactive
16666.0,2,217.71,19,3,Growth Segment
16667.0,2,567.18,68,3,Growth Segment
16668.0,13,862.42,15,3,Growth Segment
16669.0,3,1348.88,24,3,Growth Segment
16670.0,20,8030.150000000001,17,1,Revenue Drivers
16671.0,3,1692.27,28,3,Growth Segment
16672.0,20,8134.94,2,1,Revenue Drivers
16673.0,1,171.13,679,2,Inactive
16674.0,2,304.24,55,3,Growth Segment
16675.0,2,608.86,442,0,Retention Risk Customers
16676.0,6,2361.9,34,1,Revenue Drivers
16677.0,2,880.62,411,0,Retention Risk Customers
16678.0,12,3109.99,3,1,Revenue Drivers
16679.0,3,663.31,366,0,Retention Risk Customers
16680.0,3,821.45,43,3,Growth Segment
16681.0,7,1921.84,73,1,Revenue Drivers
16682.0,5,1028.0,5,3,Growth Segment
16683.0,1,320.25,534,2,Inactive
16684.0,55,147142.77,4,1,Revenue Drivers
16685.0,2,324.24,61,3,Growth Segment
16686.0,16,4881.07,47,1,Revenue Drivers
16687.0,1,157.63,391,2,Inactive
16688.0,4,1260.86,1,3,Growth Segment
16689.0,2,422.6,76,3,Growth Segment
16690.0,4,353.03000000000003,72,3,Growth Segment
16691.0,2,178.83,418,2,Inactive
16692.0,4,1914.7,256,0,Retention Risk Customers
16693.0,5,1179.48,69,3,Growth Segment
16694.0,1,98.3,723,2,Inactive
16695.0,2,191.9,562,2,Inactive
16696.0,4,657.9,135,0,Retention Risk Customers
16697.0,1,112.75,241,2,Inactive
16698.0,2,1998.0,227,0,Retention Risk Customers
16699.0,7,994.6,380,0,Retention Risk Customers
16700.0,25,8830.77,9,1,Revenue Drivers
16701.0,26,9916.73,9,1,Revenue Drivers
16702.0,4,1110.83,415,0,Retention Risk Customers
16704.0,2,664.16,618,0,Retention Risk Customers
16705.0,42,43515.051,1,1,Revenue Drivers
16706.0,3,531.35,37,3,Growth Segment
16707.0,4,533.41,400,0,Retention Risk Customers
16708.0,1,656.63,46,3,Growth Segment
16709.0,14,9056.01,85,1,Revenue Drivers
16710.0,22,5921.35,19,1,Revenue Drivers
16711.0,9,2868.48,3,1,Revenue Drivers
16712.0,13,4232.87,9,1,Revenue Drivers
16713.0,32,14115.56,19,1,Revenue Drivers
16714.0,4,1497.33,219,0,Retention Risk Customers
16715.0,2,625.52,78,3,Growth Segment
16716.0,3,2149.6800000000003,267,0,Retention Risk Customers
16717.0,14,6663.68,24,1,Revenue Drivers
16718.0,5,3006.08,369,0,Retention Risk Customers
16719.0,14,3513.62,15,1,Revenue Drivers
16720.0,3,758.74,26,3,Growth Segment
16721.0,1,292.47,262,2,Inactive
16722.0,22,8189.56,17,1,Revenue Drivers
16723.0,4,1231.36,91,0,Retention Risk Customers
16724.0,1,147.35,405,2,Inactive
16725.0,14,1688.26,302,0,Retention Risk Customers
16726.0,7,2063.88,26,1,Revenue Drivers
16727.0,4,1377.77,364,0,Retention Risk Customers
16728.0,4,1048.28,46,3,Growth Segment
16729.0,21,7205.33,38,1,Revenue Drivers
16730.0,3,743.11,52,3,Growth Segment
16731.0,1,170.3,648,2,Inactive
16732.0,4,4387.64,32,1,Revenue Drivers
16733.0,1,259.68,530,2,Inactive
16734.0,3,646.76,52,3,Growth Segment
16735.0,14,6217.41,79,1,Revenue Drivers
16736.0,5,2956.56,506,0,Retention Risk Customers
16737.0,2,835.2,53,3,Growth Segment
16738.0,1,3.75,298,2,Inactive
16739.0,2,786.43,177,0,Retention Risk Customers
16740.0,1,226.91,395,2,Inactive
16741.0,1,173.06,625,2,Inactive
16742.0,14,2799.87,47,1,Revenue Drivers
16743.0,14,4212.15,29,1,Revenue Drivers
16744.0,7,1291.91,11,3,Growth Segment
16745.0,17,7180.7,87,1,Revenue Drivers
16746.0,42,18046.75,5,1,Revenue Drivers
16747.0,2,836.0600000000001,38,3,Growth Segment
16748.0,14,3637.33,18,1,Revenue Drivers
16749.0,2,4157.88,591,0,Retention Risk Customers
16750.0,5,623.93,45,3,Growth Segment
16751.0,1,1764.72,31,3,Growth Segment
16752.0,1,207.5,373,2,Inactive
16753.0,1,223.92,58,2,Inactive
16754.0,29,65500.07,372,1,Revenue Drivers
16755.0,7,2864.68,114,1,Revenue Drivers
16756.0,7,1312.37,215,0,Retention Risk Customers
16757.0,2,270.48,319,2,Inactive
16758.0,1,369.34,65,3,Growth Segment
16759.0,3,789.79,8,3,Growth Segment
16760.0,1,228.0,430,2,Inactive
16761.0,1,316.62,97,2,Inactive
16762.0,3,1207.24,20,3,Growth Segment
16763.0,2,964.7,199,0,Retention Risk Customers
16764.0,13,2790.9500000000003,4,1,Revenue Drivers
16765.0,2,454.75,294,0,Retention Risk Customers
16766.0,2,1145.6,273,0,Retention Risk Customers
16767.0,15,8056.76,31,1,Revenue Drivers
16768.0,9,1698.57,48,1,Revenue Drivers
16769.0,4,1117.05,260,0,Retention Risk Customers
16770.0,9,1778.93,58,1,Revenue Drivers
16771.0,10,3949.6,33,1,Revenue Drivers
16772.0,3,3698.05,423,0,Retention Risk Customers
16773.0,3,421.24,57,3,Growth Segment
16774.0,8,1567.48,68,1,Revenue Drivers
16775.0,16,2820.84,10,1,Revenue Drivers
16776.0,2,592.51,60,3,Growth Segment
16777.0,5,1292.18,80,0,Retention Risk Customers
16778.0,2,245.94,74,3,Growth Segment
16779.0,53,32809.03,2,1,Revenue Drivers
16780.0,3,596.4,100,3,Growth Segment
16781.0,2,623.0,372,0,Retention Risk Customers
16782.0,38,9636.12,10,1,Revenue Drivers
16783.0,1,391.95,437,2,Inactive
16784.0,5,892.33,20,3,Growth Segment
16785.0,1,533.78,410,2,Inactive
16786.0,1,51.84,394,2,Inactive
16787.0,4,1017.53,398,0,Retention Risk Customers
16788.0,5,1928.93,123,0,Retention Risk Customers
16789.0,1,80.8,8,2,Inactive
16790.0,6,1545.62,4,1,Revenue Drivers
16791.0,15,3957.63,29,1,Revenue Drivers
16792.0,5,623.46,282,0,Retention Risk Customers
16793.0,1,243.84,57,2,Inactive
16794.0,15,2052.7,1,1,Revenue Drivers
16795.0,3,2062.41,365,0,Retention Risk Customers
16796.0,1,305.62,89,2,Inactive
16797.0,5,1802.02,393,0,Retention Risk Customers
16798.0,3,841.16,554,0,Retention Risk Customers
16799.0,2,452.78,432,2,Inactive
16800.0,1,1162.65,11,3,Growth Segment
16801.0,4,1594.23,163,0,Retention Risk Customers
16802.0,2,582.61,679,0,Retention Risk Customers
16803.0,1,332.3,65,3,Growth Segment
16804.0,3,536.99,23,3,Growth Segment
16805.0,5,1091.34,174,0,Retention Risk Customers
16806.0,4,762.16,103,0,Retention Risk Customers
16807.0,6,2123.88,143,0,Retention Risk Customers
16808.0,2,288.42,99,2,Inactive
16809.0,9,1727.43,23,1,Revenue Drivers
16810.0,2,842.04,192,0,Retention Risk Customers
16811.0,2,547.07,5,3,Growth Segment
16812.0,4,2392.0,361,0,Retention Risk Customers
16813.0,10,1652.18,8,1,Revenue Drivers
16814.0,36,11924.85,14,1,Revenue Drivers
16815.0,2,406.02,454,2,Inactive
16816.0,4,417.06,103,3,Growth Segment
16817.0,13,2560.7,3,1,Revenue Drivers
16818.0,11,3349.57,11,1,Revenue Drivers
16819.0,2,182.59,465,2,Inactive
16820.0,1,497.61,96,3,Growth Segment
16821.0,1,113.35,382,2,Inactive
16822.0,1,181.39,686,2,Inactive
16823.0,7,2243.09,227,0,Retention Risk Customers
16824.0,3,686.24,16,3,Growth Segment
16825.0,5,1826.89,39,3,Growth Segment
16826.0,1,341.7,51,3,Growth Segment
16827.0,5,392.13,393,0,Retention Risk Customers
16828.0,2,128.5,93,2,Inactive
16829.0,2,513.32,157,0,Retention Risk Customers
16830.0,4,1207.5,39,3,Growth Segment
16831.0,1,91.8,565,2,Inactive
16832.0,5,417.61,184,0,Retention Risk Customers
16833.0,6,2409.04,1,1,Revenue Drivers
16834.0,2,898.9599999999999,228,0,Retention Risk Customers
16835.0,6,1456.66,128,0,Retention Risk Customers
16836.0,4,782.37,40,3,Growth Segment
16837.0,11,3170.98,31,1,Revenue Drivers
16838.0,4,1159.61,197,0,Retention Risk Customers
16839.0,44,21758.25,9,1,Revenue Drivers
16840.0,2,139.85,603,2,Inactive
16841.0,12,4006.06,37,1,Revenue Drivers
16842.0,3,1264.19,101,0,Retention Risk Customers
16843.0,35,19571.43,43,1,Revenue Drivers
16844.0,2,614.34,563,0,Retention Risk Customers
16845.0,1,253.88,618,2,Inactive
16846.0,3,842.41,50,3,Growth Segment
16847.0,2,614.89,43,3,Growth Segment
16848.0,4,1411.62,53,3,Growth Segment
16849.0,1,124.57,187,2,Inactive
16850.0,1,332.41,334,2,Inactive
16851.0,3,342.45,4,3,Growth Segment
16852.0,2,144.91,10,3,Growth Segment
16854.0,2,1408.96,417,0,Retention Risk Customers
16855.0,2,328.4,24,3,Growth Segment
16856.0,3,358.49,15,3,Growth Segment
16857.0,1,352.8,443,2,Inactive
16858.0,10,4292.59,369,0,Retention Risk Customers
16859.0,7,1932.41,145,0,Retention Risk Customers
16860.0,3,1610.62,453,0,Retention Risk Customers
16861.0,5,946.59,60,3,Growth Segment
16862.0,4,662.33,547,0,Retention Risk Customers
16863.0,3,834.27,31,3,Growth Segment
16864.0,2,409.25,434,2,Inactive
16865.0,1,130.95,402,2,Inactive
16866.0,3,207.74,141,2,Inactive
16867.0,1,76.74000000000001,690,2,Inactive
16868.0,3,384.56,394,0,Retention Risk Customers
16869.0,4,817.12,23,3,Growth Segment
16870.0,1,450.16,469,2,Inactive
16871.0,6,2812.34,22,1,Revenue Drivers
16872.0,6,1213.13,77,3,Growth Segment
16873.0,12,14617.39,5,1,Revenue Drivers
16874.0,1,209.89,379,2,Inactive
16875.0,11,4234.53,67,1,Revenue Drivers
16876.0,1,136.01,404,2,Inactive
16877.0,6,846.62,12,3,Growth Segment
16878.0,1,13.3,84,2,Inactive
16880.0,8,1813.21,31,1,Revenue Drivers
16881.0,1,432.0,67,3,Growth Segment
16882.0,3,705.12,67,3,Growth Segment
16883.0,19,2246.06,187,0,Retention Risk Customers
16884.0,4,1070.97,38,3,Growth Segment
16885.0,4,684.6,15,3,Growth Segment
16886.0,1,134.0,456,2,Inactive
16887.0,3,658.17,35,3,Growth Segment
16888.0,3,434.2,401,0,Retention Risk Customers
16889.0,6,2526.65,195,0,Retention Risk Customers
16890.0,3,285.41,477,2,Inactive
16891.0,11,1727.94,2,1,Revenue Drivers
16892.0,7,754.75,1,3,Growth Segment
16893.0,2,249.89,367,2,Inactive
16894.0,3,1306.96,502,0,Retention Risk Customers
16895.0,5,1102.9,65,3,Growth Segment
16896.0,1,103.95,555,2,Inactive
16897.0,2,289.78,299,2,Inactive
16898.0,5,885.21,26,3,Growth Segment
16899.0,8,1695.77,8,1,Revenue Drivers
16900.0,3,887.11,17,3,Growth Segment
16901.0,1,204.26,729,2,Inactive
16902.0,1,1706.88,116,0,Retention Risk Customers
16903.0,3,1041.75,29,3,Growth Segment
16904.0,21,4675.36,4,1,Revenue Drivers
16905.0,17,4706.77,5,1,Revenue Drivers
16906.0,7,1410.92,82,0,Retention Risk Customers
16907.0,9,1470.89,29,1,Revenue Drivers
16908.0,1,252.59,722,2,Inactive
16909.0,1,379.14,72,3,Growth Segment
16910.0,8,1508.96,4,1,Revenue Drivers
16911.0,2,255.25,636,2,Inactive
16912.0,15,4460.51,29,1,Revenue Drivers
16913.0,3,423.91,290,0,Retention Risk Customers
16914.0,1,183.76,36,2,Inactive
16915.0,11,1543.18,9,1,Revenue Drivers
16916.0,4,902.02,24,3,Growth Segment
16917.0,2,1851.88,277,0,Retention Risk Customers
16918.0,16,3206.54,50,1,Revenue Drivers
16919.0,24,4909.66,156,1,Revenue Drivers
16920.0,1,355.45,411,2,Inactive
16921.0,3,409.21,61,3,Growth Segment
16922.0,1,611.08,573,2,Inactive
16923.0,32,13157.13,12,1,Revenue Drivers
16924.0,3,829.89,21,3,Growth Segment
16925.0,1,125.65,540,2,Inactive
16926.0,5,1169.61,371,0,Retention Risk Customers
16927.0,3,543.05,116,3,Growth Segment
16928.0,29,3897.53,80,1,Revenue Drivers
16929.0,7,1295.39,4,3,Growth Segment
16930.0,3,378.89,26,3,Growth Segment
16931.0,23,5032.22,5,1,Revenue Drivers
16932.0,3,412.55,53,3,Growth Segment
16933.0,9,3099.3,1,1,Revenue Drivers
16934.0,6,2083.14,55,1,Revenue Drivers
16935.0,3,530.86,382,0,Retention Risk Customers
16936.0,2,548.29,26,3,Growth Segment
16937.0,1,196.25,499,2,Inactive
16938.0,9,6995.360000000001,9,1,Revenue Drivers
16939.0,3,433.85,489,0,Retention Risk Customers
16940.0,8,6427.66,52,1,Revenue Drivers
16941.0,1,33.0,612,2,Inactive
16942.0,9,1904.99,13,1,Revenue Drivers
16943.0,5,1299.49,212,0,Retention Risk Customers
16944.0,1,101.36,610,2,Inactive
16945.0,33,8548.16,22,1,Revenue Drivers
16946.0,5,1222.04,383,0,Retention Risk Customers
16947.0,5,955.21,236,0,Retention Risk Customers
16948.0,7,868.77,139,0,Retention Risk Customers
16949.0,6,1286.27,4,3,Growth Segment
16950.0,10,3541.77,57,1,Revenue Drivers
16951.0,3,1277.75,135,0,Retention Risk Customers
16952.0,5,795.83,109,0,Retention Risk Customers
16953.0,1,20.8,30,2,Inactive
16954.0,20,6081.88,1,1,Revenue Drivers
16955.0,6,1120.31,185,0,Retention Risk Customers
16956.0,1,308.74,18,3,Growth Segment
16957.0,2,416.64,239,2,Inactive
16958.0,1,778.49,435,0,Retention Risk Customers
16959.0,1,117.35,87,2,Inactive
16960.0,8,1990.88,39,1,Revenue Drivers
16961.0,3,794.56,116,0,Retention Risk Customers
16962.0,1,251.04,410,2,Inactive
16963.0,1,110.55,187,2,Inactive
16964.0,2,207.85,733,2,Inactive
16965.0,1,201.19,227,2,Inactive
16966.0,7,2154.97,8,1,Revenue Drivers
16967.0,1,319.02,189,2,Inactive
16968.0,2,439.43,4,3,Growth Segment
16969.0,3,650.41,39,3,Growth Segment
16970.0,1,71.4,626,2,Inactive
16971.0,1,357.21,38,3,Growth Segment
16972.0,2,749.0,383,0,Retention Risk Customers
16973.0,1,127.0,386,2,Inactive
16974.0,2,365.5,523,2,Inactive
16975.0,3,926.12,423,0,Retention Risk Customers
16976.0,1,251.52,267,2,Inactive
16977.0,4,496.0,395,0,Retention Risk Customers
16978.0,3,768.88,78,3,Growth Segment
16979.0,9,2859.74,4,1,Revenue Drivers
16980.0,3,1422.83,255,0,Retention Risk Customers
16982.0,1,384.06,61,3,Growth Segment
16983.0,11,3490.53,13,1,Revenue Drivers
16984.0,9,10350.53,88,1,Revenue Drivers
16985.0,23,10923.16,17,1,Revenue Drivers
16986.0,11,4888.75,30,1,Revenue Drivers
16987.0,11,2521.4,3,1,Revenue Drivers
16988.0,2,382.67,5,3,Growth Segment
16989.0,6,1133.25,7,3,Growth Segment
16990.0,2,344.0,219,2,Inactive
16991.0,1,1041.21,421,0,Retention Risk Customers
16992.0,13,5476.5,11,1,Revenue Drivers
16993.0,2,1950.95,464,0,Retention Risk Customers
16996.0,9,2123.61,30,1,Revenue Drivers
16997.0,3,702.0,288,0,Retention Risk Customers
16998.0,5,402.0,150,0,Retention Risk Customers
16999.0,2,484.82,23,3,Growth Segment
17000.0,2,406.3,396,2,Inactive
17001.0,19,6640.8,1,1,Revenue Drivers
17002.0,7,2571.55,86,1,Revenue Drivers
17003.0,4,828.21,402,0,Retention Risk Customers
17004.0,4,2324.36,46,1,Revenue Drivers
17005.0,2,622.36,471,0,Retention Risk Customers
17006.0,8,1635.27,5,1,Revenue Drivers
17007.0,7,1120.1,51,3,Growth Segment
17008.0,1,81.36,429,2,Inactive
17009.0,1,242.06,551,2,Inactive
17010.0,1,195.36,18,3,Growth Segment
17011.0,3,671.7,30,3,Growth Segment
17012.0,1,360.61,725,2,Inactive
17014.0,3,583.4300000000001,8,3,Growth Segment
17015.0,3,1838.61,29,3,Growth Segment
17016.0,1,552.4,577,2,Inactive
17017.0,29,12576.99,3,1,Revenue Drivers
17018.0,6,2287.7,41,1,Revenue Drivers
17019.0,11,3602.29,11,1,Revenue Drivers
17020.0,2,935.62,542,0,Retention Risk Customers
17021.0,6,1182.22,442,0,Retention Risk Customers
17022.0,2,260.0,31,3,Growth Segment
17023.0,3,800.1800000000001,417,0,Retention Risk Customers
17024.0,3,95.85,45,2,Inactive
17025.0,5,1349.67,61,3,Growth Segment
17026.0,3,175.83,185,2,Inactive
17027.0,9,1310.63,79,0,Retention Risk Customers
17028.0,3,1593.83,581,0,Retention Risk Customers
17029.0,7,2137.3,111,0,Retention Risk Customers
17030.0,1,146.87,64,2,Inactive
17031.0,6,2773.85,12,1,Revenue Drivers
17032.0,8,2984.32,548,0,Retention Risk Customers
17033.0,4,1332.79,86,0,Retention Risk Customers
17034.0,5,1276.42,16,3,Growth Segment
17035.0,4,613.59,246,0,Retention Risk Customers
17036.0,1,176.89999999999998,383,2,Inactive
17037.0,1,1267.32,88,3,Growth Segment
17038.0,2,743.17,30,3,Growth Segment
17039.0,1,1954.99,604,0,Retention Risk Customers
17040.0,2,463.25,138,3,Growth Segment
17041.0,6,1655.2,27,1,Revenue Drivers
17042.0,5,1036.58,3,3,Growth Segment
17043.0,8,2593.65,32,1,Revenue Drivers
17044.0,12,11962.3,25,1,Revenue Drivers
17045.0,5,827.6800000000001,113,0,Retention Risk Customers
17046.0,5,1906.07,157,0,Retention Risk Customers
17047.0,6,2289.23,85,1,Revenue Drivers
17048.0,7,2071.68,118,0,Retention Risk Customers
17049.0,19,9942.53,3,1,Revenue Drivers
17050.0,11,4648.59,96,1,Revenue Drivers
17051.0,4,706.49,194,0,Retention Risk Customers
17052.0,1,399.09,28,3,Growth Segment
17053.0,1,498.48,131,2,Inactive
17054.0,5,1356.33,28,3,Growth Segment
17055.0,1,232.85,446,2,Inactive
17056.0,1,128.60000000000002,738,2,Inactive
17057.0,1,294.74,596,2,Inactive
17058.0,3,1179.89,82,3,Growth Segment
17059.0,9,4864.57,30,1,Revenue Drivers
17060.0,1,234.24,266,2,Inactive
17061.0,11,5232.2300000000005,74,1,Revenue Drivers
17062.0,6,889.75,314,0,Retention Risk Customers
17063.0,13,3638.53,21,1,Revenue Drivers
17064.0,3,855.45,59,3,Growth Segment
17065.0,2,194.7,638,2,Inactive
17066.0,1,228.34,726,2,Inactive
17067.0,3,454.54,725,0,Retention Risk Customers
17068.0,47,8987.68,12,1,Revenue Drivers
17069.0,14,5517.2300000000005,28,1,Revenue Drivers
17070.0,2,437.42,114,3,Growth Segment
17071.0,13,3793.71,28,1,Revenue Drivers
17072.0,1,273.35,625,2,Inactive
17073.0,4,1446.09,18,3,Growth Segment
17074.0,1,203.05,563,2,Inactive
17075.0,10,2236.63,18,1,Revenue Drivers
17076.0,6,1242.75,36,3,Growth Segment
17077.0,1,306.0,578,2,Inactive
17078.0,2,378.2,36,3,Growth Segment
17079.0,1,118.8,78,2,Inactive
17080.0,7,957.53,22,3,Growth Segment
17081.0,6,949.39,25,3,Growth Segment
17082.0,6,4732.03,33,1,Revenue Drivers
17083.0,9,4049.79,109,1,Revenue Drivers
17084.0,3,5001.21,35,1,Revenue Drivers
17085.0,28,7847.67,123,1,Revenue Drivers
17086.0,6,2050.08,7,1,Revenue Drivers
17087.0,1,221.53,738,2,Inactive
17088.0,4,1991.01,28,3,Growth Segment
17089.0,1,128.45,386,2,Inactive
17090.0,13,3080.1800000000003,4,1,Revenue Drivers
17091.0,19,7495.75,3,1,Revenue Drivers
17092.0,11,5511.41,50,1,Revenue Drivers
17093.0,1,235.88,593,2,Inactive
17094.0,2,402.2000000000001,322,2,Inactive
17095.0,7,2572.25,23,1,Revenue Drivers
17096.0,11,3697.93,15,1,Revenue Drivers
17097.0,9,1143.36,2,3,Growth Segment
17098.0,3,591.07,382,0,Retention Risk Customers
17099.0,1,582.17,533,2,Inactive
17100.0,2,971.74,18,3,Growth Segment
17101.0,7,2507.05,10,1,Revenue Drivers
17102.0,1,25.5,262,2,Inactive
17103.0,1,424.3,722,2,Inactive
17104.0,1,474.03,424,2,Inactive
17105.0,2,665.78,159,0,Retention Risk Customers
17106.0,1,481.58,389,2,Inactive
17107.0,10,16052.72,33,1,Revenue Drivers
17108.0,1,174.95,664,2,Inactive
17109.0,8,1291.71,29,3,Growth Segment
17110.0,3,499.9,165,0,Retention Risk Customers
17111.0,2,459.58,47,3,Growth Segment
17112.0,1,197.57,503,2,Inactive
17113.0,6,2305.59,574,0,Retention Risk Customers
17114.0,8,801.12,6,3,Growth Segment
17115.0,7,2761.49,8,1,Revenue Drivers
17116.0,1,389.78,648,2,Inactive
17117.0,1,116.2,288,2,Inactive
17118.0,1,157.02,318,2,Inactive
17119.0,2,606.91,3,3,Growth Segment
17120.0,1,307.46,233,2,Inactive
17121.0,1,314.74,403,2,Inactive
17122.0,4,570.5,119,0,Retention Risk Customers
17123.0,3,977.17,162,0,Retention Risk Customers
17124.0,1,294.24,185,2,Inactive
17125.0,1,230.5,50,2,Inactive
17126.0,9,2016.43,152,0,Retention Risk Customers
17127.0,5,1155.0300000000002,429,0,Retention Risk Customers
17128.0,1,157.09,335,2,Inactive
17129.0,1,31.85,520,2,Inactive
17131.0,5,2463.17,5,1,Revenue Drivers
17132.0,2,1220.91,452,0,Retention Risk Customers
17133.0,12,14622.33,16,1,Revenue Drivers
17134.0,3,625.3,107,3,Growth Segment
17135.0,10,1722.18,16,1,Revenue Drivers
17136.0,1,231.68,662,2,Inactive
17137.0,6,1099.81,416,0,Retention Risk Customers
17138.0,7,4417.27,276,0,Retention Risk Customers
17139.0,25,19566.76,16,1,Revenue Drivers
17140.0,1,454.12,247,2,Inactive
17141.0,4,727.58,418,0,Retention Risk Customers
17142.0,4,1275.25,239,0,Retention Risk Customers
17143.0,2,880.97,417,0,Retention Risk Customers
17144.0,2,984.57,1,3,Growth Segment
17145.0,4,3120.91,513,0,Retention Risk Customers
17146.0,13,5852.64,106,1,Revenue Drivers
17147.0,9,3199.95,23,1,Revenue Drivers
17148.0,1,124.88,52,2,Inactive
17149.0,1,143.10000000000002,451,2,Inactive
17150.0,6,1357.95,377,0,Retention Risk Customers
17151.0,1,231.90000000000003,735,2,Inactive
17152.0,4,2016.5,195,0,Retention Risk Customers
17153.0,1,213.78,24,3,Growth Segment
17154.0,1,329.34,75,2,Inactive
17155.0,7,892.46,18,3,Growth Segment
17156.0,1,591.87,492,2,Inactive
17157.0,19,5151.900000000001,8,1,Revenue Drivers
17158.0,5,1980.0,32,1,Revenue Drivers
17159.0,5,2099.59,22,1,Revenue Drivers
17160.0,17,10209.16,31,1,Revenue Drivers
17161.0,1,856.01,444,0,Retention Risk Customers
17162.0,10,1715.46,29,1,Revenue Drivers
17163.0,4,699.78,22,3,Growth Segment
17164.0,7,2467.35,33,1,Revenue Drivers
17165.0,6,1794.32,284,0,Retention Risk Customers
17166.0,2,206.34,39,3,Growth Segment
17167.0,3,867.11,380,0,Retention Risk Customers
17168.0,1,400.2,499,2,Inactive
17169.0,3,1156.73,58,3,Growth Segment
17170.0,2,178.68,374,2,Inactive
17171.0,2,384.59,289,2,Inactive
17172.0,3,956.57,79,3,Growth Segment
17173.0,8,3766.6,5,1,Revenue Drivers
17174.0,1,59.9,218,2,Inactive
17175.0,4,1443.69,44,3,Growth Segment
17176.0,3,902.32,202,0,Retention Risk Customers
17177.0,1,119.5,505,2,Inactive
17178.0,1,432.96,731,2,Inactive
17179.0,6,1507.26,178,0,Retention Risk Customers
17180.0,11,2236.77,56,1,Revenue Drivers
17181.0,3,309.85,57,3,Growth Segment
17182.0,2,321.3,423,2,Inactive
17183.0,6,3347.31,8,1,Revenue Drivers
17184.0,2,198.41000000000005,569,2,Inactive
17185.0,3,229.46,592,2,Inactive
17186.0,2,144.0,47,2,Inactive
17187.0,2,467.71,227,0,Retention Risk Customers
17188.0,13,4592.93,11,1,Revenue Drivers
17189.0,5,953.63,106,0,Retention Risk Customers
17190.0,7,1726.57,59,1,Revenue Drivers
17191.0,15,4310.34,28,1,Revenue Drivers
17192.0,1,75.28,536,2,Inactive
17193.0,9,2310.04,36,1,Revenue Drivers
17194.0,3,812.5,274,0,Retention Risk Customers
17195.0,1,562.98,655,2,Inactive
17196.0,1,327.75,428,2,Inactive
17197.0,1,1013.01,30,3,Growth Segment
17198.0,3,692.22,24,3,Growth Segment
17199.0,1,135.04000000000002,582,2,Inactive
17200.0,4,356.71,387,0,Retention Risk Customers
17201.0,4,1143.1,54,3,Growth Segment
17202.0,1,160.65,421,2,Inactive
17203.0,10,5564.09,36,1,Revenue Drivers
17204.0,9,5504.6900000000005,175,1,Revenue Drivers
17205.0,3,999.35,54,3,Growth Segment
17206.0,1,204.24,53,2,Inactive
17207.0,1,292.62,652,2,Inactive
17208.0,1,111.15,396,2,Inactive
17209.0,3,595.7,649,0,Retention Risk Customers
17210.0,1,251.72,393,2,Inactive
17211.0,13,3773.35,27,1,Revenue Drivers
17212.0,3,794.41,253,0,Retention Risk Customers
17213.0,13,4869.400000000001,40,1,Revenue Drivers
17214.0,6,1059.12,60,3,Growth Segment
17215.0,1,186.15,464,2,Inactive
17216.0,1,63.6,554,2,Inactive
17217.0,2,210.1,234,2,Inactive
17218.0,18,3891.39,4,1,Revenue Drivers
17219.0,2,259.13,32,3,Growth Segment
17220.0,21,4457.31,24,1,Revenue Drivers
17221.0,5,976.62,7,3,Growth Segment
17222.0,6,1579.51,65,3,Growth Segment
17223.0,3,558.04,310,0,Retention Risk Customers
17224.0,1,100.86,501,2,Inactive
17225.0,1,131.15,582,2,Inactive
17226.0,3,895.47,309,0,Retention Risk Customers
17227.0,12,1878.93,19,1,Revenue Drivers
17228.0,13,2820.03,16,1,Revenue Drivers
17229.0,2,318.76,96,3,Growth Segment
17230.0,18,9388.49,264,1,Revenue Drivers
17231.0,25,7064.8,12,1,Revenue Drivers
17232.0,2,417.77,3,3,Growth Segment
17233.0,3,560.86,35,3,Growth Segment
17234.0,1,149.89,183,2,Inactive
17235.0,8,1562.98,25,1,Revenue Drivers
17236.0,12,1929.26,13,1,Revenue Drivers
17237.0,4,994.13,11,3,Growth Segment
17238.0,32,7331.67,3,1,Revenue Drivers
17239.0,4,1189.45,313,0,Retention Risk Customers
17240.0,1,130.6,596,2,Inactive
17241.0,12,2736.64,385,0,Retention Risk Customers
17242.0,5,2889.2799999999997,108,1,Revenue Drivers
17243.0,69,20203.58,1,1,Revenue Drivers
17244.0,5,1826.04,53,3,Growth Segment
17245.0,2,371.63,205,2,Inactive
17246.0,2,38.92,547,2,Inactive
17247.0,1,280.09000000000003,15,3,Growth Segment
17248.0,2,500.54,120,3,Growth Segment
17249.0,1,68.03,429,2,Inactive
17250.0,2,381.97,4,3,Growth Segment
17251.0,3,798.98,363,0,Retention Risk Customers
17252.0,2,348.90999999999997,117,3,Growth Segment
17253.0,1,178.26,18,3,Growth Segment
17254.0,3,469.48,5,3,Growth Segment
17255.0,4,781.7,41,3,Growth Segment
17256.0,5,498.93,107,3,Growth Segment
17257.0,2,189.78,436,2,Inactive
17258.0,2,417.3,397,2,Inactive
17259.0,6,1452.39,148,0,Retention Risk Customers
17260.0,1,120.95,411,2,Inactive
17261.0,1,221.59,510,2,Inactive
17262.0,11,2488.76,52,1,Revenue Drivers
17263.0,1,63.440000000000005,208,2,Inactive
17264.0,1,268.28,424,2,Inactive
17265.0,2,550.01,139,0,Retention Risk Customers
17266.0,5,501.72,2,3,Growth Segment
17267.0,2,317.2,127,2,Inactive
17268.0,11,1733.89,108,0,Retention Risk Customers
17269.0,1,491.81,386,2,Inactive
17270.0,2,601.45,469,0,Retention Risk Customers
17271.0,1,204.3,736,2,Inactive
17272.0,4,2148.63,42,1,Revenue Drivers
17273.0,1,141.12,424,2,Inactive
17274.0,2,573.22,35,3,Growth Segment
17275.0,1,114.1,383,2,Inactive
17276.0,1,502.49,402,2,Inactive
17277.0,2,1065.35,228,0,Retention Risk Customers
17278.0,2,271.24,241,2,Inactive
17279.0,1,187.83,58,2,Inactive
17280.0,1,118.86,438,2,Inactive
17281.0,6,797.8499999999999,374,0,Retention Risk Customers
17282.0,5,2308.54,130,0,Retention Risk Customers
17283.0,1,188.46,379,2,Inactive
17284.0,8,2788.06,60,1,Revenue Drivers
17285.0,2,407.94,628,2,Inactive
17286.0,3,389.18,22,3,Growth Segment
17287.0,21,3826.86,26,1,Revenue Drivers
17288.0,11,2468.43,9,1,Revenue Drivers
17289.0,9,2041.8,32,1,Revenue Drivers
17290.0,8,1487.96,4,1,Revenue Drivers
17291.0,1,550.8000000000001,308,2,Inactive
17292.0,2,271.75,472,2,Inactive
17293.0,17,3750.63,8,1,Revenue Drivers
17294.0,2,467.79,669,2,Inactive
17295.0,3,547.0,29,3,Growth Segment
17296.0,1,338.13,730,2,Inactive
17297.0,1,128.18,17,2,Inactive
17298.0,5,954.26,101,0,Retention Risk Customers
17299.0,6,993.23,12,3,Growth Segment
17300.0,2,393.64,391,2,Inactive
17301.0,2,294.39,21,3,Growth Segment
17302.0,5,1135.63,15,3,Growth Segment
17303.0,1,250.04,361,2,Inactive
17304.0,1,111.5,534,2,Inactive
17305.0,1,2135.46,649,0,Retention Risk Customers
17306.0,21,9782.35,11,1,Revenue Drivers
17307.0,11,3999.89,395,0,Retention Risk Customers
17308.0,2,4511.76,393,0,Retention Risk Customers
17309.0,3,320.39,95,3,Growth Segment
17310.0,2,1025.1,387,0,Retention Risk Customers
17311.0,6,3566.56,78,1,Revenue Drivers
17312.0,3,644.3,139,0,Retention Risk Customers
17313.0,1,2328.84,31,3,Growth Segment
17314.0,17,4904.43,25,1,Revenue Drivers
17315.0,43,9599.58,2,1,Revenue Drivers
17316.0,1,124.45,420,2,Inactive
17317.0,3,2600.34,46,1,Revenue Drivers
17318.0,1,157.32999999999998,725,2,Inactive
17319.0,1,29.1,669,2,Inactive
17320.0,6,2444.85,100,1,Revenue Drivers
17321.0,6,1665.21,8,1,Revenue Drivers
17322.0,5,922.59,376,0,Retention Risk Customers
17323.0,12,1551.04,15,1,Revenue Drivers
17324.0,12,2171.07,18,1,Revenue Drivers
17325.0,3,609.5699999999999,280,0,Retention Risk Customers
17326.0,2,312.35,408,2,Inactive
17327.0,2,152.35,410,2,Inactive
17328.0,1,104.7,673,2,Inactive
17329.0,5,998.53,14,3,Growth Segment
17330.0,4,423.8,23,3,Growth Segment
17331.0,1,175.2,124,2,Inactive
17332.0,5,838.27,528,0,Retention Risk Customers
17333.0,1,494.25,86,3,Growth Segment
17334.0,3,635.15,302,0,Retention Risk Customers
17335.0,2,497.04,384,0,Retention Risk Customers
17336.0,1,81.12,472,2,Inactive
17337.0,4,1981.06,151,0,Retention Risk Customers
17338.0,17,11889.33,17,1,Revenue Drivers
17339.0,3,302.36,94,3,Growth Segment
17340.0,18,19617.95,30,1,Revenue Drivers
17341.0,5,1272.21,157,0,Retention Risk Customers
17342.0,4,1227.54,380,0,Retention Risk Customers
17343.0,6,1259.94,355,0,Retention Risk Customers
17344.0,2,457.36,46,3,Growth Segment
17345.0,10,1586.63,15,1,Revenue Drivers
17346.0,26,4998.61,4,1,Revenue Drivers
17347.0,1,228.96,86,2,Inactive
17348.0,9,2442.29,15,1,Revenue Drivers
17349.0,5,772.41,179,0,Retention Risk Customers
17350.0,7,1893.701,8,1,Revenue Drivers
17351.0,12,1988.23,36,1,Revenue Drivers
17352.0,1,36.25,696,2,Inactive
17353.0,4,3242.0,129,0,Retention Risk Customers
17354.0,4,3133.96,51,1,Revenue Drivers
17355.0,1,273.31,386,2,Inactive
17356.0,5,946.47,312,0,Retention Risk Customers
17357.0,2,384.39,24,3,Growth Segment
17358.0,5,861.01,303,0,Retention Risk Customers
17359.0,2,284.46,11,3,Growth Segment
17360.0,6,1200.51,17,3,Growth Segment
17361.0,5,871.7900000000001,49,3,Growth Segment
17362.0,7,1024.04,239,0,Retention Risk Customers
17363.0,3,920.46,395,0,Retention Risk Customers
17364.0,28,11972.92,1,1,Revenue Drivers
17365.0,15,8184.49,13,1,Revenue Drivers
17366.0,2,1077.24,432,0,Retention Risk Customers
17367.0,1,167.55,238,2,Inactive
17368.0,14,2758.29,23,1,Revenue Drivers
17369.0,1,979.2,456,0,Retention Risk Customers
17370.0,4,446.18,73,3,Growth Segment
17371.0,6,655.37,17,3,Growth Segment
17372.0,28,4347.31,41,1,Revenue Drivers
17373.0,7,1167.5,40,3,Growth Segment
17374.0,3,727.11,219,0,Retention Risk Customers
17375.0,4,660.55,199,0,Retention Risk Customers
17376.0,4,453.64,71,3,Growth Segment
17377.0,78,17644.27,24,1,Revenue Drivers
17378.0,1,10.95,374,2,Inactive
17379.0,1,389.72,11,3,Growth Segment
17380.0,3,645.0,434,0,Retention Risk Customers
17381.0,38,36398.65,9,1,Revenue Drivers
17382.0,8,902.28,65,3,Growth Segment
17383.0,2,304.09000000000003,4,3,Growth Segment
17384.0,3,507.55,19,3,Growth Segment
17385.0,1,256.11,15,3,Growth Segment
17386.0,7,2812.77,8,1,Revenue Drivers
17387.0,2,746.81,20,3,Growth Segment
17388.0,11,2675.37,78,1,Revenue Drivers
17389.0,61,57215.33,1,1,Revenue Drivers
17390.0,1,149.3,421,2,Inactive
17391.0,2,508.8,164,0,Retention Risk Customers
17392.0,3,585.92,307,0,Retention Risk Customers
17393.0,2,381.15,411,2,Inactive
17394.0,1,203.87,219,2,Inactive
17395.0,1,97.5,508,2,Inactive
17396.0,14,8409.6,39,1,Revenue Drivers
17397.0,3,1198.28,22,3,Growth Segment
17398.0,3,653.38,115,0,Retention Risk Customers
17400.0,8,4623.28,126,1,Revenue Drivers
17401.0,1,114.85,541,2,Inactive
17402.0,23,4635.5599999999995,5,1,Revenue Drivers
17403.0,2,382.87,36,3,Growth Segment
17404.0,23,47781.12,4,1,Revenue Drivers
17405.0,3,1031.41,1,3,Growth Segment
17406.0,13,4186.95,333,0,Retention Risk Customers
17407.0,1,552.9,412,2,Inactive
17408.0,3,316.09000000000003,163,2,Inactive
17409.0,10,7793.51,185,1,Revenue Drivers
17410.0,5,1214.72,16,3,Growth Segment
17411.0,5,1425.38,12,3,Growth Segment
17412.0,16,4220.22,3,1,Revenue Drivers
17413.0,2,560.14,405,0,Retention Risk Customers
17414.0,6,2249.52,44,1,Revenue Drivers
17415.0,1,507.84,80,3,Growth Segment
17416.0,22,17298.45,30,1,Revenue Drivers
17417.0,1,164.18,549,2,Inactive
17418.0,3,670.0600000000001,42,3,Growth Segment
17419.0,18,6126.25,11,1,Revenue Drivers
17420.0,6,953.58,50,3,Growth Segment
17421.0,3,1059.41,386,0,Retention Risk Customers
17422.0,11,3594.76,16,1,Revenue Drivers
17423.0,3,1118.95,46,3,Growth Segment
17425.0,2,759.17,19,3,Growth Segment
17426.0,13,8077.77,8,1,Revenue Drivers
17427.0,1,100.8,72,2,Inactive
17428.0,45,31466.76,1,1,Revenue Drivers
17429.0,5,1357.46,128,0,Retention Risk Customers
17430.0,4,622.57,33,3,Growth Segment
17431.0,1,403.3,313,2,Inactive
17432.0,9,1728.99,18,1,Revenue Drivers
17433.0,2,569.96,88,3,Growth Segment
17434.0,7,2373.82,2,1,Revenue Drivers
17435.0,1,331.35,411,2,Inactive
17436.0,5,534.0600000000001,2,3,Growth Segment
17437.0,1,369.68,530,2,Inactive
17438.0,5,1422.77,254,0,Retention Risk Customers
17439.0,1,325.74,656,2,Inactive
17440.0,4,323.58,157,0,Retention Risk Customers
17441.0,1,293.35,732,2,Inactive
17442.0,15,4620.3,37,1,Revenue Drivers
17443.0,1,534.24,220,2,Inactive
17444.0,3,2940.04,148,0,Retention Risk Customers
17446.0,2,120.9,177,2,Inactive
17447.0,2,541.53,40,3,Growth Segment
17448.0,46,14523.67,497,1,Revenue Drivers
17449.0,13,4868.15,2,1,Revenue Drivers
17450.0,51,244784.25,8,1,Revenue Drivers
17451.0,7,1721.4,1,1,Revenue Drivers
17453.0,2,486.72,18,3,Growth Segment
17454.0,10,1547.94,192,0,Retention Risk Customers
17455.0,1,131.7,204,2,Inactive
17456.0,2,975.56,365,0,Retention Risk Customers
17457.0,14,5984.81,127,1,Revenue Drivers
17458.0,2,529.58,15,3,Growth Segment
17459.0,2,657.3,43,3,Growth Segment
17460.0,16,2157.9700000000003,94,1,Revenue Drivers
17461.0,3,735.82,23,3,Growth Segment
17462.0,2,675.69,60,3,Growth Segment
17463.0,7,2535.26,16,1,Revenue Drivers
17464.0,3,907.14,158,0,Retention Risk Customers
17465.0,7,2542.79,426,0,Retention Risk Customers
17466.0,2,763.28,10,3,Growth Segment
17467.0,1,102.6,395,2,Inactive
17468.0,3,194.8,10,3,Growth Segment
17469.0,17,5051.25,16,1,Revenue Drivers
17470.0,11,2626.47,45,1,Revenue Drivers
17471.0,1,321.65000000000003,475,2,Inactive
17472.0,4,922.35,191,0,Retention Risk Customers
17473.0,2,607.0,409,0,Retention Risk Customers
17474.0,1,1047.0,600,0,Retention Risk Customers
17475.0,1,194.37,79,2,Inactive
17476.0,2,489.86,396,0,Retention Risk Customers
17477.0,2,1144.3,613,0,Retention Risk Customers
17478.0,2,1272.8000000000002,408,0,Retention Risk Customers
17479.0,1,389.26,633,2,Inactive
17480.0,2,882.23,78,3,Growth Segment
17481.0,4,1255.59,4,3,Growth Segment
17482.0,2,775.64,487,0,Retention Risk Customers
17483.0,4,591.73,65,3,Growth Segment
17484.0,2,209.57,576,2,Inactive
17486.0,1,396.87,261,2,Inactive
17487.0,1,160.55,728,2,Inactive
17488.0,1,336.5,641,2,Inactive
17489.0,2,376.64,59,3,Growth Segment
17490.0,9,2750.5,1,1,Revenue Drivers
17491.0,17,5653.67,1,1,Revenue Drivers
17492.0,3,1122.42,248,0,Retention Risk Customers
17493.0,1,100.91,385,2,Inactive
17494.0,1,54.7,502,2,Inactive
17495.0,3,806.72,8,3,Growth Segment
17496.0,4,1412.89,359,0,Retention Risk Customers
17497.0,2,287.25,390,2,Inactive
17498.0,1,272.21999999999997,76,2,Inactive
17499.0,2,1341.39,290,0,Retention Risk Customers
17500.0,3,1138.0,17,3,Growth Segment
17501.0,2,288.6,221,2,Inactive
17502.0,4,689.1,9,3,Growth Segment
17503.0,2,558.96,3,3,Growth Segment
17504.0,18,9490.17,206,1,Revenue Drivers
17505.0,5,2435.48,162,0,Retention Risk Customers
17506.0,1,302.2,76,2,Inactive
17507.0,2,605.58,262,0,Retention Risk Customers
17508.0,8,4579.23,281,0,Retention Risk Customers
17509.0,8,6083.64,58,1,Revenue Drivers
17510.0,2,514.56,25,3,Growth Segment
17511.0,60,172132.87,3,1,Revenue Drivers
17512.0,18,5467.820000000001,29,1,Revenue Drivers
17513.0,3,1158.8,72,3,Growth Segment
17514.0,2,522.0,128,3,Growth Segment
17515.0,9,1602.51,31,1,Revenue Drivers
17516.0,6,947.5,15,3,Growth Segment
17517.0,1,153.94,309,2,Inactive
17518.0,2,329.42,426,2,Inactive
17519.0,15,4774.17,17,1,Revenue Drivers
17520.0,1,546.81,54,3,Growth Segment
17521.0,5,1278.06,30,3,Growth Segment
17522.0,5,1070.71,2,3,Growth Segment
17523.0,4,652.74,11,3,Growth Segment
17524.0,3,539.14,361,0,Retention Risk Customers
17525.0,3,1161.9,360,0,Retention Risk Customers
17526.0,12,3939.24,5,1,Revenue Drivers
17527.0,4,939.37,54,3,Growth Segment
17528.0,8,3628.5,1,1,Revenue Drivers
17529.0,2,1240.25,610,0,Retention Risk Customers
17530.0,12,2791.69,1,1,Revenue Drivers
17531.0,3,1266.82,190,0,Retention Risk Customers
17532.0,1,65.34,386,2,Inactive
17533.0,1,34.8,435,2,Inactive
17534.0,5,1668.83,54,3,Growth Segment
17535.0,1,164.4,280,2,Inactive
17536.0,3,364.83,177,0,Retention Risk Customers
17537.0,2,887.67,30,3,Growth Segment
17538.0,1,98.42,26,2,Inactive
17539.0,4,1176.84,618,0,Retention Risk Customers
17540.0,6,1590.6,25,3,Growth Segment
17541.0,1,119.86,510,2,Inactive
17542.0,3,340.85,270,2,Inactive
17543.0,1,120.05,550,2,Inactive
17544.0,3,944.82,390,0,Retention Risk Customers
17545.0,6,1409.86,43,3,Growth Segment
17547.0,2,727.85,376,0,Retention Risk Customers
17548.0,4,731.26,234,0,Retention Risk Customers
17549.0,2,148.86,24,3,Growth Segment
17550.0,9,2506.64,197,0,Retention Risk Customers
17551.0,1,290.34,359,2,Inactive
17552.0,12,2786.77,60,1,Revenue Drivers
17553.0,4,3757.6,130,0,Retention Risk Customers
17554.0,5,1952.45,1,1,Revenue Drivers
17555.0,5,1045.74,20,3,Growth Segment
17556.0,2,300.67,206,2,Inactive
17557.0,4,575.46,14,3,Growth Segment
17558.0,1,259.17,393,2,Inactive
17559.0,1,167.62,513,2,Inactive
17560.0,8,1895.8,95,1,Revenue Drivers
17561.0,4,703.02,19,3,Growth Segment
17562.0,7,1122.38,14,3,Growth Segment
17563.0,2,392.38,578,2,Inactive
17564.0,3,454.01,24,3,Growth Segment
17565.0,1,131.83,587,2,Inactive
17566.0,2,869.77,8,3,Growth Segment
17567.0,9,4838.08,7,1,Revenue Drivers
17568.0,1,374.45,633,2,Inactive
17569.0,1,344.14,332,2,Inactive
17570.0,1,100.0,382,2,Inactive
17571.0,5,1630.91,50,3,Growth Segment
17572.0,10,652.21,71,3,Growth Segment
17573.0,3,380.6,29,3,Growth Segment
17574.0,1,185.65,243,2,Inactive
17575.0,1,171.7,667,2,Inactive
17576.0,41,8711.95,8,1,Revenue Drivers
17577.0,2,348.75,645,2,Inactive
17578.0,7,1047.33,218,0,Retention Risk Customers
17579.0,4,753.28,5,3,Growth Segment
17580.0,5,541.02,253,0,Retention Risk Customers
17581.0,43,17951.17,1,1,Revenue Drivers
17582.0,5,1446.95,236,0,Retention Risk Customers
17583.0,1,135.95,560,2,Inactive
17584.0,6,5309.42,7,1,Revenue Drivers
17585.0,7,2064.71,109,0,Retention Risk Customers
17586.0,1,167.4,619,2,Inactive
17587.0,1,176.71,628,2,Inactive
17588.0,7,2939.55,100,1,Revenue Drivers
17589.0,18,13837.94,60,1,Revenue Drivers
17590.0,3,1468.02,2,3,Growth Segment
17591.0,8,2339.32,73,1,Revenue Drivers
17592.0,1,148.3,739,2,Inactive
17593.0,11,8092.32,4,1,Revenue Drivers
17594.0,4,2497.88,85,0,Retention Risk Customers
17595.0,2,386.69,12,3,Growth Segment
17596.0,13,4491.46,23,1,Revenue Drivers
17597.0,5,3484.09,214,0,Retention Risk Customers
17598.0,1,409.98,381,2,Inactive
17599.0,1,52.05,478,2,Inactive
17600.0,1,161.67000000000002,18,3,Growth Segment
17601.0,2,413.08,239,2,Inactive
17602.0,14,7354.43,2,1,Revenue Drivers
17603.0,4,1788.38,78,0,Retention Risk Customers
17604.0,6,942.38,217,0,Retention Risk Customers
17605.0,1,160.75,590,2,Inactive
17606.0,1,87.30000000000001,737,2,Inactive
17607.0,1,333.81,376,2,Inactive
17608.0,4,488.06,33,3,Growth Segment
17609.0,11,1887.9,41,1,Revenue Drivers
17610.0,5,1511.94,540,0,Retention Risk Customers
17611.0,28,8337.53,7,1,Revenue Drivers
17612.0,18,5394.86,53,1,Revenue Drivers
17613.0,14,4544.55,23,1,Revenue Drivers
17614.0,1,386.32,57,3,Growth Segment
17615.0,6,721.8,130,0,Retention Risk Customers
17616.0,4,734.4,174,0,Retention Risk Customers
17617.0,1,385.19,559,2,Inactive
17618.0,11,4001.64,6,1,Revenue Drivers
17619.0,1,214.37,312,2,Inactive
17620.0,1,81.44,60,2,Inactive
17621.0,6,3175.12,21,1,Revenue Drivers
17622.0,2,1130.21,598,0,Retention Risk Customers
17623.0,7,2365.77,33,1,Revenue Drivers
17624.0,4,1568.63,15,3,Growth Segment
17625.0,8,5978.9,18,1,Revenue Drivers
17626.0,1,254.0,603,2,Inactive
17627.0,1,296.36,479,2,Inactive
17628.0,1,75.75,81,2,Inactive
17629.0,10,2455.52,6,1,Revenue Drivers
17630.0,2,503.6,170,0,Retention Risk Customers
17631.0,7,998.49,2,3,Growth Segment
17633.0,7,2057.39,31,1,Revenue Drivers
17634.0,9,2358.59,36,1,Revenue Drivers
17635.0,3,1265.58,424,0,Retention Risk Customers
17636.0,1,285.56,19,3,Growth Segment
17637.0,2,547.0600000000001,31,3,Growth Segment
17638.0,2,842.4,647,0,Retention Risk Customers
17639.0,6,615.17,276,0,Retention Risk Customers
17640.0,6,3168.94,87,1,Revenue Drivers
17642.0,5,1824.49,120,0,Retention Risk Customers
17643.0,2,439.7,373,2,Inactive
17644.0,20,6028.6,1,1,Revenue Drivers
17646.0,12,3898.79,219,1,Revenue Drivers
17647.0,3,331.65999999999997,65,3,Growth Segment
17648.0,5,2216.37,61,1,Revenue Drivers
17649.0,3,1578.89,138,0,Retention Risk Customers
17650.0,1,166.07999999999998,21,3,Growth Segment
17651.0,16,5703.5199999999995,12,1,Revenue Drivers
17652.0,12,4867.72,25,1,Revenue Drivers
17653.0,4,1207.56,37,3,Growth Segment
17654.0,1,117.55,277,2,Inactive
17655.0,9,2976.38,11,1,Revenue Drivers
17656.0,5,1674.69,73,0,Retention Risk Customers
17657.0,1,126.0,430,2,Inactive
17658.0,2,595.42,26,3,Growth Segment
17659.0,14,3586.99,17,1,Revenue Drivers
17660.0,2,342.22,141,2,Inactive
17662.0,2,412.92,662,2,Inactive
17663.0,17,5175.83,26,1,Revenue Drivers
17664.0,4,1166.23,19,3,Growth Segment
17665.0,1,563.1,493,2,Inactive
17666.0,5,2047.8,4,1,Revenue Drivers
17667.0,9,3950.7,66,1,Revenue Drivers
17668.0,2,347.75,1,3,Growth Segment
17669.0,10,6142.35,43,1,Revenue Drivers
17670.0,1,205.7,228,2,Inactive
17671.0,5,2009.16,16,1,Revenue Drivers
17672.0,7,5778.63,50,1,Revenue Drivers
17673.0,13,4173.88,2,1,Revenue Drivers
17674.0,2,551.04,74,3,Growth Segment
17675.0,70,37642.48,1,1,Revenue Drivers
17676.0,10,2448.64,4,1,Revenue Drivers
17677.0,54,35058.46,2,1,Revenue Drivers
17678.0,2,599.76,264,0,Retention Risk Customers
17679.0,7,3577.61,53,1,Revenue Drivers
17680.0,3,497.45,24,3,Growth Segment
17681.0,5,731.2,597,0,Retention Risk Customers
17682.0,11,4065.28,10,1,Revenue Drivers
17683.0,3,819.01,386,0,Retention Risk Customers
17684.0,1,239.41,44,2,Inactive
17685.0,12,5454.95,17,1,Revenue Drivers
17686.0,9,8296.81,7,1,Revenue Drivers
17687.0,1,432.68,421,2,Inactive
17688.0,1,304.2,394,2,Inactive
17689.0,2,317.08,388,2,Inactive
17690.0,20,6963.8,30,1,Revenue Drivers
17691.0,4,637.55,358,0,Retention Risk Customers
17692.0,12,2975.8,127,1,Revenue Drivers
17693.0,1,200.47,137,2,Inactive
17694.0,3,1695.97,142,0,Retention Risk Customers
17695.0,5,1746.04,132,0,Retention Risk Customers
17696.0,27,7679.59,38,1,Revenue Drivers
17697.0,1,338.95,236,2,Inactive
17698.0,1,154.95,261,2,Inactive
17699.0,2,442.0,477,2,Inactive
17700.0,14,6679.97,17,1,Revenue Drivers
17701.0,1,417.95,253,2,Inactive
17702.0,6,3144.04,30,1,Revenue Drivers
17703.0,4,1094.84,35,3,Growth Segment
17704.0,2,885.19,169,0,Retention Risk Customers
17705.0,11,2083.9,3,1,Revenue Drivers
17706.0,31,20272.15,4,1,Revenue Drivers
17707.0,8,609.3,185,0,Retention Risk Customers
17708.0,4,884.1800000000001,188,0,Retention Risk Customers
17709.0,5,671.01,170,0,Retention Risk Customers
17710.0,1,293.5,424,2,Inactive
17711.0,2,385.1,11,3,Growth Segment
17712.0,1,522.91,45,3,Growth Segment
17713.0,4,1198.09,382,0,Retention Risk Customers
17714.0,5,1410.18,321,0,Retention Risk Customers
17715.0,2,489.6,201,0,Retention Risk Customers
17716.0,24,15956.97,23,1,Revenue Drivers
17717.0,1,376.92,421,2,Inactive
17718.0,2,439.18,232,0,Retention Risk Customers
17719.0,15,5396.04,38,1,Revenue Drivers
17720.0,10,2666.91,26,1,Revenue Drivers
17721.0,1,307.21000000000004,659,2,Inactive
17722.0,5,3520.2200000000003,96,1,Revenue Drivers
17723.0,7,3378.4000000000005,127,1,Revenue Drivers
17724.0,3,1033.0,71,3,Growth Segment
17725.0,11,3439.08,16,1,Revenue Drivers
17726.0,7,1092.06,395,0,Retention Risk Customers
17727.0,1,1060.25,15,3,Growth Segment
17728.0,5,4238.76,4,1,Revenue Drivers
17729.0,1,438.65,596,2,Inactive
17730.0,20,7773.8,3,1,Revenue Drivers
17731.0,6,1708.99,79,0,Retention Risk Customers
17732.0,8,2166.42,373,0,Retention Risk Customers
17733.0,2,692.19,39,3,Growth Segment
17734.0,6,1442.32,54,3,Growth Segment
17735.0,26,16790.33,2,1,Revenue Drivers
17736.0,3,377.44,9,3,Growth Segment
17737.0,2,168.24,9,3,Growth Segment
17738.0,13,4183.56,19,1,Revenue Drivers
17739.0,18,7730.59,12,1,Revenue Drivers
17740.0,6,426.9,389,0,Retention Risk Customers
17741.0,2,101.1,407,2,Inactive
17742.0,11,2098.48,113,1,Revenue Drivers
17743.0,1,229.2,448,2,Inactive
17744.0,7,2649.14,4,1,Revenue Drivers
17745.0,2,600.34,478,0,Retention Risk Customers
17746.0,4,904.18,240,0,Retention Risk Customers
17747.0,1,71.4,113,2,Inactive
17748.0,1,358.15,527,2,Inactive
17749.0,3,1026.18,178,0,Retention Risk Customers
17750.0,9,1710.45,5,1,Revenue Drivers
17751.0,1,157.86,421,2,Inactive
17752.0,1,80.64,359,2,Inactive
17753.0,4,382.06,464,0,Retention Risk Customers
17754.0,13,4451.22,1,1,Revenue Drivers
17756.0,3,728.75,376,0,Retention Risk Customers
17757.0,56,9074.05,1,1,Revenue Drivers
17758.0,12,4964.03,19,1,Revenue Drivers
17759.0,5,1261.88,17,3,Growth Segment
17760.0,6,746.39,22,3,Growth Segment
17761.0,1,712.78,33,3,Growth Segment
17762.0,1,129.75,456,2,Inactive
17763.0,4,86.15,263,2,Inactive
17764.0,5,1513.57,51,3,Growth Segment
17765.0,4,524.0,159,0,Retention Risk Customers
17766.0,2,299.61,381,2,Inactive
17767.0,2,413.05,15,3,Growth Segment
17768.0,7,3292.73,8,1,Revenue Drivers
17769.0,17,7053.38,13,1,Revenue Drivers
17770.0,5,1143.27,199,0,Retention Risk Customers
17771.0,4,387.41,57,3,Growth Segment
17772.0,3,360.75,11,3,Growth Segment
17773.0,2,575.37,514,0,Retention Risk Customers
17774.0,9,3273.83,97,1,Revenue Drivers
17775.0,1,56.4,255,2,Inactive
17776.0,2,330.56,387,2,Inactive
17777.0,3,647.56,25,3,Growth Segment
17778.0,1,197.7,662,2,Inactive
17779.0,3,650.32,21,3,Growth Segment
17780.0,3,346.56,667,2,Inactive
17781.0,2,188.02,159,2,Inactive
17782.0,2,679.02,383,0,Retention Risk Customers
17783.0,3,376.96,72,3,Growth Segment
17784.0,1,112.86,550,2,Inactive
17785.0,3,403.38,53,3,Growth Segment
17786.0,2,266.85,85,3,Growth Segment
17787.0,4,1817.54,153,0,Retention Risk Customers
17788.0,2,1117.9,74,3,Growth Segment
17789.0,2,397.15,281,2,Inactive
17790.0,20,2779.41,27,1,Revenue Drivers
17791.0,1,106.1,30,2,Inactive
17792.0,2,368.35,467,2,Inactive
17793.0,1,300.34,25,3,Growth Segment
17794.0,2,147.3,687,2,Inactive
17795.0,2,342.83,180,2,Inactive
17796.0,7,1236.39,40,3,Growth Segment
17797.0,8,1971.87,22,1,Revenue Drivers
17798.0,1,178.07,582,2,Inactive
17799.0,20,6246.93,22,1,Revenue Drivers
17800.0,9,1187.21,37,3,Growth Segment
17801.0,3,770.03,451,0,Retention Risk Customers
17802.0,10,4946.22,82,1,Revenue Drivers
17803.0,1,184.66,392,2,Inactive
17804.0,3,383.78,376,0,Retention Risk Customers
17805.0,2,927.03,74,3,Growth Segment
17806.0,1,546.04,11,3,Growth Segment
17807.0,3,437.87,395,0,Retention Risk Customers
17808.0,4,262.64,549,2,Inactive
17809.0,20,10085.89,16,1,Revenue Drivers
17810.0,2,373.16,669,2,Inactive
17811.0,47,9519.8,4,1,Revenue Drivers
17812.0,7,911.99,13,3,Growth Segment
17813.0,5,1698.07,14,3,Growth Segment
17814.0,2,1609.37,375,0,Retention Risk Customers
17815.0,1,591.96,393,2,Inactive
17816.0,6,96.11,37,3,Growth Segment
17817.0,6,788.15,4,3,Growth Segment
17818.0,1,124.78,738,2,Inactive
17819.0,12,6021.05,72,1,Revenue Drivers
17820.0,1,180.61,374,2,Inactive
17821.0,1,334.62,406,2,Inactive
17822.0,5,2162.93,420,0,Retention Risk Customers
17823.0,2,449.25,421,2,Inactive
17824.0,1,298.4,51,3,Growth Segment
17825.0,4,701.96,599,0,Retention Risk Customers
17826.0,1,133.34,374,2,Inactive
17827.0,6,2376.17,5,1,Revenue Drivers
17828.0,4,1820.09,23,3,Growth Segment
17829.0,5,4756.74,299,0,Retention Risk Customers
17830.0,3,398.7,2,3,Growth Segment
17831.0,1,35.400000000000006,33,2,Inactive
17832.0,1,155.37,50,2,Inactive
17833.0,1,338.46000000000004,723,2,Inactive
17834.0,2,689.6700000000001,415,0,Retention Risk Customers
17835.0,3,342.24,3,3,Growth Segment
17836.0,1,110.21,47,2,Inactive
17837.0,8,1541.23,42,1,Revenue Drivers
17838.0,13,5604.64,27,1,Revenue Drivers
17839.0,1,318.15,42,3,Growth Segment
17840.0,1,175.9,444,2,Inactive
17841.0,211,68545.25,2,1,Revenue Drivers
17842.0,1,430.69,602,2,Inactive
17843.0,2,320.4,303,2,Inactive
17844.0,1,51.559999999999995,107,2,Inactive
17845.0,4,596.09,555,0,Retention Risk Customers
17846.0,1,2033.1,85,3,Growth Segment
17847.0,2,129.69,516,2,Inactive
17848.0,30,3559.11,81,1,Revenue Drivers
17849.0,8,1063.76,218,0,Retention Risk Customers
17850.0,155,51208.87,372,1,Revenue Drivers
17851.0,6,1552.35,422,0,Retention Risk Customers
17852.0,5,657.8100000000001,12,3,Growth Segment
17853.0,3,1596.29,407,0,Retention Risk Customers
17854.0,6,1068.5,185,0,Retention Risk Customers
17855.0,1,208.97,373,2,Inactive
17856.0,4,1418.03,2,3,Growth Segment
17857.0,24,27347.04,4,1,Revenue Drivers
17858.0,30,12518.65,6,1,Revenue Drivers
17859.0,1,141.92,305,2,Inactive
17860.0,4,717.39,369,0,Retention Risk Customers
17861.0,18,5088.29,3,1,Revenue Drivers
17862.0,4,1254.89,324,0,Retention Risk Customers
17863.0,12,5360.48,59,1,Revenue Drivers
17864.0,5,876.57,13,3,Growth Segment
17865.0,46,26312.19,31,1,Revenue Drivers
17866.0,3,1134.95,143,0,Retention Risk Customers
17867.0,15,1582.0500000000002,30,1,Revenue Drivers
17868.0,1,227.15,386,2,Inactive
17869.0,7,813.64,107,0,Retention Risk Customers
17870.0,13,2753.29,2,1,Revenue Drivers
17871.0,5,1068.95,205,0,Retention Risk Customers
17872.0,1,235.87,382,2,Inactive
17873.0,18,6265.33,80,1,Revenue Drivers
17874.0,6,683.46,185,0,Retention Risk Customers
17875.0,1,167.1,688,2,Inactive
17876.0,3,3424.02,400,0,Retention Risk Customers
17877.0,1,237.61,170,2,Inactive
17878.0,3,1378.93,44,3,Growth Segment
17879.0,1,178.52,174,2,Inactive
17880.0,3,824.9200000000001,365,0,Retention Risk Customers
17881.0,1,133.35,304,2,Inactive
17882.0,2,291.56,379,2,Inactive
17883.0,7,988.42,3,3,Growth Segment
17884.0,20,2698.47,4,1,Revenue Drivers
17885.0,1,156.34,12,3,Growth Segment
17886.0,6,1572.55,32,3,Growth Segment
17887.0,1,111.35,129,2,Inactive
17888.0,25,1807.44,21,1,Revenue Drivers
17889.0,7,746.42,212,0,Retention Risk Customers
17890.0,2,586.89,323,0,Retention Risk Customers
17891.0,1,203.86,162,2,Inactive
17892.0,3,244.1,56,3,Growth Segment
17893.0,1,107.21,225,2,Inactive
17894.0,18,2304.58,72,1,Revenue Drivers
17895.0,1,95.45,44,2,Inactive
17896.0,1,256.32,23,3,Growth Segment
17897.0,9,2099.89,173,0,Retention Risk Customers
17898.0,4,299.18,85,3,Growth Segment
17899.0,1,154.55,159,2,Inactive
17900.0,2,112.2,190,2,Inactive
17901.0,3,260.08,29,3,Growth Segment
17902.0,1,216.4,547,2,Inactive
17903.0,1,381.09,394,2,Inactive
17904.0,1,181.07,21,3,Growth Segment
17905.0,13,2178.87,71,1,Revenue Drivers
17906.0,1,72.9,247,2,Inactive
17907.0,1,291.76,641,2,Inactive
17908.0,5,1142.47,374,0,Retention Risk Customers
17909.0,1,110.05,737,2,Inactive
17910.0,1,261.7,726,2,Inactive
17911.0,1,366.23,9,3,Growth Segment
17912.0,6,374.55,310,0,Retention Risk Customers
17913.0,14,3429.29,59,1,Revenue Drivers
17914.0,1,329.36,4,3,Growth Segment
17915.0,1,225.78,551,2,Inactive
17916.0,2,43.87,629,2,Inactive
17917.0,3,335.03,45,3,Growth Segment
17918.0,3,396.39,501,0,Retention Risk Customers
17919.0,2,1840.32,88,0,Retention Risk Customers
17920.0,54,23581.78,4,1,Revenue Drivers
17921.0,10,2394.36,64,1,Revenue Drivers
17922.0,1,170.4,543,2,Inactive
17923.0,3,497.0,282,0,Retention Risk Customers
17924.0,8,3257.7000000000003,12,1,Revenue Drivers
17925.0,1,244.08,373,2,Inactive
17926.0,5,1035.49,133,0,Retention Risk Customers
17927.0,1,294.0,722,2,Inactive
17928.0,3,341.24,45,3,Growth Segment
17929.0,12,3082.1,11,1,Revenue Drivers
17930.0,13,4275.22,36,1,Revenue Drivers
17931.0,14,3402.24,134,1,Revenue Drivers
17932.0,3,1331.57,29,3,Growth Segment
17933.0,1,114.69,632,2,Inactive
17934.0,3,1049.15,52,3,Growth Segment
17935.0,7,686.14,138,0,Retention Risk Customers
17936.0,1,380.13,5,3,Growth Segment
17937.0,7,4301.22,9,1,Revenue Drivers
17938.0,1,144.29,420,2,Inactive
17939.0,1,99.14,160,2,Inactive
17940.0,16,30306.79,49,1,Revenue Drivers
17941.0,4,1433.28,131,0,Retention Risk Customers
17942.0,1,77.50000000000001,8,2,Inactive
17944.0,1,74.99,423,2,Inactive
17945.0,3,360.35,697,2,Inactive
17946.0,2,149.57999999999998,233,2,Inactive
17947.0,1,176.68,37,2,Inactive
17948.0,1,358.56000000000006,147,2,Inactive
17949.0,118,117314.08,1,1,Revenue Drivers
17950.0,7,1166.29,72,3,Growth Segment
17951.0,4,1340.5800000000002,40,3,Growth Segment
17952.0,4,788.46,378,0,Retention Risk Customers
17953.0,1,159.17000000000002,540,2,Inactive
17954.0,19,3804.38,5,1,Revenue Drivers
17955.0,6,949.9,199,0,Retention Risk Customers
17956.0,1,12.75,249,2,Inactive
17957.0,1,111.68,66,2,Inactive
17958.0,2,973.88,117,0,Retention Risk Customers
17959.0,1,140.75,592,2,Inactive
17960.0,3,135.08,171,2,Inactive
17961.0,100,2866.74,21,1,Revenue Drivers
17962.0,4,666.96,142,0,Retention Risk Customers
17963.0,4,643.16,471,0,Retention Risk Customers
17964.0,2,463.21,32,3,Growth Segment
17965.0,29,7006.65,38,1,Revenue Drivers
17966.0,10,1963.92,38,1,Revenue Drivers
17967.0,2,223.42,372,2,Inactive
17968.0,4,590.44,374,0,Retention Risk Customers
17969.0,20,2354.29,166,1,Revenue Drivers
17970.0,1,562.79,211,2,Inactive
17971.0,1,161.94,548,2,Inactive
17972.0,1,135.19,242,2,Inactive
17973.0,1,337.04,52,3,Growth Segment
17974.0,6,1739.09,25,1,Revenue Drivers
17975.0,24,6696.33,15,1,Revenue Drivers
17976.0,1,321.79,372,2,Inactive
17977.0,2,1511.45,29,3,Growth Segment
17978.0,4,1159.99,365,0,Retention Risk Customers
17979.0,4,732.41,36,3,Growth Segment
17980.0,4,1012.72,166,0,Retention Risk Customers
17981.0,1,239.12,411,2,Inactive
17982.0,1,138.18,681,2,Inactive
17983.0,1,171.71,395,2,Inactive
17984.0,5,1152.19,145,0,Retention Risk Customers
17985.0,1,631.35,22,3,Growth Segment
17986.0,1,20.8,56,2,Inactive
17987.0,5,965.44,185,0,Retention Risk Customers
17988.0,14,489.54,12,3,Growth Segment
17989.0,1,207.33,379,2,Inactive
17990.0,6,1527.61,237,0,Retention Risk Customers
17991.0,3,300.3,225,2,Inactive
17992.0,1,252.88,389,2,Inactive
17993.0,1,225.99,617,2,Inactive
17994.0,11,2270.0299999999997,122,1,Revenue Drivers
17995.0,3,495.48,282,0,Retention Risk Customers
17996.0,3,482.33,380,0,Retention Risk Customers
17997.0,8,1962.46,74,1,Revenue Drivers
17998.0,3,639.24,380,0,Retention Risk Customers
17999.0,3,528.46,37,3,Growth Segment
18000.0,1,124.25,564,2,Inactive
18001.0,6,924.14,12,3,Growth Segment
18002.0,4,244.37,376,2,Inactive
18003.0,1,353.51,376,2,Inactive
18004.0,1,157.92,362,2,Inactive
18005.0,2,226.47,4,3,Growth Segment
18006.0,4,969.51,23,3,Growth Segment
18007.0,1,215.22,393,2,Inactive
18008.0,23,19759.08,70,1,Revenue Drivers
18009.0,8,2144.23,235,0,Retention Risk Customers
18010.0,1,174.8,257,2,Inactive
18011.0,2,410.79,373,2,Inactive
18012.0,1,115.3,723,2,Inactive
18013.0,2,187.29,155,2,Inactive
18014.0,1,162.22,28,2,Inactive
18015.0,1,120.03,4,3,Growth Segment
18016.0,7,1954.56,32,1,Revenue Drivers
18017.0,4,688.0,81,3,Growth Segment
18018.0,4,297.99,108,3,Growth Segment
18019.0,1,38.45,52,2,Inactive
18020.0,1,190.48,544,2,Inactive
18021.0,2,216.41,510,2,Inactive
18022.0,5,1507.25,36,3,Growth Segment
18024.0,2,389.78,153,2,Inactive
18025.0,6,1177.72,380,0,Retention Risk Customers
18026.0,2,2074.07,501,0,Retention Risk Customers
18027.0,1,115.31,99,2,Inactive
18028.0,1,192.05,583,2,Inactive
18029.0,1,433.77,642,2,Inactive
18030.0,2,230.65,4,3,Growth Segment
18031.0,1,451.3,379,2,Inactive
18032.0,1,73.5,334,2,Inactive
18033.0,1,93.82,65,2,Inactive
18034.0,3,754.2,22,3,Growth Segment
18035.0,5,1260.23,36,3,Growth Segment
18036.0,11,1545.49,32,1,Revenue Drivers
18037.0,15,167.42,154,3,Growth Segment
18038.0,1,141.48,556,2,Inactive
18039.0,4,548.22,374,0,Retention Risk Customers
18040.0,2,357.20000000000005,19,3,Growth Segment
18041.0,38,8018.77,12,1,Revenue Drivers
18042.0,2,281.15,54,3,Growth Segment
18043.0,3,529.29,25,3,Growth Segment
18044.0,18,3505.61,4,1,Revenue Drivers
18045.0,1,178.34,45,2,Inactive
18046.0,1,189.63,650,2,Inactive
18047.0,2,326.09,381,2,Inactive
18048.0,3,394.93,203,0,Retention Risk Customers
18049.0,2,500.92,437,0,Retention Risk Customers
18050.0,2,412.06,359,2,Inactive
18051.0,7,2282.28,634,0,Retention Risk Customers
18052.0,1,10877.18,565,0,Retention Risk Customers
18053.0,3,571.07,71,3,Growth Segment
18054.0,1,176.5,393,2,Inactive
18055.0,14,10142.64,7,1,Revenue Drivers
18056.0,2,554.6,288,0,Retention Risk Customers
18057.0,3,1188.46,393,0,Retention Risk Customers
18058.0,3,774.06,10,3,Growth Segment
18059.0,3,306.46,23,3,Growth Segment
18060.0,2,1185.46,408,0,Retention Risk Customers
18061.0,28,6083.81,22,1,Revenue Drivers
18062.0,6,1632.67,173,0,Retention Risk Customers
18063.0,2,186.6,391,2,Inactive
18064.0,11,4481.83,133,1,Revenue Drivers
18065.0,29,5866.63,6,1,Revenue Drivers
18066.0,3,1440.4,75,3,Growth Segment
18067.0,1,396.33,40,3,Growth Segment
18068.0,1,101.7,289,2,Inactive
18069.0,11,4464.92,26,1,Revenue Drivers
18070.0,1,314.1,669,2,Inactive
18071.0,6,1169.68,258,0,Retention Risk Customers
18072.0,1,247.44,186,2,Inactive
18073.0,12,3859.82,114,1,Revenue Drivers
18074.0,2,1019.44,374,0,Retention Risk Customers
18075.0,20,5783.29,23,1,Revenue Drivers
18076.0,1,151.49,380,2,Inactive
18077.0,18,4078.79,8,1,Revenue Drivers
18078.0,4,725.53,217,0,Retention Risk Customers
18079.0,5,4203.93,45,1,Revenue Drivers
18080.0,2,1231.5,19,3,Growth Segment
18081.0,3,343.45,36,3,Growth Segment
18082.0,1,680.84,26,3,Growth Segment
18083.0,1,463.53,398,2,Inactive
18084.0,3,795.2299999999999,16,3,Growth Segment
18085.0,4,1341.85,330,0,Retention Risk Customers
18086.0,1,101.34,274,2,Inactive
18087.0,17,14761.52,98,1,Revenue Drivers
18088.0,1,166.03,61,2,Inactive
18089.0,1,428.45,447,2,Inactive
18090.0,1,321.9,422,2,Inactive
18091.0,1,360.85,593,2,Inactive
18092.0,18,14693.72,2,1,Revenue Drivers
18093.0,8,4452.71,93,1,Revenue Drivers
18094.0,13,6391.52,82,1,Revenue Drivers
18095.0,5,2303.09,313,0,Retention Risk Customers
18096.0,6,1657.87,12,1,Revenue Drivers
18097.0,11,4627.92,8,1,Revenue Drivers
18098.0,1,527.94,396,2,Inactive
18099.0,1,168.31,127,2,Inactive
18100.0,1,451.56,550,2,Inactive
18101.0,5,622.01,11,3,Growth Segment
18102.0,145,580987.04,1,1,Revenue Drivers
18103.0,1,105.8,549,2,Inactive
18104.0,1,754.64,37,3,Growth Segment
18105.0,1,113.48000000000002,38,2,Inactive
18106.0,6,1441.06,330,0,Retention Risk Customers
18107.0,1,165.88,442,2,Inactive
18108.0,3,848.8100000000001,254,0,Retention Risk Customers
18109.0,38,9555.71,2,1,Revenue Drivers
18110.0,2,392.28,20,3,Growth Segment
18111.0,1,405.85,589,2,Inactive
18112.0,4,773.36,12,3,Growth Segment
18113.0,1,76.32000000000001,369,2,Inactive
18114.0,1,220.1,290,2,Inactive
18115.0,1,9.7,698,2,Inactive
18116.0,13,2134.49,68,1,Revenue Drivers
18117.0,1,315.65,26,3,Growth Segment
18118.0,29,6221.02,11,1,Revenue Drivers
18119.0,1,180.7,368,2,Inactive
18120.0,1,111.15,214,2,Inactive
18121.0,2,653.3,149,0,Retention Risk Customers
18122.0,6,1793.06,8,1,Revenue Drivers
18123.0,3,666.64,24,3,Growth Segment
18124.0,1,102.65,472,2,Inactive
18125.0,4,1131.75,30,3,Growth Segment
18126.0,1,200.92,61,2,Inactive
18127.0,4,556.13,19,3,Growth Segment
18128.0,1,399.29,537,2,Inactive
18129.0,1,112.55,243,2,Inactive
18130.0,3,1059.39,15,3,Growth Segment
18131.0,1,222.96,632,2,Inactive
18132.0,1,220.13,504,2,Inactive
18133.0,1,931.5,212,0,Retention Risk Customers
18134.0,2,445.0,598,2,Inactive
18135.0,10,1249.62,29,1,Revenue Drivers
18136.0,5,1631.36,63,3,Growth Segment
18137.0,2,145.99,551,2,Inactive
18138.0,1,152.65,295,2,Inactive
18139.0,6,8438.34,18,1,Revenue Drivers
18140.0,1,536.41,474,2,Inactive
18141.0,2,882.47,402,0,Retention Risk Customers
18142.0,2,1019.52,157,0,Retention Risk Customers
18143.0,2,1000.16,117,0,Retention Risk Customers
18144.0,19,4892.95,8,1,Revenue Drivers
18145.0,11,5609.74,13,1,Revenue Drivers
18146.0,2,160.35,141,2,Inactive
18147.0,2,179.34,46,3,Growth Segment
18148.0,1,112.85,647,2,Inactive
18149.0,7,1553.96,51,1,Revenue Drivers
18150.0,3,566.58,32,3,Growth Segment
18151.0,6,1879.44,135,0,Retention Risk Customers
18152.0,1,426.69,646,2,Inactive
18153.0,1,246.22,659,2,Inactive
18154.0,5,932.6,3,3,Growth Segment
18155.0,3,371.62,75,3,Growth Segment
18156.0,2,675.64,13,3,Growth Segment
18157.0,1,213.9,571,2,Inactive
18158.0,2,453.4,9,3,Growth Segment
18159.0,1,530.15,301,2,Inactive
18160.0,3,1003.88,57,3,Growth Segment
18161.0,6,1803.1,15,1,Revenue Drivers
18162.0,1,371.51,732,2,Inactive
18163.0,1,728.84,584,0,Retention Risk Customers
18164.0,1,399.65,37,3,Growth Segment
18165.0,1,302.46,177,2,Inactive
18166.0,1,175.5,624,2,Inactive
18167.0,3,1384.86,23,3,Growth Segment
18168.0,16,3435.5,176,1,Revenue Drivers
18169.0,1,202.65,61,2,Inactive
18170.0,9,2878.0,33,1,Revenue Drivers
18171.0,9,2437.31,59,1,Revenue Drivers
18172.0,52,17467.24,15,1,Revenue Drivers
18173.0,5,2696.36,87,1,Revenue Drivers
18174.0,2,162.5,7,3,Growth Segment
18175.0,1,176.1,676,2,Inactive
18176.0,1,476.35,358,2,Inactive
18177.0,9,2216.32,31,1,Revenue Drivers
18178.0,11,6103.74,129,1,Revenue Drivers
18179.0,8,2547.55,9,1,Revenue Drivers
18180.0,6,1843.75,5,1,Revenue Drivers
18181.0,5,1188.34,24,3,Growth Segment
18182.0,1,291.13,463,2,Inactive
18183.0,2,632.07,227,0,Retention Risk Customers
18184.0,1,49.8,15,2,Inactive
18185.0,1,304.25,249,2,Inactive
18186.0,1,329.58000000000004,723,2,Inactive
18187.0,1,724.89,632,0,Retention Risk Customers
18188.0,6,3280.59,15,1,Revenue Drivers
18189.0,3,1403.73,78,3,Growth Segment
18190.0,5,745.62,192,0,Retention Risk Customers
18191.0,2,529.4,262,0,Retention Risk Customers
18192.0,1,957.97,72,3,Growth Segment
18193.0,3,1207.35,165,0,Retention Risk Customers
18194.0,6,4162.04,82,1,Revenue Drivers
18195.0,1,101.16,387,2,Inactive
18196.0,4,1457.19,95,0,Retention Risk Customers
18197.0,1,230.1,576,2,Inactive
18198.0,17,5425.56,4,1,Revenue Drivers
18199.0,1,344.75,684,2,Inactive
18200.0,1,150.35,106,2,Inactive
18201.0,1,447.53,723,2,Inactive
18202.0,3,1396.99,200,0,Retention Risk Customers
18203.0,4,492.52,157,0,Retention Risk Customers
18204.0,3,1975.35,71,3,Growth Segment
18205.0,2,517.36,36,3,Growth Segment
18206.0,1,314.65999999999997,553,2,Inactive
18207.0,1,544.47,499,2,Inactive
18208.0,1,360.08,566,2,Inactive
18209.0,1,139.10000000000002,29,2,Inactive
18210.0,7,2768.83,2,1,Revenue Drivers
18211.0,5,600.07,26,3,Growth Segment
18212.0,2,514.37,326,0,Retention Risk Customers
18213.0,1,232.48,237,2,Inactive
18214.0,4,1780.34,531,0,Retention Risk Customers
18215.0,5,2232.49,89,0,Retention Risk Customers
18216.0,1,481.75,31,3,Growth Segment
18217.0,4,945.04,29,3,Growth Segment
18218.0,4,1121.84,211,0,Retention Risk Customers
18219.0,17,3352.7000000000003,3,1,Revenue Drivers
18220.0,6,1921.76,227,0,Retention Risk Customers
18221.0,6,1424.94,22,3,Growth Segment
18222.0,1,443.0,93,3,Growth Segment
18223.0,26,14000.85,5,1,Revenue Drivers
18224.0,1,158.95000000000002,264,2,Inactive
18225.0,26,13014.8,3,1,Revenue Drivers
18226.0,26,11878.88,44,1,Revenue Drivers
18227.0,2,388.75,218,2,Inactive
18228.0,2,779.9,57,3,Growth Segment
18229.0,28,10150.51,12,1,Revenue Drivers
18230.0,9,4291.06,9,1,Revenue Drivers
18231.0,28,6854.17,192,1,Revenue Drivers
18232.0,4,592.97,82,3,Growth Segment
18233.0,1,440.0,326,2,Inactive
18234.0,1,179.6,552,2,Inactive
18235.0,3,1796.48,72,3,Growth Segment
18236.0,12,1795.35,30,1,Revenue Drivers
18237.0,5,987.1,3,3,Growth Segment
18238.0,1,270.92,515,2,Inactive
18239.0,6,1712.26,219,0,Retention Risk Customers
18240.0,1,422.58,46,3,Growth Segment
18241.0,21,2986.99,10,1,Revenue Drivers
18242.0,8,3605.21,72,1,Revenue Drivers
18243.0,1,515.78,414,2,Inactive
18244.0,2,568.64,431,0,Retention Risk Customers
18245.0,20,6324.9800000000005,7,1,Revenue Drivers
18246.0,3,758.8199999999999,24,3,Growth Segment
18247.0,3,839.73,415,0,Retention Risk Customers
18248.0,2,804.02,123,0,Retention Risk Customers
18249.0,1,95.34,17,2,Inactive
18250.0,1,349.27,310,2,Inactive
18251.0,9,26278.86,87,1,Revenue Drivers
18252.0,7,1533.69,51,1,Revenue Drivers
18253.0,1,317.88,643,2,Inactive
18254.0,1,267.9,581,2,Inactive
18255.0,2,303.15,89,3,Growth Segment
18256.0,1,110.7,388,2,Inactive
18257.0,12,4600.15,39,1,Revenue Drivers
18258.0,6,2059.67,464,0,Retention Risk Customers
18259.0,7,3941.9,25,1,Revenue Drivers
18260.0,23,9947.26,173,1,Revenue Drivers
18261.0,2,324.24,43,3,Growth Segment
18262.0,3,577.54,140,0,Retention Risk Customers
18263.0,3,1213.16,26,3,Growth Segment
18264.0,1,603.25,499,2,Inactive
18265.0,2,801.51,72,3,Growth Segment
18266.0,1,251.1,434,2,Inactive
18267.0,1,269.37,673,2,Inactive
18268.0,6,1490.23,134,0,Retention Risk Customers
18269.0,1,168.6,366,2,Inactive
18270.0,3,444.55,38,3,Growth Segment
18271.0,2,680.85,610,0,Retention Risk Customers
18272.0,9,4385.9800000000005,3,1,Revenue Drivers
18273.0,4,357.0,2,3,Growth Segment
18274.0,1,175.92,30,2,Inactive
18275.0,2,741.85,578,0,Retention Risk Customers
18276.0,6,1656.52,44,1,Revenue Drivers
18277.0,5,1180.05,58,3,Growth Segment
18278.0,2,414.2000000000001,74,3,Growth Segment
18279.0,1,231.34,519,2,Inactive
18280.0,2,488.15,278,0,Retention Risk Customers
18281.0,2,201.14,181,2,Inactive
18282.0,2,178.05,8,3,Growth Segment
18283.0,22,2664.9,4,1,Revenue Drivers
18284.0,1,461.68,432,2,Inactive
18285.0,1,427.0,661,2,Inactive
18286.0,2,1296.43,477,0,Retention Risk Customers
18287.0,7,4182.99,43,1,Revenue Drivers
